Spot_Name,District,Category,Year,Month,Season,Festival,Total_Visitors
Sri Gnana Saraswathi Temple,Nirmal,religious,2024,January,Winter,"Bhogi, Sankranti",19569
Sri Gnana Saraswathi Temple,Nirmal,religious,2024,February,Winter,Maha Shivaratri,16658
Sri Gnana Saraswathi Temple,Nirmal,religious,2024,March,Summer,Holi,10338
Sri Gnana Saraswathi Temple,Nirmal,religious,2024,April,Summer,"Ugadi, Sri Rama Navami",11196
Sri Gnana Saraswathi Temple,Nirmal,religious,2024,May,Summer,Buddha Purnima,8483
Sri Gnana Saraswathi Temple,Nirmal,religious,2024,June,Monsoon,None,6048
Sri Gnana Saraswathi Temple,Nirmal,religious,2024,July,Monsoon,Bonalu,6810
Sri Gnana Saraswathi Temple,Nirmal,religious,2024,August,Monsoon,"Independence Day, Krishna Janmashtami",7626
Sri Gnana Saraswathi Temple,Nirmal,religious,2024,September,Monsoon,Vinayaka Chavithi,7396
Sri Gnana Saraswathi Temple,Nirmal,religious,2024,October,Post-Monsoon,"Bathukamma, Dussehra",15904
Sri Gnana Saraswathi Temple,Nirmal,religious,2024,November,Winter,Diwali,17098
Sri Gnana Saraswathi Temple,Nirmal,religious,2024,December,Winter,Christmas,18520
Sri Gnana Saraswathi Temple,Nirmal,religious,2025,January,Winter,"Bhogi, Sankranti",20871
Sri Gnana Saraswathi Temple,Nirmal,religious,2025,February,Winter,Maha Shivaratri,16383
Sri Gnana Saraswathi Temple,Nirmal,religious,2025,March,Summer,Holi,9882
Sri Gnana Saraswathi Temple,Nirmal,religious,2025,April,Summer,"Ugadi, Sri Rama Navami",10920
Sri Gnana Saraswathi Temple,Nirmal,religious,2025,May,Summer,Buddha Purnima,8801
Sri Gnana Saraswathi Temple,Nirmal,religious,2025,June,Monsoon,None,6713
Sri Gnana Saraswathi Temple,Nirmal,religious,2025,July,Monsoon,Bonalu,6507
Sri Gnana Saraswathi Temple,Nirmal,religious,2025,August,Monsoon,"Independence Day, Krishna Janmashtami",7371
Sri Gnana Saraswathi Temple,Nirmal,religious,2025,September,Monsoon,Vinayaka Chavithi,8779
Sri Gnana Saraswathi Temple,Nirmal,religious,2025,October,Post-Monsoon,"Bathukamma, Dussehra",16534
Sri Gnana Saraswathi Temple,Nirmal,religious,2025,November,Winter,Diwali,18967
Sri Gnana Saraswathi Temple,Nirmal,religious,2025,December,Winter,Christmas,19020
Vyasa Maharshi Cave,Nirmal,religious,2024,January,Winter,"Bhogi, Sankranti",18575
Vyasa Maharshi Cave,Nirmal,religious,2024,February,Winter,Maha Shivaratri,16867
Vyasa Maharshi Cave,Nirmal,religious,2024,March,Summer,Holi,9438
Vyasa Maharshi Cave,Nirmal,religious,2024,April,Summer,"Ugadi, Sri Rama Navami",10599
Vyasa Maharshi Cave,Nirmal,religious,2024,May,Summer,Buddha Purnima,8326
Vyasa Maharshi Cave,Nirmal,religious,2024,June,Monsoon,None,6031
Vyasa Maharshi Cave,Nirmal,religious,2024,July,Monsoon,Bonalu,6121
Vyasa Maharshi Cave,Nirmal,religious,2024,August,Monsoon,"Independence Day, Krishna Janmashtami",8024
Vyasa Maharshi Cave,Nirmal,religious,2024,September,Monsoon,Vinayaka Chavithi,7568
Vyasa Maharshi Cave,Nirmal,religious,2024,October,Post-Monsoon,"Bathukamma, Dussehra",14665
Vyasa Maharshi Cave,Nirmal,religious,2024,November,Winter,Diwali,18223
Vyasa Maharshi Cave,Nirmal,religious,2024,December,Winter,Christmas,17804
Vyasa Maharshi Cave,Nirmal,religious,2025,January,Winter,"Bhogi, Sankranti",20837
Vyasa Maharshi Cave,Nirmal,religious,2025,February,Winter,Maha Shivaratri,16341
Vyasa Maharshi Cave,Nirmal,religious,2025,March,Summer,Holi,10097
Vyasa Maharshi Cave,Nirmal,religious,2025,April,Summer,"Ugadi, Sri Rama Navami",11347
Vyasa Maharshi Cave,Nirmal,religious,2025,May,Summer,Buddha Purnima,9612
Vyasa Maharshi Cave,Nirmal,religious,2025,June,Monsoon,None,6666
Vyasa Maharshi Cave,Nirmal,religious,2025,July,Monsoon,Bonalu,6777
Vyasa Maharshi Cave,Nirmal,religious,2025,August,Monsoon,"Independence Day, Krishna Janmashtami",7812
Vyasa Maharshi Cave,Nirmal,religious,2025,September,Monsoon,Vinayaka Chavithi,7575
Vyasa Maharshi Cave,Nirmal,religious,2025,October,Post-Monsoon,"Bathukamma, Dussehra",16120
Vyasa Maharshi Cave,Nirmal,religious,2025,November,Winter,Diwali,18468
Vyasa Maharshi Cave,Nirmal,religious,2025,December,Winter,Christmas,21561
Godavari River & Bathing Ghat,Nirmal,other,2024,January,Winter,"Bhogi, Sankranti",9711
Godavari River & Bathing Ghat,Nirmal,other,2024,February,Winter,Maha Shivaratri,7648
Godavari River & Bathing Ghat,Nirmal,other,2024,March,Summer,Holi,5088
Godavari River & Bathing Ghat,Nirmal,other,2024,April,Summer,"Ugadi, Sri Rama Navami",5102
Godavari River & Bathing Ghat,Nirmal,other,2024,May,Summer,Buddha Purnima,4146
Godavari River & Bathing Ghat,Nirmal,other,2024,June,Monsoon,None,3154
Godavari River & Bathing Ghat,Nirmal,other,2024,July,Monsoon,Bonalu,3318
Godavari River & Bathing Ghat,Nirmal,other,2024,August,Monsoon,"Independence Day, Krishna Janmashtami",3843
Godavari River & Bathing Ghat,Nirmal,other,2024,September,Monsoon,Vinayaka Chavithi,3628
Godavari River & Bathing Ghat,Nirmal,other,2024,October,Post-Monsoon,"Bathukamma, Dussehra",7622
Godavari River & Bathing Ghat,Nirmal,other,2024,November,Winter,Diwali,8897
Godavari River & Bathing Ghat,Nirmal,other,2024,December,Winter,Christmas,9943
Godavari River & Bathing Ghat,Nirmal,other,2025,January,Winter,"Bhogi, Sankranti",10064
Godavari River & Bathing Ghat,Nirmal,other,2025,February,Winter,Maha Shivaratri,8974
Godavari River & Bathing Ghat,Nirmal,other,2025,March,Summer,Holi,5108
Godavari River & Bathing Ghat,Nirmal,other,2025,April,Summer,"Ugadi, Sri Rama Navami",5282
Godavari River & Bathing Ghat,Nirmal,other,2025,May,Summer,Buddha Purnima,4823
Godavari River & Bathing Ghat,Nirmal,other,2025,June,Monsoon,None,3529
Godavari River & Bathing Ghat,Nirmal,other,2025,July,Monsoon,Bonalu,3396
Godavari River & Bathing Ghat,Nirmal,other,2025,August,Monsoon,"Independence Day, Krishna Janmashtami",4165
Godavari River & Bathing Ghat,Nirmal,other,2025,September,Monsoon,Vinayaka Chavithi,4164
Godavari River & Bathing Ghat,Nirmal,other,2025,October,Post-Monsoon,"Bathukamma, Dussehra",8091
Godavari River & Bathing Ghat,Nirmal,other,2025,November,Winter,Diwali,9623
Godavari River & Bathing Ghat,Nirmal,other,2025,December,Winter,Christmas,11027
Lord Shiva Temple,Nirmal,religious,2024,January,Winter,"Bhogi, Sankranti",19060
Lord Shiva Temple,Nirmal,religious,2024,February,Winter,Maha Shivaratri,18086
Lord Shiva Temple,Nirmal,religious,2024,March,Summer,Holi,8702
Lord Shiva Temple,Nirmal,religious,2024,April,Summer,"Ugadi, Sri Rama Navami",10832
Lord Shiva Temple,Nirmal,religious,2024,May,Summer,Buddha Purnima,8621
Lord Shiva Temple,Nirmal,religious,2024,June,Monsoon,None,6029
Lord Shiva Temple,Nirmal,religious,2024,July,Monsoon,Bonalu,6340
Lord Shiva Temple,Nirmal,religious,2024,August,Monsoon,"Independence Day, Krishna Janmashtami",6614
Lord Shiva Temple,Nirmal,religious,2024,September,Monsoon,Vinayaka Chavithi,7490
Lord Shiva Temple,Nirmal,religious,2024,October,Post-Monsoon,"Bathukamma, Dussehra",15760
Lord Shiva Temple,Nirmal,religious,2024,November,Winter,Diwali,18797
Lord Shiva Temple,Nirmal,religious,2024,December,Winter,Christmas,18470
Lord Shiva Temple,Nirmal,religious,2025,January,Winter,"Bhogi, Sankranti",19788
Lord Shiva Temple,Nirmal,religious,2025,February,Winter,Maha Shivaratri,17661
Lord Shiva Temple,Nirmal,religious,2025,March,Summer,Holi,11310
Lord Shiva Temple,Nirmal,religious,2025,April,Summer,"Ugadi, Sri Rama Navami",11421
Lord Shiva Temple,Nirmal,religious,2025,May,Summer,Buddha Purnima,9024
Lord Shiva Temple,Nirmal,religious,2025,June,Monsoon,None,6779
Lord Shiva Temple,Nirmal,religious,2025,July,Monsoon,Bonalu,6849
Lord Shiva Temple,Nirmal,religious,2025,August,Monsoon,"Independence Day, Krishna Janmashtami",8316
Lord Shiva Temple,Nirmal,religious,2025,September,Monsoon,Vinayaka Chavithi,7892
Lord Shiva Temple,Nirmal,religious,2025,October,Post-Monsoon,"Bathukamma, Dussehra",16448
Lord Shiva Temple,Nirmal,religious,2025,November,Winter,Diwali,18533
Lord Shiva Temple,Nirmal,religious,2025,December,Winter,Christmas,18980
Ashok Sagar / Jankampet Lake,Nizamabad,leisure,2024,January,Winter,"Bhogi, Sankranti",11348
Ashok Sagar / Jankampet Lake,Nizamabad,leisure,2024,February,Winter,Maha Shivaratri,9951
Ashok Sagar / Jankampet Lake,Nizamabad,leisure,2024,March,Summer,Holi,5866
Ashok Sagar / Jankampet Lake,Nizamabad,leisure,2024,April,Summer,"Ugadi, Sri Rama Navami",6021
Ashok Sagar / Jankampet Lake,Nizamabad,leisure,2024,May,Summer,Buddha Purnima,4671
Ashok Sagar / Jankampet Lake,Nizamabad,leisure,2024,June,Monsoon,None,3509
Ashok Sagar / Jankampet Lake,Nizamabad,leisure,2024,July,Monsoon,Bonalu,3633
Ashok Sagar / Jankampet Lake,Nizamabad,leisure,2024,August,Monsoon,"Independence Day, Krishna Janmashtami",4128
Ashok Sagar / Jankampet Lake,Nizamabad,leisure,2024,September,Monsoon,Vinayaka Chavithi,4399
Ashok Sagar / Jankampet Lake,Nizamabad,leisure,2024,October,Post-Monsoon,"Bathukamma, Dussehra",9251
Ashok Sagar / Jankampet Lake,Nizamabad,leisure,2024,November,Winter,Diwali,11217
Ashok Sagar / Jankampet Lake,Nizamabad,leisure,2024,December,Winter,Christmas,11201
Ashok Sagar / Jankampet Lake,Nizamabad,leisure,2025,January,Winter,"Bhogi, Sankranti",12232
Ashok Sagar / Jankampet Lake,Nizamabad,leisure,2025,February,Winter,Maha Shivaratri,10570
Ashok Sagar / Jankampet Lake,Nizamabad,leisure,2025,March,Summer,Holi,5726
Ashok Sagar / Jankampet Lake,Nizamabad,leisure,2025,April,Summer,"Ugadi, Sri Rama Navami",6572
Ashok Sagar / Jankampet Lake,Nizamabad,leisure,2025,May,Summer,Buddha Purnima,5445
Ashok Sagar / Jankampet Lake,Nizamabad,leisure,2025,June,Monsoon,None,4347
Ashok Sagar / Jankampet Lake,Nizamabad,leisure,2025,July,Monsoon,Bonalu,3953
Ashok Sagar / Jankampet Lake,Nizamabad,leisure,2025,August,Monsoon,"Independence Day, Krishna Janmashtami",4715
Ashok Sagar / Jankampet Lake,Nizamabad,leisure,2025,September,Monsoon,Vinayaka Chavithi,4782
Ashok Sagar / Jankampet Lake,Nizamabad,leisure,2025,October,Post-Monsoon,"Bathukamma, Dussehra",9221
Ashok Sagar / Jankampet Lake,Nizamabad,leisure,2025,November,Winter,Diwali,11703
Ashok Sagar / Jankampet Lake,Nizamabad,leisure,2025,December,Winter,Christmas,12444
Sri Laxmi Narshima Swamy Temple - Jankampet,Nizamabad,religious,2024,January,Winter,"Bhogi, Sankranti",19928
Sri Laxmi Narshima Swamy Temple - Jankampet,Nizamabad,religious,2024,February,Winter,Maha Shivaratri,16074
Sri Laxmi Narshima Swamy Temple - Jankampet,Nizamabad,religious,2024,March,Summer,Holi,10758
Sri Laxmi Narshima Swamy Temple - Jankampet,Nizamabad,religious,2024,April,Summer,"Ugadi, Sri Rama Navami",9713
Sri Laxmi Narshima Swamy Temple - Jankampet,Nizamabad,religious,2024,May,Summer,Buddha Purnima,8870
Sri Laxmi Narshima Swamy Temple - Jankampet,Nizamabad,religious,2024,June,Monsoon,None,6817
Sri Laxmi Narshima Swamy Temple - Jankampet,Nizamabad,religious,2024,July,Monsoon,Bonalu,6022
Sri Laxmi Narshima Swamy Temple - Jankampet,Nizamabad,religious,2024,August,Monsoon,"Independence Day, Krishna Janmashtami",7164
Sri Laxmi Narshima Swamy Temple - Jankampet,Nizamabad,religious,2024,September,Monsoon,Vinayaka Chavithi,7641
Sri Laxmi Narshima Swamy Temple - Jankampet,Nizamabad,religious,2024,October,Post-Monsoon,"Bathukamma, Dussehra",15153
Sri Laxmi Narshima Swamy Temple - Jankampet,Nizamabad,religious,2024,November,Winter,Diwali,16210
Sri Laxmi Narshima Swamy Temple - Jankampet,Nizamabad,religious,2024,December,Winter,Christmas,19101
Sri Laxmi Narshima Swamy Temple - Jankampet,Nizamabad,religious,2025,January,Winter,"Bhogi, Sankranti",19603
Sri Laxmi Narshima Swamy Temple - Jankampet,Nizamabad,religious,2025,February,Winter,Maha Shivaratri,18618
Sri Laxmi Narshima Swamy Temple - Jankampet,Nizamabad,religious,2025,March,Summer,Holi,10358
Sri Laxmi Narshima Swamy Temple - Jankampet,Nizamabad,religious,2025,April,Summer,"Ugadi, Sri Rama Navami",12155
Sri Laxmi Narshima Swamy Temple - Jankampet,Nizamabad,religious,2025,May,Summer,Buddha Purnima,8942
Sri Laxmi Narshima Swamy Temple - Jankampet,Nizamabad,religious,2025,June,Monsoon,None,6529
Sri Laxmi Narshima Swamy Temple - Jankampet,Nizamabad,religious,2025,July,Monsoon,Bonalu,7121
Sri Laxmi Narshima Swamy Temple - Jankampet,Nizamabad,religious,2025,August,Monsoon,"Independence Day, Krishna Janmashtami",7473
Sri Laxmi Narshima Swamy Temple - Jankampet,Nizamabad,religious,2025,September,Monsoon,Vinayaka Chavithi,8305
Sri Laxmi Narshima Swamy Temple - Jankampet,Nizamabad,religious,2025,October,Post-Monsoon,"Bathukamma, Dussehra",17885
Sri Laxmi Narshima Swamy Temple - Jankampet,Nizamabad,religious,2025,November,Winter,Diwali,17452
Sri Laxmi Narshima Swamy Temple - Jankampet,Nizamabad,religious,2025,December,Winter,Christmas,20749
Ali Sagar Dam,Nizamabad,leisure,2024,January,Winter,"Bhogi, Sankranti",11327
Ali Sagar Dam,Nizamabad,leisure,2024,February,Winter,Maha Shivaratri,10207
Ali Sagar Dam,Nizamabad,leisure,2024,March,Summer,Holi,5502
Ali Sagar Dam,Nizamabad,leisure,2024,April,Summer,"Ugadi, Sri Rama Navami",5691
Ali Sagar Dam,Nizamabad,leisure,2024,May,Summer,Buddha Purnima,5158
Ali Sagar Dam,Nizamabad,leisure,2024,June,Monsoon,None,3637
Ali Sagar Dam,Nizamabad,leisure,2024,July,Monsoon,Bonalu,3742
Ali Sagar Dam,Nizamabad,leisure,2024,August,Monsoon,"Independence Day, Krishna Janmashtami",4375
Ali Sagar Dam,Nizamabad,leisure,2024,September,Monsoon,Vinayaka Chavithi,4284
Ali Sagar Dam,Nizamabad,leisure,2024,October,Post-Monsoon,"Bathukamma, Dussehra",9173
Ali Sagar Dam,Nizamabad,leisure,2024,November,Winter,Diwali,10400
Ali Sagar Dam,Nizamabad,leisure,2024,December,Winter,Christmas,10708
Ali Sagar Dam,Nizamabad,leisure,2025,January,Winter,"Bhogi, Sankranti",13203
Ali Sagar Dam,Nizamabad,leisure,2025,February,Winter,Maha Shivaratri,10860
Ali Sagar Dam,Nizamabad,leisure,2025,March,Summer,Holi,5956
Ali Sagar Dam,Nizamabad,leisure,2025,April,Summer,"Ugadi, Sri Rama Navami",6796
Ali Sagar Dam,Nizamabad,leisure,2025,May,Summer,Buddha Purnima,5164
Ali Sagar Dam,Nizamabad,leisure,2025,June,Monsoon,None,4023
Ali Sagar Dam,Nizamabad,leisure,2025,July,Monsoon,Bonalu,4223
Ali Sagar Dam,Nizamabad,leisure,2025,August,Monsoon,"Independence Day, Krishna Janmashtami",4454
Ali Sagar Dam,Nizamabad,leisure,2025,September,Monsoon,Vinayaka Chavithi,5021
Ali Sagar Dam,Nizamabad,leisure,2025,October,Post-Monsoon,"Bathukamma, Dussehra",9995
Ali Sagar Dam,Nizamabad,leisure,2025,November,Winter,Diwali,11525
Ali Sagar Dam,Nizamabad,leisure,2025,December,Winter,Christmas,13130
Sri Sita Rama Temple,Bhadradri Kothagudem,religious,2024,January,Winter,"Bhogi, Sankranti",18564
Sri Sita Rama Temple,Bhadradri Kothagudem,religious,2024,February,Winter,Maha Shivaratri,15888
Sri Sita Rama Temple,Bhadradri Kothagudem,religious,2024,March,Summer,Holi,9418
Sri Sita Rama Temple,Bhadradri Kothagudem,religious,2024,April,Summer,"Ugadi, Sri Rama Navami",9823
Sri Sita Rama Temple,Bhadradri Kothagudem,religious,2024,May,Summer,Buddha Purnima,8416
Sri Sita Rama Temple,Bhadradri Kothagudem,religious,2024,June,Monsoon,None,6127
Sri Sita Rama Temple,Bhadradri Kothagudem,religious,2024,July,Monsoon,Bonalu,6298
Sri Sita Rama Temple,Bhadradri Kothagudem,religious,2024,August,Monsoon,"Independence Day, Krishna Janmashtami",7528
Sri Sita Rama Temple,Bhadradri Kothagudem,religious,2024,September,Monsoon,Vinayaka Chavithi,7460
Sri Sita Rama Temple,Bhadradri Kothagudem,religious,2024,October,Post-Monsoon,"Bathukamma, Dussehra",16348
Sri Sita Rama Temple,Bhadradri Kothagudem,religious,2024,November,Winter,Diwali,17001
Sri Sita Rama Temple,Bhadradri Kothagudem,religious,2024,December,Winter,Christmas,21203
Sri Sita Rama Temple,Bhadradri Kothagudem,religious,2025,January,Winter,"Bhogi, Sankranti",20933
Sri Sita Rama Temple,Bhadradri Kothagudem,religious,2025,February,Winter,Maha Shivaratri,17067
Sri Sita Rama Temple,Bhadradri Kothagudem,religious,2025,March,Summer,Holi,10075
Sri Sita Rama Temple,Bhadradri Kothagudem,religious,2025,April,Summer,"Ugadi, Sri Rama Navami",11327
Sri Sita Rama Temple,Bhadradri Kothagudem,religious,2025,May,Summer,Buddha Purnima,9023
Sri Sita Rama Temple,Bhadradri Kothagudem,religious,2025,June,Monsoon,None,6738
Sri Sita Rama Temple,Bhadradri Kothagudem,religious,2025,July,Monsoon,Bonalu,6868
Sri Sita Rama Temple,Bhadradri Kothagudem,religious,2025,August,Monsoon,"Independence Day, Krishna Janmashtami",7779
Sri Sita Rama Temple,Bhadradri Kothagudem,religious,2025,September,Monsoon,Vinayaka Chavithi,7710
Sri Sita Rama Temple,Bhadradri Kothagudem,religious,2025,October,Post-Monsoon,"Bathukamma, Dussehra",15213
Sri Sita Rama Temple,Bhadradri Kothagudem,religious,2025,November,Winter,Diwali,18191
Sri Sita Rama Temple,Bhadradri Kothagudem,religious,2025,December,Winter,Christmas,21021
Godavari Ghat,Bhadradri Kothagudem,other,2024,January,Winter,"Bhogi, Sankranti",9498
Godavari Ghat,Bhadradri Kothagudem,other,2024,February,Winter,Maha Shivaratri,7741
Godavari Ghat,Bhadradri Kothagudem,other,2024,March,Summer,Holi,4971
Godavari Ghat,Bhadradri Kothagudem,other,2024,April,Summer,"Ugadi, Sri Rama Navami",5219
Godavari Ghat,Bhadradri Kothagudem,other,2024,May,Summer,Buddha Purnima,4038
Godavari Ghat,Bhadradri Kothagudem,other,2024,June,Monsoon,None,3035
Godavari Ghat,Bhadradri Kothagudem,other,2024,July,Monsoon,Bonalu,3115
Godavari Ghat,Bhadradri Kothagudem,other,2024,August,Monsoon,"Independence Day, Krishna Janmashtami",3408
Godavari Ghat,Bhadradri Kothagudem,other,2024,September,Monsoon,Vinayaka Chavithi,3794
Godavari Ghat,Bhadradri Kothagudem,other,2024,October,Post-Monsoon,"Bathukamma, Dussehra",7834
Godavari Ghat,Bhadradri Kothagudem,other,2024,November,Winter,Diwali,9081
Godavari Ghat,Bhadradri Kothagudem,other,2024,December,Winter,Christmas,9824
Godavari Ghat,Bhadradri Kothagudem,other,2025,January,Winter,"Bhogi, Sankranti",9450
Godavari Ghat,Bhadradri Kothagudem,other,2025,February,Winter,Maha Shivaratri,8498
Godavari Ghat,Bhadradri Kothagudem,other,2025,March,Summer,Holi,5460
Godavari Ghat,Bhadradri Kothagudem,other,2025,April,Summer,"Ugadi, Sri Rama Navami",5672
Godavari Ghat,Bhadradri Kothagudem,other,2025,May,Summer,Buddha Purnima,4680
Godavari Ghat,Bhadradri Kothagudem,other,2025,June,Monsoon,None,3880
Godavari Ghat,Bhadradri Kothagudem,other,2025,July,Monsoon,Bonalu,3450
Godavari Ghat,Bhadradri Kothagudem,other,2025,August,Monsoon,"Independence Day, Krishna Janmashtami",4125
Godavari Ghat,Bhadradri Kothagudem,other,2025,September,Monsoon,Vinayaka Chavithi,4218
Godavari Ghat,Bhadradri Kothagudem,other,2025,October,Post-Monsoon,"Bathukamma, Dussehra",8498
Godavari Ghat,Bhadradri Kothagudem,other,2025,November,Winter,Diwali,9157
Godavari Ghat,Bhadradri Kothagudem,other,2025,December,Winter,Christmas,10461
Bogatha Waterfall,Mulugu,religious,2024,January,Winter,"Bhogi, Sankranti",18357
Bogatha Waterfall,Mulugu,religious,2024,February,Winter,Maha Shivaratri,16575
Bogatha Waterfall,Mulugu,religious,2024,March,Summer,Holi,9771
Bogatha Waterfall,Mulugu,religious,2024,April,Summer,"Ugadi, Sri Rama Navami",10447
Bogatha Waterfall,Mulugu,religious,2024,May,Summer,Buddha Purnima,9577
Bogatha Waterfall,Mulugu,religious,2024,June,Monsoon,None,5549
Bogatha Waterfall,Mulugu,religious,2024,July,Monsoon,Bonalu,6528
Bogatha Waterfall,Mulugu,religious,2024,August,Monsoon,"Independence Day, Krishna Janmashtami",6752
Bogatha Waterfall,Mulugu,religious,2024,September,Monsoon,Vinayaka Chavithi,7395
Bogatha Waterfall,Mulugu,religious,2024,October,Post-Monsoon,"Bathukamma, Dussehra",16327
Bogatha Waterfall,Mulugu,religious,2024,November,Winter,Diwali,17560
Bogatha Waterfall,Mulugu,religious,2024,December,Winter,Christmas,17940
Bogatha Waterfall,Mulugu,religious,2025,January,Winter,"Bhogi, Sankranti",19884
Bogatha Waterfall,Mulugu,religious,2025,February,Winter,Maha Shivaratri,18731
Bogatha Waterfall,Mulugu,religious,2025,March,Summer,Holi,10420
Bogatha Waterfall,Mulugu,religious,2025,April,Summer,"Ugadi, Sri Rama Navami",11358
Bogatha Waterfall,Mulugu,religious,2025,May,Summer,Buddha Purnima,9291
Bogatha Waterfall,Mulugu,religious,2025,June,Monsoon,None,6394
Bogatha Waterfall,Mulugu,religious,2025,July,Monsoon,Bonalu,7547
Bogatha Waterfall,Mulugu,religious,2025,August,Monsoon,"Independence Day, Krishna Janmashtami",8183
Bogatha Waterfall,Mulugu,religious,2025,September,Monsoon,Vinayaka Chavithi,7351
Bogatha Waterfall,Mulugu,religious,2025,October,Post-Monsoon,"Bathukamma, Dussehra",16878
Bogatha Waterfall,Mulugu,religious,2025,November,Winter,Diwali,18278
Bogatha Waterfall,Mulugu,religious,2025,December,Winter,Christmas,21352
Kinnerasani Dam,Bhadradri Kothagudem,nature,2024,January,Winter,"Bhogi, Sankranti",12033
Kinnerasani Dam,Bhadradri Kothagudem,nature,2024,February,Winter,Maha Shivaratri,10944
Kinnerasani Dam,Bhadradri Kothagudem,nature,2024,March,Summer,Holi,6737
Kinnerasani Dam,Bhadradri Kothagudem,nature,2024,April,Summer,"Ugadi, Sri Rama Navami",7123
Kinnerasani Dam,Bhadradri Kothagudem,nature,2024,May,Summer,Buddha Purnima,5294
Kinnerasani Dam,Bhadradri Kothagudem,nature,2024,June,Monsoon,None,3949
Kinnerasani Dam,Bhadradri Kothagudem,nature,2024,July,Monsoon,Bonalu,4043
Kinnerasani Dam,Bhadradri Kothagudem,nature,2024,August,Monsoon,"Independence Day, Krishna Janmashtami",4662
Kinnerasani Dam,Bhadradri Kothagudem,nature,2024,September,Monsoon,Vinayaka Chavithi,5408
Kinnerasani Dam,Bhadradri Kothagudem,nature,2024,October,Post-Monsoon,"Bathukamma, Dussehra",10366
Kinnerasani Dam,Bhadradri Kothagudem,nature,2024,November,Winter,Diwali,10762
Kinnerasani Dam,Bhadradri Kothagudem,nature,2024,December,Winter,Christmas,13014
Kinnerasani Dam,Bhadradri Kothagudem,nature,2025,January,Winter,"Bhogi, Sankranti",14968
Kinnerasani Dam,Bhadradri Kothagudem,nature,2025,February,Winter,Maha Shivaratri,12501
Kinnerasani Dam,Bhadradri Kothagudem,nature,2025,March,Summer,Holi,6558
Kinnerasani Dam,Bhadradri Kothagudem,nature,2025,April,Summer,"Ugadi, Sri Rama Navami",7195
Kinnerasani Dam,Bhadradri Kothagudem,nature,2025,May,Summer,Buddha Purnima,6468
Kinnerasani Dam,Bhadradri Kothagudem,nature,2025,June,Monsoon,None,4184
Kinnerasani Dam,Bhadradri Kothagudem,nature,2025,July,Monsoon,Bonalu,4572
Kinnerasani Dam,Bhadradri Kothagudem,nature,2025,August,Monsoon,"Independence Day, Krishna Janmashtami",5406
Kinnerasani Dam,Bhadradri Kothagudem,nature,2025,September,Monsoon,Vinayaka Chavithi,5119
Kinnerasani Dam,Bhadradri Kothagudem,nature,2025,October,Post-Monsoon,"Bathukamma, Dussehra",10941
Kinnerasani Dam,Bhadradri Kothagudem,nature,2025,November,Winter,Diwali,10394
Kinnerasani Dam,Bhadradri Kothagudem,nature,2025,December,Winter,Christmas,12750
Kinnerasani Wildlife Sanctuary,Bhadradri Kothagudem,nature,2024,January,Winter,"Bhogi, Sankranti",12372
Kinnerasani Wildlife Sanctuary,Bhadradri Kothagudem,nature,2024,February,Winter,Maha Shivaratri,10320
Kinnerasani Wildlife Sanctuary,Bhadradri Kothagudem,nature,2024,March,Summer,Holi,7107
Kinnerasani Wildlife Sanctuary,Bhadradri Kothagudem,nature,2024,April,Summer,"Ugadi, Sri Rama Navami",6339
Kinnerasani Wildlife Sanctuary,Bhadradri Kothagudem,nature,2024,May,Summer,Buddha Purnima,5508
Kinnerasani Wildlife Sanctuary,Bhadradri Kothagudem,nature,2024,June,Monsoon,None,4042
Kinnerasani Wildlife Sanctuary,Bhadradri Kothagudem,nature,2024,July,Monsoon,Bonalu,4440
Kinnerasani Wildlife Sanctuary,Bhadradri Kothagudem,nature,2024,August,Monsoon,"Independence Day, Krishna Janmashtami",4473
Kinnerasani Wildlife Sanctuary,Bhadradri Kothagudem,nature,2024,September,Monsoon,Vinayaka Chavithi,5259
Kinnerasani Wildlife Sanctuary,Bhadradri Kothagudem,nature,2024,October,Post-Monsoon,"Bathukamma, Dussehra",10166
Kinnerasani Wildlife Sanctuary,Bhadradri Kothagudem,nature,2024,November,Winter,Diwali,10922
Kinnerasani Wildlife Sanctuary,Bhadradri Kothagudem,nature,2024,December,Winter,Christmas,12730
Kinnerasani Wildlife Sanctuary,Bhadradri Kothagudem,nature,2025,January,Winter,"Bhogi, Sankranti",13667
Kinnerasani Wildlife Sanctuary,Bhadradri Kothagudem,nature,2025,February,Winter,Maha Shivaratri,11531
Kinnerasani Wildlife Sanctuary,Bhadradri Kothagudem,nature,2025,March,Summer,Holi,7122
Kinnerasani Wildlife Sanctuary,Bhadradri Kothagudem,nature,2025,April,Summer,"Ugadi, Sri Rama Navami",7231
Kinnerasani Wildlife Sanctuary,Bhadradri Kothagudem,nature,2025,May,Summer,Buddha Purnima,6118
Kinnerasani Wildlife Sanctuary,Bhadradri Kothagudem,nature,2025,June,Monsoon,None,4481
Kinnerasani Wildlife Sanctuary,Bhadradri Kothagudem,nature,2025,July,Monsoon,Bonalu,4828
Kinnerasani Wildlife Sanctuary,Bhadradri Kothagudem,nature,2025,August,Monsoon,"Independence Day, Krishna Janmashtami",4883
Kinnerasani Wildlife Sanctuary,Bhadradri Kothagudem,nature,2025,September,Monsoon,Vinayaka Chavithi,5940
Kinnerasani Wildlife Sanctuary,Bhadradri Kothagudem,nature,2025,October,Post-Monsoon,"Bathukamma, Dussehra",9902
Kinnerasani Wildlife Sanctuary,Bhadradri Kothagudem,nature,2025,November,Winter,Diwali,12310
Kinnerasani Wildlife Sanctuary,Bhadradri Kothagudem,nature,2025,December,Winter,Christmas,13834
Sri Abhaya Anjaneya Temple,Bhadradri Kothagudem,religious,2024,January,Winter,"Bhogi, Sankranti",19059
Sri Abhaya Anjaneya Temple,Bhadradri Kothagudem,religious,2024,February,Winter,Maha Shivaratri,15997
Sri Abhaya Anjaneya Temple,Bhadradri Kothagudem,religious,2024,March,Summer,Holi,9754
Sri Abhaya Anjaneya Temple,Bhadradri Kothagudem,religious,2024,April,Summer,"Ugadi, Sri Rama Navami",9988
Sri Abhaya Anjaneya Temple,Bhadradri Kothagudem,religious,2024,May,Summer,Buddha Purnima,8200
Sri Abhaya Anjaneya Temple,Bhadradri Kothagudem,religious,2024,June,Monsoon,None,6280
Sri Abhaya Anjaneya Temple,Bhadradri Kothagudem,religious,2024,July,Monsoon,Bonalu,6323
Sri Abhaya Anjaneya Temple,Bhadradri Kothagudem,religious,2024,August,Monsoon,"Independence Day, Krishna Janmashtami",6978
Sri Abhaya Anjaneya Temple,Bhadradri Kothagudem,religious,2024,September,Monsoon,Vinayaka Chavithi,7790
Sri Abhaya Anjaneya Temple,Bhadradri Kothagudem,religious,2024,October,Post-Monsoon,"Bathukamma, Dussehra",15475
Sri Abhaya Anjaneya Temple,Bhadradri Kothagudem,religious,2024,November,Winter,Diwali,17929
Sri Abhaya Anjaneya Temple,Bhadradri Kothagudem,religious,2024,December,Winter,Christmas,19252
Sri Abhaya Anjaneya Temple,Bhadradri Kothagudem,religious,2025,January,Winter,"Bhogi, Sankranti",19457
Sri Abhaya Anjaneya Temple,Bhadradri Kothagudem,religious,2025,February,Winter,Maha Shivaratri,17332
Sri Abhaya Anjaneya Temple,Bhadradri Kothagudem,religious,2025,March,Summer,Holi,11043
Sri Abhaya Anjaneya Temple,Bhadradri Kothagudem,religious,2025,April,Summer,"Ugadi, Sri Rama Navami",11398
Sri Abhaya Anjaneya Temple,Bhadradri Kothagudem,religious,2025,May,Summer,Buddha Purnima,9115
Sri Abhaya Anjaneya Temple,Bhadradri Kothagudem,religious,2025,June,Monsoon,None,6544
Sri Abhaya Anjaneya Temple,Bhadradri Kothagudem,religious,2025,July,Monsoon,Bonalu,7138
Sri Abhaya Anjaneya Temple,Bhadradri Kothagudem,religious,2025,August,Monsoon,"Independence Day, Krishna Janmashtami",7576
Sri Abhaya Anjaneya Temple,Bhadradri Kothagudem,religious,2025,September,Monsoon,Vinayaka Chavithi,8271
Sri Abhaya Anjaneya Temple,Bhadradri Kothagudem,religious,2025,October,Post-Monsoon,"Bathukamma, Dussehra",16294
Sri Abhaya Anjaneya Temple,Bhadradri Kothagudem,religious,2025,November,Winter,Diwali,18404
Sri Abhaya Anjaneya Temple,Bhadradri Kothagudem,religious,2025,December,Winter,Christmas,21265
Parnasala,Bhadradri Kothagudem,other,2024,January,Winter,"Bhogi, Sankranti",9785
Parnasala,Bhadradri Kothagudem,other,2024,February,Winter,Maha Shivaratri,8591
Parnasala,Bhadradri Kothagudem,other,2024,March,Summer,Holi,5250
Parnasala,Bhadradri Kothagudem,other,2024,April,Summer,"Ugadi, Sri Rama Navami",5126
Parnasala,Bhadradri Kothagudem,other,2024,May,Summer,Buddha Purnima,4368
Parnasala,Bhadradri Kothagudem,other,2024,June,Monsoon,None,2965
Parnasala,Bhadradri Kothagudem,other,2024,July,Monsoon,Bonalu,3156
Parnasala,Bhadradri Kothagudem,other,2024,August,Monsoon,"Independence Day, Krishna Janmashtami",3591
Parnasala,Bhadradri Kothagudem,other,2024,September,Monsoon,Vinayaka Chavithi,3745
Parnasala,Bhadradri Kothagudem,other,2024,October,Post-Monsoon,"Bathukamma, Dussehra",7847
Parnasala,Bhadradri Kothagudem,other,2024,November,Winter,Diwali,8262
Parnasala,Bhadradri Kothagudem,other,2024,December,Winter,Christmas,10308
Parnasala,Bhadradri Kothagudem,other,2025,January,Winter,"Bhogi, Sankranti",9639
Parnasala,Bhadradri Kothagudem,other,2025,February,Winter,Maha Shivaratri,8375
Parnasala,Bhadradri Kothagudem,other,2025,March,Summer,Holi,5631
Parnasala,Bhadradri Kothagudem,other,2025,April,Summer,"Ugadi, Sri Rama Navami",5749
Parnasala,Bhadradri Kothagudem,other,2025,May,Summer,Buddha Purnima,4705
Parnasala,Bhadradri Kothagudem,other,2025,June,Monsoon,None,3355
Parnasala,Bhadradri Kothagudem,other,2025,July,Monsoon,Bonalu,3353
Parnasala,Bhadradri Kothagudem,other,2025,August,Monsoon,"Independence Day, Krishna Janmashtami",3728
Parnasala,Bhadradri Kothagudem,other,2025,September,Monsoon,Vinayaka Chavithi,4041
Parnasala,Bhadradri Kothagudem,other,2025,October,Post-Monsoon,"Bathukamma, Dussehra",7951
Parnasala,Bhadradri Kothagudem,other,2025,November,Winter,Diwali,9757
Parnasala,Bhadradri Kothagudem,other,2025,December,Winter,Christmas,10005
Thousand Pillar Temple,Hanumakonda,religious,2024,January,Winter,"Bhogi, Sankranti",18378
Thousand Pillar Temple,Hanumakonda,religious,2024,February,Winter,Maha Shivaratri,16569
Thousand Pillar Temple,Hanumakonda,religious,2024,March,Summer,Holi,10261
Thousand Pillar Temple,Hanumakonda,religious,2024,April,Summer,"Ugadi, Sri Rama Navami",10150
Thousand Pillar Temple,Hanumakonda,religious,2024,May,Summer,Buddha Purnima,8263
Thousand Pillar Temple,Hanumakonda,religious,2024,June,Monsoon,None,6219
Thousand Pillar Temple,Hanumakonda,religious,2024,July,Monsoon,Bonalu,6414
Thousand Pillar Temple,Hanumakonda,religious,2024,August,Monsoon,"Independence Day, Krishna Janmashtami",7186
Thousand Pillar Temple,Hanumakonda,religious,2024,September,Monsoon,Vinayaka Chavithi,7424
Thousand Pillar Temple,Hanumakonda,religious,2024,October,Post-Monsoon,"Bathukamma, Dussehra",15725
Thousand Pillar Temple,Hanumakonda,religious,2024,November,Winter,Diwali,16300
Thousand Pillar Temple,Hanumakonda,religious,2024,December,Winter,Christmas,17697
Thousand Pillar Temple,Hanumakonda,religious,2025,January,Winter,"Bhogi, Sankranti",19959
Thousand Pillar Temple,Hanumakonda,religious,2025,February,Winter,Maha Shivaratri,17993
Thousand Pillar Temple,Hanumakonda,religious,2025,March,Summer,Holi,11026
Thousand Pillar Temple,Hanumakonda,religious,2025,April,Summer,"Ugadi, Sri Rama Navami",12113
Thousand Pillar Temple,Hanumakonda,religious,2025,May,Summer,Buddha Purnima,9705
Thousand Pillar Temple,Hanumakonda,religious,2025,June,Monsoon,None,6582
Thousand Pillar Temple,Hanumakonda,religious,2025,July,Monsoon,Bonalu,6836
Thousand Pillar Temple,Hanumakonda,religious,2025,August,Monsoon,"Independence Day, Krishna Janmashtami",7564
Thousand Pillar Temple,Hanumakonda,religious,2025,September,Monsoon,Vinayaka Chavithi,8204
Thousand Pillar Temple,Hanumakonda,religious,2025,October,Post-Monsoon,"Bathukamma, Dussehra",16546
Thousand Pillar Temple,Hanumakonda,religious,2025,November,Winter,Diwali,19284
Thousand Pillar Temple,Hanumakonda,religious,2025,December,Winter,Christmas,19709
Warangal Fort,Warangal,heritage,2024,January,Winter,"Bhogi, Sankranti",15083
Warangal Fort,Warangal,heritage,2024,February,Winter,Maha Shivaratri,13904
Warangal Fort,Warangal,heritage,2024,March,Summer,Holi,7668
Warangal Fort,Warangal,heritage,2024,April,Summer,"Ugadi, Sri Rama Navami",8171
Warangal Fort,Warangal,heritage,2024,May,Summer,Buddha Purnima,6837
Warangal Fort,Warangal,heritage,2024,June,Monsoon,None,4617
Warangal Fort,Warangal,heritage,2024,July,Monsoon,Bonalu,4914
Warangal Fort,Warangal,heritage,2024,August,Monsoon,"Independence Day, Krishna Janmashtami",5658
Warangal Fort,Warangal,heritage,2024,September,Monsoon,Vinayaka Chavithi,5860
Warangal Fort,Warangal,heritage,2024,October,Post-Monsoon,"Bathukamma, Dussehra",11460
Warangal Fort,Warangal,heritage,2024,November,Winter,Diwali,13493
Warangal Fort,Warangal,heritage,2024,December,Winter,Christmas,14963
Warangal Fort,Warangal,heritage,2025,January,Winter,"Bhogi, Sankranti",17029
Warangal Fort,Warangal,heritage,2025,February,Winter,Maha Shivaratri,14617
Warangal Fort,Warangal,heritage,2025,March,Summer,Holi,9223
Warangal Fort,Warangal,heritage,2025,April,Summer,"Ugadi, Sri Rama Navami",8319
Warangal Fort,Warangal,heritage,2025,May,Summer,Buddha Purnima,7449
Warangal Fort,Warangal,heritage,2025,June,Monsoon,None,5136
Warangal Fort,Warangal,heritage,2025,July,Monsoon,Bonalu,5823
Warangal Fort,Warangal,heritage,2025,August,Monsoon,"Independence Day, Krishna Janmashtami",5860
Warangal Fort,Warangal,heritage,2025,September,Monsoon,Vinayaka Chavithi,6033
Warangal Fort,Warangal,heritage,2025,October,Post-Monsoon,"Bathukamma, Dussehra",12489
Warangal Fort,Warangal,heritage,2025,November,Winter,Diwali,13009
Warangal Fort,Warangal,heritage,2025,December,Winter,Christmas,15353
Bhadra Kali Temple,Hanumakonda,religious,2024,January,Winter,"Bhogi, Sankranti",18442
Bhadra Kali Temple,Hanumakonda,religious,2024,February,Winter,Maha Shivaratri,16966
Bhadra Kali Temple,Hanumakonda,religious,2024,March,Summer,Holi,10225
Bhadra Kali Temple,Hanumakonda,religious,2024,April,Summer,"Ugadi, Sri Rama Navami",11425
Bhadra Kali Temple,Hanumakonda,religious,2024,May,Summer,Buddha Purnima,9026
Bhadra Kali Temple,Hanumakonda,religious,2024,June,Monsoon,None,5967
Bhadra Kali Temple,Hanumakonda,religious,2024,July,Monsoon,Bonalu,6051
Bhadra Kali Temple,Hanumakonda,religious,2024,August,Monsoon,"Independence Day, Krishna Janmashtami",7554
Bhadra Kali Temple,Hanumakonda,religious,2024,September,Monsoon,Vinayaka Chavithi,7101
Bhadra Kali Temple,Hanumakonda,religious,2024,October,Post-Monsoon,"Bathukamma, Dussehra",16968
Bhadra Kali Temple,Hanumakonda,religious,2024,November,Winter,Diwali,18608
Bhadra Kali Temple,Hanumakonda,religious,2024,December,Winter,Christmas,18590
Bhadra Kali Temple,Hanumakonda,religious,2025,January,Winter,"Bhogi, Sankranti",18930
Bhadra Kali Temple,Hanumakonda,religious,2025,February,Winter,Maha Shivaratri,19418
Bhadra Kali Temple,Hanumakonda,religious,2025,March,Summer,Holi,10795
Bhadra Kali Temple,Hanumakonda,religious,2025,April,Summer,"Ugadi, Sri Rama Navami",11979
Bhadra Kali Temple,Hanumakonda,religious,2025,May,Summer,Buddha Purnima,8564
Bhadra Kali Temple,Hanumakonda,religious,2025,June,Monsoon,None,6437
Bhadra Kali Temple,Hanumakonda,religious,2025,July,Monsoon,Bonalu,6845
Bhadra Kali Temple,Hanumakonda,religious,2025,August,Monsoon,"Independence Day, Krishna Janmashtami",7981
Bhadra Kali Temple,Hanumakonda,religious,2025,September,Monsoon,Vinayaka Chavithi,8027
Bhadra Kali Temple,Hanumakonda,religious,2025,October,Post-Monsoon,"Bathukamma, Dussehra",17311
Bhadra Kali Temple,Hanumakonda,religious,2025,November,Winter,Diwali,17965
Bhadra Kali Temple,Hanumakonda,religious,2025,December,Winter,Christmas,20413
Jain Temple - Kolanupaka,Yadadri Bhuvanagiri,religious,2024,January,Winter,"Bhogi, Sankranti",18908
Jain Temple - Kolanupaka,Yadadri Bhuvanagiri,religious,2024,February,Winter,Maha Shivaratri,16935
Jain Temple - Kolanupaka,Yadadri Bhuvanagiri,religious,2024,March,Summer,Holi,10207
Jain Temple - Kolanupaka,Yadadri Bhuvanagiri,religious,2024,April,Summer,"Ugadi, Sri Rama Navami",9665
Jain Temple - Kolanupaka,Yadadri Bhuvanagiri,religious,2024,May,Summer,Buddha Purnima,7801
Jain Temple - Kolanupaka,Yadadri Bhuvanagiri,religious,2024,June,Monsoon,None,6409
Jain Temple - Kolanupaka,Yadadri Bhuvanagiri,religious,2024,July,Monsoon,Bonalu,6315
Jain Temple - Kolanupaka,Yadadri Bhuvanagiri,religious,2024,August,Monsoon,"Independence Day, Krishna Janmashtami",6958
Jain Temple - Kolanupaka,Yadadri Bhuvanagiri,religious,2024,September,Monsoon,Vinayaka Chavithi,8033
Jain Temple - Kolanupaka,Yadadri Bhuvanagiri,religious,2024,October,Post-Monsoon,"Bathukamma, Dussehra",15329
Jain Temple - Kolanupaka,Yadadri Bhuvanagiri,religious,2024,November,Winter,Diwali,18244
Jain Temple - Kolanupaka,Yadadri Bhuvanagiri,religious,2024,December,Winter,Christmas,18727
Jain Temple - Kolanupaka,Yadadri Bhuvanagiri,religious,2025,January,Winter,"Bhogi, Sankranti",22390
Jain Temple - Kolanupaka,Yadadri Bhuvanagiri,religious,2025,February,Winter,Maha Shivaratri,19397
Jain Temple - Kolanupaka,Yadadri Bhuvanagiri,religious,2025,March,Summer,Holi,10513
Jain Temple - Kolanupaka,Yadadri Bhuvanagiri,religious,2025,April,Summer,"Ugadi, Sri Rama Navami",11597
Jain Temple - Kolanupaka,Yadadri Bhuvanagiri,religious,2025,May,Summer,Buddha Purnima,9419
Jain Temple - Kolanupaka,Yadadri Bhuvanagiri,religious,2025,June,Monsoon,None,6951
Jain Temple - Kolanupaka,Yadadri Bhuvanagiri,religious,2025,July,Monsoon,Bonalu,6386
Jain Temple - Kolanupaka,Yadadri Bhuvanagiri,religious,2025,August,Monsoon,"Independence Day, Krishna Janmashtami",8075
Jain Temple - Kolanupaka,Yadadri Bhuvanagiri,religious,2025,September,Monsoon,Vinayaka Chavithi,8477
Jain Temple - Kolanupaka,Yadadri Bhuvanagiri,religious,2025,October,Post-Monsoon,"Bathukamma, Dussehra",15012
Jain Temple - Kolanupaka,Yadadri Bhuvanagiri,religious,2025,November,Winter,Diwali,17506
Jain Temple - Kolanupaka,Yadadri Bhuvanagiri,religious,2025,December,Winter,Christmas,18102
Ramappa Temple,Mulugu,religious,2024,January,Winter,"Bhogi, Sankranti",18837
Ramappa Temple,Mulugu,religious,2024,February,Winter,Maha Shivaratri,17376
Ramappa Temple,Mulugu,religious,2024,March,Summer,Holi,10766
Ramappa Temple,Mulugu,religious,2024,April,Summer,"Ugadi, Sri Rama Navami",10443
Ramappa Temple,Mulugu,religious,2024,May,Summer,Buddha Purnima,9282
Ramappa Temple,Mulugu,religious,2024,June,Monsoon,None,5698
Ramappa Temple,Mulugu,religious,2024,July,Monsoon,Bonalu,5774
Ramappa Temple,Mulugu,religious,2024,August,Monsoon,"Independence Day, Krishna Janmashtami",7324
Ramappa Temple,Mulugu,religious,2024,September,Monsoon,Vinayaka Chavithi,7719
Ramappa Temple,Mulugu,religious,2024,October,Post-Monsoon,"Bathukamma, Dussehra",15458
Ramappa Temple,Mulugu,religious,2024,November,Winter,Diwali,15694
Ramappa Temple,Mulugu,religious,2024,December,Winter,Christmas,18877
Ramappa Temple,Mulugu,religious,2025,January,Winter,"Bhogi, Sankranti",19277
Ramappa Temple,Mulugu,religious,2025,February,Winter,Maha Shivaratri,18722
Ramappa Temple,Mulugu,religious,2025,March,Summer,Holi,11013
Ramappa Temple,Mulugu,religious,2025,April,Summer,"Ugadi, Sri Rama Navami",10708
Ramappa Temple,Mulugu,religious,2025,May,Summer,Buddha Purnima,9032
Ramappa Temple,Mulugu,religious,2025,June,Monsoon,None,6260
Ramappa Temple,Mulugu,religious,2025,July,Monsoon,Bonalu,6795
Ramappa Temple,Mulugu,religious,2025,August,Monsoon,"Independence Day, Krishna Janmashtami",8310
Ramappa Temple,Mulugu,religious,2025,September,Monsoon,Vinayaka Chavithi,7776
Ramappa Temple,Mulugu,religious,2025,October,Post-Monsoon,"Bathukamma, Dussehra",17144
Ramappa Temple,Mulugu,religious,2025,November,Winter,Diwali,18402
Ramappa Temple,Mulugu,religious,2025,December,Winter,Christmas,19667
Siddeswara Temple,Hanumakonda,religious,2024,January,Winter,"Bhogi, Sankranti",19067
Siddeswara Temple,Hanumakonda,religious,2024,February,Winter,Maha Shivaratri,15968
Siddeswara Temple,Hanumakonda,religious,2024,March,Summer,Holi,9775
Siddeswara Temple,Hanumakonda,religious,2024,April,Summer,"Ugadi, Sri Rama Navami",9819
Siddeswara Temple,Hanumakonda,religious,2024,May,Summer,Buddha Purnima,9463
Siddeswara Temple,Hanumakonda,religious,2024,June,Monsoon,None,6155
Siddeswara Temple,Hanumakonda,religious,2024,July,Monsoon,Bonalu,6114
Siddeswara Temple,Hanumakonda,religious,2024,August,Monsoon,"Independence Day, Krishna Janmashtami",7452
Siddeswara Temple,Hanumakonda,religious,2024,September,Monsoon,Vinayaka Chavithi,7561
Siddeswara Temple,Hanumakonda,religious,2024,October,Post-Monsoon,"Bathukamma, Dussehra",15373
Siddeswara Temple,Hanumakonda,religious,2024,November,Winter,Diwali,18112
Siddeswara Temple,Hanumakonda,religious,2024,December,Winter,Christmas,19757
Siddeswara Temple,Hanumakonda,religious,2025,January,Winter,"Bhogi, Sankranti",20154
Siddeswara Temple,Hanumakonda,religious,2025,February,Winter,Maha Shivaratri,17663
Siddeswara Temple,Hanumakonda,religious,2025,March,Summer,Holi,10708
Siddeswara Temple,Hanumakonda,religious,2025,April,Summer,"Ugadi, Sri Rama Navami",9982
Siddeswara Temple,Hanumakonda,religious,2025,May,Summer,Buddha Purnima,8601
Siddeswara Temple,Hanumakonda,religious,2025,June,Monsoon,None,7089
Siddeswara Temple,Hanumakonda,religious,2025,July,Monsoon,Bonalu,7406
Siddeswara Temple,Hanumakonda,religious,2025,August,Monsoon,"Independence Day, Krishna Janmashtami",7864
Siddeswara Temple,Hanumakonda,religious,2025,September,Monsoon,Vinayaka Chavithi,8448
Siddeswara Temple,Hanumakonda,religious,2025,October,Post-Monsoon,"Bathukamma, Dussehra",17049
Siddeswara Temple,Hanumakonda,religious,2025,November,Winter,Diwali,21899
Siddeswara Temple,Hanumakonda,religious,2025,December,Winter,Christmas,21710
Sri Veeranarayana Temple,Yadadri Bhuvanagiri,religious,2024,January,Winter,"Bhogi, Sankranti",18675
Sri Veeranarayana Temple,Yadadri Bhuvanagiri,religious,2024,February,Winter,Maha Shivaratri,15722
Sri Veeranarayana Temple,Yadadri Bhuvanagiri,religious,2024,March,Summer,Holi,9065
Sri Veeranarayana Temple,Yadadri Bhuvanagiri,religious,2024,April,Summer,"Ugadi, Sri Rama Navami",10345
Sri Veeranarayana Temple,Yadadri Bhuvanagiri,religious,2024,May,Summer,Buddha Purnima,8129
Sri Veeranarayana Temple,Yadadri Bhuvanagiri,religious,2024,June,Monsoon,None,5596
Sri Veeranarayana Temple,Yadadri Bhuvanagiri,religious,2024,July,Monsoon,Bonalu,6011
Sri Veeranarayana Temple,Yadadri Bhuvanagiri,religious,2024,August,Monsoon,"Independence Day, Krishna Janmashtami",6838
Sri Veeranarayana Temple,Yadadri Bhuvanagiri,religious,2024,September,Monsoon,Vinayaka Chavithi,8084
Sri Veeranarayana Temple,Yadadri Bhuvanagiri,religious,2024,October,Post-Monsoon,"Bathukamma, Dussehra",15913
Sri Veeranarayana Temple,Yadadri Bhuvanagiri,religious,2024,November,Winter,Diwali,17222
Sri Veeranarayana Temple,Yadadri Bhuvanagiri,religious,2024,December,Winter,Christmas,20045
Sri Veeranarayana Temple,Yadadri Bhuvanagiri,religious,2025,January,Winter,"Bhogi, Sankranti",20377
Sri Veeranarayana Temple,Yadadri Bhuvanagiri,religious,2025,February,Winter,Maha Shivaratri,17064
Sri Veeranarayana Temple,Yadadri Bhuvanagiri,religious,2025,March,Summer,Holi,11456
Sri Veeranarayana Temple,Yadadri Bhuvanagiri,religious,2025,April,Summer,"Ugadi, Sri Rama Navami",11358
Sri Veeranarayana Temple,Yadadri Bhuvanagiri,religious,2025,May,Summer,Buddha Purnima,8651
Sri Veeranarayana Temple,Yadadri Bhuvanagiri,religious,2025,June,Monsoon,None,6444
Sri Veeranarayana Temple,Yadadri Bhuvanagiri,religious,2025,July,Monsoon,Bonalu,6415
Sri Veeranarayana Temple,Yadadri Bhuvanagiri,religious,2025,August,Monsoon,"Independence Day, Krishna Janmashtami",7267
Sri Veeranarayana Temple,Yadadri Bhuvanagiri,religious,2025,September,Monsoon,Vinayaka Chavithi,8424
Sri Veeranarayana Temple,Yadadri Bhuvanagiri,religious,2025,October,Post-Monsoon,"Bathukamma, Dussehra",18031
Sri Veeranarayana Temple,Yadadri Bhuvanagiri,religious,2025,November,Winter,Diwali,17306
Sri Veeranarayana Temple,Yadadri Bhuvanagiri,religious,2025,December,Winter,Christmas,20725
Musical Garden & Planeterium,Hanumakonda,leisure,2024,January,Winter,"Bhogi, Sankranti",10818
Musical Garden & Planeterium,Hanumakonda,leisure,2024,February,Winter,Maha Shivaratri,9584
Musical Garden & Planeterium,Hanumakonda,leisure,2024,March,Summer,Holi,5691
Musical Garden & Planeterium,Hanumakonda,leisure,2024,April,Summer,"Ugadi, Sri Rama Navami",5830
Musical Garden & Planeterium,Hanumakonda,leisure,2024,May,Summer,Buddha Purnima,5039
Musical Garden & Planeterium,Hanumakonda,leisure,2024,June,Monsoon,None,3435
Musical Garden & Planeterium,Hanumakonda,leisure,2024,July,Monsoon,Bonalu,3746
Musical Garden & Planeterium,Hanumakonda,leisure,2024,August,Monsoon,"Independence Day, Krishna Janmashtami",4290
Musical Garden & Planeterium,Hanumakonda,leisure,2024,September,Monsoon,Vinayaka Chavithi,4382
Musical Garden & Planeterium,Hanumakonda,leisure,2024,October,Post-Monsoon,"Bathukamma, Dussehra",8656
Musical Garden & Planeterium,Hanumakonda,leisure,2024,November,Winter,Diwali,9955
Musical Garden & Planeterium,Hanumakonda,leisure,2024,December,Winter,Christmas,11524
Musical Garden & Planeterium,Hanumakonda,leisure,2025,January,Winter,"Bhogi, Sankranti",12379
Musical Garden & Planeterium,Hanumakonda,leisure,2025,February,Winter,Maha Shivaratri,10090
Musical Garden & Planeterium,Hanumakonda,leisure,2025,March,Summer,Holi,6365
Musical Garden & Planeterium,Hanumakonda,leisure,2025,April,Summer,"Ugadi, Sri Rama Navami",6827
Musical Garden & Planeterium,Hanumakonda,leisure,2025,May,Summer,Buddha Purnima,4976
Musical Garden & Planeterium,Hanumakonda,leisure,2025,June,Monsoon,None,3976
Musical Garden & Planeterium,Hanumakonda,leisure,2025,July,Monsoon,Bonalu,3859
Musical Garden & Planeterium,Hanumakonda,leisure,2025,August,Monsoon,"Independence Day, Krishna Janmashtami",4777
Musical Garden & Planeterium,Hanumakonda,leisure,2025,September,Monsoon,Vinayaka Chavithi,4607
Musical Garden & Planeterium,Hanumakonda,leisure,2025,October,Post-Monsoon,"Bathukamma, Dussehra",8909
Musical Garden & Planeterium,Hanumakonda,leisure,2025,November,Winter,Diwali,10169
Musical Garden & Planeterium,Hanumakonda,leisure,2025,December,Winter,Christmas,12022
Mallikarjuna Swamy Temple - Inavolu,Hanumakonda,religious,2024,January,Winter,"Bhogi, Sankranti",19418
Mallikarjuna Swamy Temple - Inavolu,Hanumakonda,religious,2024,February,Winter,Maha Shivaratri,16078
Mallikarjuna Swamy Temple - Inavolu,Hanumakonda,religious,2024,March,Summer,Holi,10374
Mallikarjuna Swamy Temple - Inavolu,Hanumakonda,religious,2024,April,Summer,"Ugadi, Sri Rama Navami",9577
Mallikarjuna Swamy Temple - Inavolu,Hanumakonda,religious,2024,May,Summer,Buddha Purnima,8589
Mallikarjuna Swamy Temple - Inavolu,Hanumakonda,religious,2024,June,Monsoon,None,5772
Mallikarjuna Swamy Temple - Inavolu,Hanumakonda,religious,2024,July,Monsoon,Bonalu,6130
Mallikarjuna Swamy Temple - Inavolu,Hanumakonda,religious,2024,August,Monsoon,"Independence Day, Krishna Janmashtami",7390
Mallikarjuna Swamy Temple - Inavolu,Hanumakonda,religious,2024,September,Monsoon,Vinayaka Chavithi,7276
Mallikarjuna Swamy Temple - Inavolu,Hanumakonda,religious,2024,October,Post-Monsoon,"Bathukamma, Dussehra",15245
Mallikarjuna Swamy Temple - Inavolu,Hanumakonda,religious,2024,November,Winter,Diwali,18456
Mallikarjuna Swamy Temple - Inavolu,Hanumakonda,religious,2024,December,Winter,Christmas,18487
Mallikarjuna Swamy Temple - Inavolu,Hanumakonda,religious,2025,January,Winter,"Bhogi, Sankranti",21568
Mallikarjuna Swamy Temple - Inavolu,Hanumakonda,religious,2025,February,Winter,Maha Shivaratri,17160
Mallikarjuna Swamy Temple - Inavolu,Hanumakonda,religious,2025,March,Summer,Holi,11145
Mallikarjuna Swamy Temple - Inavolu,Hanumakonda,religious,2025,April,Summer,"Ugadi, Sri Rama Navami",12094
Mallikarjuna Swamy Temple - Inavolu,Hanumakonda,religious,2025,May,Summer,Buddha Purnima,8156
Mallikarjuna Swamy Temple - Inavolu,Hanumakonda,religious,2025,June,Monsoon,None,6371
Mallikarjuna Swamy Temple - Inavolu,Hanumakonda,religious,2025,July,Monsoon,Bonalu,7040
Mallikarjuna Swamy Temple - Inavolu,Hanumakonda,religious,2025,August,Monsoon,"Independence Day, Krishna Janmashtami",7882
Mallikarjuna Swamy Temple - Inavolu,Hanumakonda,religious,2025,September,Monsoon,Vinayaka Chavithi,8364
Mallikarjuna Swamy Temple - Inavolu,Hanumakonda,religious,2025,October,Post-Monsoon,"Bathukamma, Dussehra",16281
Mallikarjuna Swamy Temple - Inavolu,Hanumakonda,religious,2025,November,Winter,Diwali,19060
Mallikarjuna Swamy Temple - Inavolu,Hanumakonda,religious,2025,December,Winter,Christmas,20399
Pakhal Lake & Wildlife Sanctuary,Warangal,nature,2024,January,Winter,"Bhogi, Sankranti",13103
Pakhal Lake & Wildlife Sanctuary,Warangal,nature,2024,February,Winter,Maha Shivaratri,11014
Pakhal Lake & Wildlife Sanctuary,Warangal,nature,2024,March,Summer,Holi,6602
Pakhal Lake & Wildlife Sanctuary,Warangal,nature,2024,April,Summer,"Ugadi, Sri Rama Navami",6607
Pakhal Lake & Wildlife Sanctuary,Warangal,nature,2024,May,Summer,Buddha Purnima,5429
Pakhal Lake & Wildlife Sanctuary,Warangal,nature,2024,June,Monsoon,None,3882
Pakhal Lake & Wildlife Sanctuary,Warangal,nature,2024,July,Monsoon,Bonalu,4173
Pakhal Lake & Wildlife Sanctuary,Warangal,nature,2024,August,Monsoon,"Independence Day, Krishna Janmashtami",4661
Pakhal Lake & Wildlife Sanctuary,Warangal,nature,2024,September,Monsoon,Vinayaka Chavithi,4982
Pakhal Lake & Wildlife Sanctuary,Warangal,nature,2024,October,Post-Monsoon,"Bathukamma, Dussehra",11081
Pakhal Lake & Wildlife Sanctuary,Warangal,nature,2024,November,Winter,Diwali,11843
Pakhal Lake & Wildlife Sanctuary,Warangal,nature,2024,December,Winter,Christmas,12094
Pakhal Lake & Wildlife Sanctuary,Warangal,nature,2025,January,Winter,"Bhogi, Sankranti",14173
Pakhal Lake & Wildlife Sanctuary,Warangal,nature,2025,February,Winter,Maha Shivaratri,11506
Pakhal Lake & Wildlife Sanctuary,Warangal,nature,2025,March,Summer,Holi,6297
Pakhal Lake & Wildlife Sanctuary,Warangal,nature,2025,April,Summer,"Ugadi, Sri Rama Navami",6918
Pakhal Lake & Wildlife Sanctuary,Warangal,nature,2025,May,Summer,Buddha Purnima,5448
Pakhal Lake & Wildlife Sanctuary,Warangal,nature,2025,June,Monsoon,None,4210
Pakhal Lake & Wildlife Sanctuary,Warangal,nature,2025,July,Monsoon,Bonalu,4423
Pakhal Lake & Wildlife Sanctuary,Warangal,nature,2025,August,Monsoon,"Independence Day, Krishna Janmashtami",5574
Pakhal Lake & Wildlife Sanctuary,Warangal,nature,2025,September,Monsoon,Vinayaka Chavithi,5390
Pakhal Lake & Wildlife Sanctuary,Warangal,nature,2025,October,Post-Monsoon,"Bathukamma, Dussehra",10723
Pakhal Lake & Wildlife Sanctuary,Warangal,nature,2025,November,Winter,Diwali,12765
Pakhal Lake & Wildlife Sanctuary,Warangal,nature,2025,December,Winter,Christmas,11810
Bheemuni Paadam Waterfalls,Mahabubabad,nature,2024,January,Winter,"Bhogi, Sankranti",12526
Bheemuni Paadam Waterfalls,Mahabubabad,nature,2024,February,Winter,Maha Shivaratri,11295
Bheemuni Paadam Waterfalls,Mahabubabad,nature,2024,March,Summer,Holi,6013
Bheemuni Paadam Waterfalls,Mahabubabad,nature,2024,April,Summer,"Ugadi, Sri Rama Navami",7131
Bheemuni Paadam Waterfalls,Mahabubabad,nature,2024,May,Summer,Buddha Purnima,5659
Bheemuni Paadam Waterfalls,Mahabubabad,nature,2024,June,Monsoon,None,3886
Bheemuni Paadam Waterfalls,Mahabubabad,nature,2024,July,Monsoon,Bonalu,4221
Bheemuni Paadam Waterfalls,Mahabubabad,nature,2024,August,Monsoon,"Independence Day, Krishna Janmashtami",5302
Bheemuni Paadam Waterfalls,Mahabubabad,nature,2024,September,Monsoon,Vinayaka Chavithi,4955
Bheemuni Paadam Waterfalls,Mahabubabad,nature,2024,October,Post-Monsoon,"Bathukamma, Dussehra",10164
Bheemuni Paadam Waterfalls,Mahabubabad,nature,2024,November,Winter,Diwali,11088
Bheemuni Paadam Waterfalls,Mahabubabad,nature,2024,December,Winter,Christmas,11772
Bheemuni Paadam Waterfalls,Mahabubabad,nature,2025,January,Winter,"Bhogi, Sankranti",13926
Bheemuni Paadam Waterfalls,Mahabubabad,nature,2025,February,Winter,Maha Shivaratri,11243
Bheemuni Paadam Waterfalls,Mahabubabad,nature,2025,March,Summer,Holi,7037
Bheemuni Paadam Waterfalls,Mahabubabad,nature,2025,April,Summer,"Ugadi, Sri Rama Navami",7111
Bheemuni Paadam Waterfalls,Mahabubabad,nature,2025,May,Summer,Buddha Purnima,6154
Bheemuni Paadam Waterfalls,Mahabubabad,nature,2025,June,Monsoon,None,4357
Bheemuni Paadam Waterfalls,Mahabubabad,nature,2025,July,Monsoon,Bonalu,4649
Bheemuni Paadam Waterfalls,Mahabubabad,nature,2025,August,Monsoon,"Independence Day, Krishna Janmashtami",5011
Bheemuni Paadam Waterfalls,Mahabubabad,nature,2025,September,Monsoon,Vinayaka Chavithi,5232
Bheemuni Paadam Waterfalls,Mahabubabad,nature,2025,October,Post-Monsoon,"Bathukamma, Dussehra",10311
Bheemuni Paadam Waterfalls,Mahabubabad,nature,2025,November,Winter,Diwali,11984
Bheemuni Paadam Waterfalls,Mahabubabad,nature,2025,December,Winter,Christmas,13528
Laknavaram Lake,Mulugu,religious,2024,January,Winter,"Bhogi, Sankranti",19817
Laknavaram Lake,Mulugu,religious,2024,February,Winter,Maha Shivaratri,16001
Laknavaram Lake,Mulugu,religious,2024,March,Summer,Holi,10449
Laknavaram Lake,Mulugu,religious,2024,April,Summer,"Ugadi, Sri Rama Navami",11109
Laknavaram Lake,Mulugu,religious,2024,May,Summer,Buddha Purnima,8761
Laknavaram Lake,Mulugu,religious,2024,June,Monsoon,None,6694
Laknavaram Lake,Mulugu,religious,2024,July,Monsoon,Bonalu,6067
Laknavaram Lake,Mulugu,religious,2024,August,Monsoon,"Independence Day, Krishna Janmashtami",6887
Laknavaram Lake,Mulugu,religious,2024,September,Monsoon,Vinayaka Chavithi,6900
Laknavaram Lake,Mulugu,religious,2024,October,Post-Monsoon,"Bathukamma, Dussehra",16642
Laknavaram Lake,Mulugu,religious,2024,November,Winter,Diwali,18076
Laknavaram Lake,Mulugu,religious,2024,December,Winter,Christmas,18909
Laknavaram Lake,Mulugu,religious,2025,January,Winter,"Bhogi, Sankranti",20911
Laknavaram Lake,Mulugu,religious,2025,February,Winter,Maha Shivaratri,17096
Laknavaram Lake,Mulugu,religious,2025,March,Summer,Holi,12138
Laknavaram Lake,Mulugu,religious,2025,April,Summer,"Ugadi, Sri Rama Navami",11309
Laknavaram Lake,Mulugu,religious,2025,May,Summer,Buddha Purnima,9321
Laknavaram Lake,Mulugu,religious,2025,June,Monsoon,None,6849
Laknavaram Lake,Mulugu,religious,2025,July,Monsoon,Bonalu,6980
Laknavaram Lake,Mulugu,religious,2025,August,Monsoon,"Independence Day, Krishna Janmashtami",8020
Laknavaram Lake,Mulugu,religious,2025,September,Monsoon,Vinayaka Chavithi,7856
Laknavaram Lake,Mulugu,religious,2025,October,Post-Monsoon,"Bathukamma, Dussehra",17117
Laknavaram Lake,Mulugu,religious,2025,November,Winter,Diwali,20682
Laknavaram Lake,Mulugu,religious,2025,December,Winter,Christmas,21856
Eturnagaram Sanctuary,Mulugu,religious,2024,January,Winter,"Bhogi, Sankranti",20615
Eturnagaram Sanctuary,Mulugu,religious,2024,February,Winter,Maha Shivaratri,16345
Eturnagaram Sanctuary,Mulugu,religious,2024,March,Summer,Holi,9518
Eturnagaram Sanctuary,Mulugu,religious,2024,April,Summer,"Ugadi, Sri Rama Navami",10339
Eturnagaram Sanctuary,Mulugu,religious,2024,May,Summer,Buddha Purnima,8607
Eturnagaram Sanctuary,Mulugu,religious,2024,June,Monsoon,None,6455
Eturnagaram Sanctuary,Mulugu,religious,2024,July,Monsoon,Bonalu,5777
Eturnagaram Sanctuary,Mulugu,religious,2024,August,Monsoon,"Independence Day, Krishna Janmashtami",7906
Eturnagaram Sanctuary,Mulugu,religious,2024,September,Monsoon,Vinayaka Chavithi,7514
Eturnagaram Sanctuary,Mulugu,religious,2024,October,Post-Monsoon,"Bathukamma, Dussehra",15153
Eturnagaram Sanctuary,Mulugu,religious,2024,November,Winter,Diwali,16617
Eturnagaram Sanctuary,Mulugu,religious,2024,December,Winter,Christmas,17393
Eturnagaram Sanctuary,Mulugu,religious,2025,January,Winter,"Bhogi, Sankranti",21471
Eturnagaram Sanctuary,Mulugu,religious,2025,February,Winter,Maha Shivaratri,18182
Eturnagaram Sanctuary,Mulugu,religious,2025,March,Summer,Holi,10117
Eturnagaram Sanctuary,Mulugu,religious,2025,April,Summer,"Ugadi, Sri Rama Navami",10509
Eturnagaram Sanctuary,Mulugu,religious,2025,May,Summer,Buddha Purnima,9114
Eturnagaram Sanctuary,Mulugu,religious,2025,June,Monsoon,None,7161
Eturnagaram Sanctuary,Mulugu,religious,2025,July,Monsoon,Bonalu,6728
Eturnagaram Sanctuary,Mulugu,religious,2025,August,Monsoon,"Independence Day, Krishna Janmashtami",7335
Eturnagaram Sanctuary,Mulugu,religious,2025,September,Monsoon,Vinayaka Chavithi,8079
Eturnagaram Sanctuary,Mulugu,religious,2025,October,Post-Monsoon,"Bathukamma, Dussehra",16494
Eturnagaram Sanctuary,Mulugu,religious,2025,November,Winter,Diwali,16354
Eturnagaram Sanctuary,Mulugu,religious,2025,December,Winter,Christmas,20423
Pandavula Guhalu,Jayashankar Bhupalpally,religious,2024,January,Winter,"Bhogi, Sankranti",18208
Pandavula Guhalu,Jayashankar Bhupalpally,religious,2024,February,Winter,Maha Shivaratri,16745
Pandavula Guhalu,Jayashankar Bhupalpally,religious,2024,March,Summer,Holi,10553
Pandavula Guhalu,Jayashankar Bhupalpally,religious,2024,April,Summer,"Ugadi, Sri Rama Navami",10602
Pandavula Guhalu,Jayashankar Bhupalpally,religious,2024,May,Summer,Buddha Purnima,8169
Pandavula Guhalu,Jayashankar Bhupalpally,religious,2024,June,Monsoon,None,5577
Pandavula Guhalu,Jayashankar Bhupalpally,religious,2024,July,Monsoon,Bonalu,6872
Pandavula Guhalu,Jayashankar Bhupalpally,religious,2024,August,Monsoon,"Independence Day, Krishna Janmashtami",7106
Pandavula Guhalu,Jayashankar Bhupalpally,religious,2024,September,Monsoon,Vinayaka Chavithi,7311
Pandavula Guhalu,Jayashankar Bhupalpally,religious,2024,October,Post-Monsoon,"Bathukamma, Dussehra",14919
Pandavula Guhalu,Jayashankar Bhupalpally,religious,2024,November,Winter,Diwali,17052
Pandavula Guhalu,Jayashankar Bhupalpally,religious,2024,December,Winter,Christmas,18160
Pandavula Guhalu,Jayashankar Bhupalpally,religious,2025,January,Winter,"Bhogi, Sankranti",19323
Pandavula Guhalu,Jayashankar Bhupalpally,religious,2025,February,Winter,Maha Shivaratri,16998
Pandavula Guhalu,Jayashankar Bhupalpally,religious,2025,March,Summer,Holi,10416
Pandavula Guhalu,Jayashankar Bhupalpally,religious,2025,April,Summer,"Ugadi, Sri Rama Navami",10545
Pandavula Guhalu,Jayashankar Bhupalpally,religious,2025,May,Summer,Buddha Purnima,8624
Pandavula Guhalu,Jayashankar Bhupalpally,religious,2025,June,Monsoon,None,6410
Pandavula Guhalu,Jayashankar Bhupalpally,religious,2025,July,Monsoon,Bonalu,6492
Pandavula Guhalu,Jayashankar Bhupalpally,religious,2025,August,Monsoon,"Independence Day, Krishna Janmashtami",8227
Pandavula Guhalu,Jayashankar Bhupalpally,religious,2025,September,Monsoon,Vinayaka Chavithi,6845
Pandavula Guhalu,Jayashankar Bhupalpally,religious,2025,October,Post-Monsoon,"Bathukamma, Dussehra",17012
Pandavula Guhalu,Jayashankar Bhupalpally,religious,2025,November,Winter,Diwali,19372
Pandavula Guhalu,Jayashankar Bhupalpally,religious,2025,December,Winter,Christmas,17708
Medaram,Mulugu,religious,2024,January,Winter,"Bhogi, Sankranti",18767
Medaram,Mulugu,religious,2024,February,Winter,Maha Shivaratri,16462
Medaram,Mulugu,religious,2024,March,Summer,Holi,9309
Medaram,Mulugu,religious,2024,April,Summer,"Ugadi, Sri Rama Navami",9999
Medaram,Mulugu,religious,2024,May,Summer,Buddha Purnima,8107
Medaram,Mulugu,religious,2024,June,Monsoon,None,6656
Medaram,Mulugu,religious,2024,July,Monsoon,Bonalu,6607
Medaram,Mulugu,religious,2024,August,Monsoon,"Independence Day, Krishna Janmashtami",7811
Medaram,Mulugu,religious,2024,September,Monsoon,Vinayaka Chavithi,7847
Medaram,Mulugu,religious,2024,October,Post-Monsoon,"Bathukamma, Dussehra",14610
Medaram,Mulugu,religious,2024,November,Winter,Diwali,17044
Medaram,Mulugu,religious,2024,December,Winter,Christmas,19426
Medaram,Mulugu,religious,2025,January,Winter,"Bhogi, Sankranti",19362
Medaram,Mulugu,religious,2025,February,Winter,Maha Shivaratri,18762
Medaram,Mulugu,religious,2025,March,Summer,Holi,10685
Medaram,Mulugu,religious,2025,April,Summer,"Ugadi, Sri Rama Navami",11026
Medaram,Mulugu,religious,2025,May,Summer,Buddha Purnima,9600
Medaram,Mulugu,religious,2025,June,Monsoon,None,6756
Medaram,Mulugu,religious,2025,July,Monsoon,Bonalu,6693
Medaram,Mulugu,religious,2025,August,Monsoon,"Independence Day, Krishna Janmashtami",8391
Medaram,Mulugu,religious,2025,September,Monsoon,Vinayaka Chavithi,7737
Medaram,Mulugu,religious,2025,October,Post-Monsoon,"Bathukamma, Dussehra",17237
Medaram,Mulugu,religious,2025,November,Winter,Diwali,19464
Medaram,Mulugu,religious,2025,December,Winter,Christmas,20162
Sri Someswara Temple - Kolanupaka,Yadadri Bhuvanagiri,religious,2024,January,Winter,"Bhogi, Sankranti",19101
Sri Someswara Temple - Kolanupaka,Yadadri Bhuvanagiri,religious,2024,February,Winter,Maha Shivaratri,15478
Sri Someswara Temple - Kolanupaka,Yadadri Bhuvanagiri,religious,2024,March,Summer,Holi,10312
Sri Someswara Temple - Kolanupaka,Yadadri Bhuvanagiri,religious,2024,April,Summer,"Ugadi, Sri Rama Navami",10146
Sri Someswara Temple - Kolanupaka,Yadadri Bhuvanagiri,religious,2024,May,Summer,Buddha Purnima,8228
Sri Someswara Temple - Kolanupaka,Yadadri Bhuvanagiri,religious,2024,June,Monsoon,None,6340
Sri Someswara Temple - Kolanupaka,Yadadri Bhuvanagiri,religious,2024,July,Monsoon,Bonalu,5993
Sri Someswara Temple - Kolanupaka,Yadadri Bhuvanagiri,religious,2024,August,Monsoon,"Independence Day, Krishna Janmashtami",6720
Sri Someswara Temple - Kolanupaka,Yadadri Bhuvanagiri,religious,2024,September,Monsoon,Vinayaka Chavithi,6874
Sri Someswara Temple - Kolanupaka,Yadadri Bhuvanagiri,religious,2024,October,Post-Monsoon,"Bathukamma, Dussehra",15702
Sri Someswara Temple - Kolanupaka,Yadadri Bhuvanagiri,religious,2024,November,Winter,Diwali,16126
Sri Someswara Temple - Kolanupaka,Yadadri Bhuvanagiri,religious,2024,December,Winter,Christmas,20302
Sri Someswara Temple - Kolanupaka,Yadadri Bhuvanagiri,religious,2025,January,Winter,"Bhogi, Sankranti",18185
Sri Someswara Temple - Kolanupaka,Yadadri Bhuvanagiri,religious,2025,February,Winter,Maha Shivaratri,19344
Sri Someswara Temple - Kolanupaka,Yadadri Bhuvanagiri,religious,2025,March,Summer,Holi,10758
Sri Someswara Temple - Kolanupaka,Yadadri Bhuvanagiri,religious,2025,April,Summer,"Ugadi, Sri Rama Navami",11007
Sri Someswara Temple - Kolanupaka,Yadadri Bhuvanagiri,religious,2025,May,Summer,Buddha Purnima,8876
Sri Someswara Temple - Kolanupaka,Yadadri Bhuvanagiri,religious,2025,June,Monsoon,None,6636
Sri Someswara Temple - Kolanupaka,Yadadri Bhuvanagiri,religious,2025,July,Monsoon,Bonalu,6697
Sri Someswara Temple - Kolanupaka,Yadadri Bhuvanagiri,religious,2025,August,Monsoon,"Independence Day, Krishna Janmashtami",8238
Sri Someswara Temple - Kolanupaka,Yadadri Bhuvanagiri,religious,2025,September,Monsoon,Vinayaka Chavithi,8097
Sri Someswara Temple - Kolanupaka,Yadadri Bhuvanagiri,religious,2025,October,Post-Monsoon,"Bathukamma, Dussehra",16584
Sri Someswara Temple - Kolanupaka,Yadadri Bhuvanagiri,religious,2025,November,Winter,Diwali,18269
Sri Someswara Temple - Kolanupaka,Yadadri Bhuvanagiri,religious,2025,December,Winter,Christmas,20100
Charminar,Hyderabad,heritage,2024,January,Winter,"Bhogi, Sankranti",18721
Charminar,Hyderabad,heritage,2024,February,Winter,Maha Shivaratri,14812
Charminar,Hyderabad,heritage,2024,March,Summer,Holi,9018
Charminar,Hyderabad,heritage,2024,April,Summer,"Ugadi, Sri Rama Navami",10419
Charminar,Hyderabad,heritage,2024,May,Summer,Buddha Purnima,8359
Charminar,Hyderabad,heritage,2024,June,Monsoon,None,5855
Charminar,Hyderabad,heritage,2024,July,Monsoon,Bonalu,6100
Charminar,Hyderabad,heritage,2024,August,Monsoon,"Independence Day, Krishna Janmashtami",7215
Charminar,Hyderabad,heritage,2024,September,Monsoon,Vinayaka Chavithi,7116
Charminar,Hyderabad,heritage,2024,October,Post-Monsoon,"Bathukamma, Dussehra",14369
Charminar,Hyderabad,heritage,2024,November,Winter,Diwali,17066
Charminar,Hyderabad,heritage,2024,December,Winter,Christmas,17414
Charminar,Hyderabad,heritage,2025,January,Winter,"Bhogi, Sankranti",20319
Charminar,Hyderabad,heritage,2025,February,Winter,Maha Shivaratri,16003
Charminar,Hyderabad,heritage,2025,March,Summer,Holi,10980
Charminar,Hyderabad,heritage,2025,April,Summer,"Ugadi, Sri Rama Navami",11106
Charminar,Hyderabad,heritage,2025,May,Summer,Buddha Purnima,9066
Charminar,Hyderabad,heritage,2025,June,Monsoon,None,6696
Charminar,Hyderabad,heritage,2025,July,Monsoon,Bonalu,7130
Charminar,Hyderabad,heritage,2025,August,Monsoon,"Independence Day, Krishna Janmashtami",8047
Charminar,Hyderabad,heritage,2025,September,Monsoon,Vinayaka Chavithi,7171
Charminar,Hyderabad,heritage,2025,October,Post-Monsoon,"Bathukamma, Dussehra",15114
Charminar,Hyderabad,heritage,2025,November,Winter,Diwali,17683
Charminar,Hyderabad,heritage,2025,December,Winter,Christmas,19800
Chowmahalla Palace,Hyderabad,heritage,2024,January,Winter,"Bhogi, Sankranti",18915
Chowmahalla Palace,Hyderabad,heritage,2024,February,Winter,Maha Shivaratri,15609
Chowmahalla Palace,Hyderabad,heritage,2024,March,Summer,Holi,9760
Chowmahalla Palace,Hyderabad,heritage,2024,April,Summer,"Ugadi, Sri Rama Navami",9667
Chowmahalla Palace,Hyderabad,heritage,2024,May,Summer,Buddha Purnima,8035
Chowmahalla Palace,Hyderabad,heritage,2024,June,Monsoon,None,5494
Chowmahalla Palace,Hyderabad,heritage,2024,July,Monsoon,Bonalu,5813
Chowmahalla Palace,Hyderabad,heritage,2024,August,Monsoon,"Independence Day, Krishna Janmashtami",6612
Chowmahalla Palace,Hyderabad,heritage,2024,September,Monsoon,Vinayaka Chavithi,6956
Chowmahalla Palace,Hyderabad,heritage,2024,October,Post-Monsoon,"Bathukamma, Dussehra",15739
Chowmahalla Palace,Hyderabad,heritage,2024,November,Winter,Diwali,16099
Chowmahalla Palace,Hyderabad,heritage,2024,December,Winter,Christmas,20719
Chowmahalla Palace,Hyderabad,heritage,2025,January,Winter,"Bhogi, Sankranti",20404
Chowmahalla Palace,Hyderabad,heritage,2025,February,Winter,Maha Shivaratri,17654
Chowmahalla Palace,Hyderabad,heritage,2025,March,Summer,Holi,9995
Chowmahalla Palace,Hyderabad,heritage,2025,April,Summer,"Ugadi, Sri Rama Navami",11230
Chowmahalla Palace,Hyderabad,heritage,2025,May,Summer,Buddha Purnima,8693
Chowmahalla Palace,Hyderabad,heritage,2025,June,Monsoon,None,6421
Chowmahalla Palace,Hyderabad,heritage,2025,July,Monsoon,Bonalu,7424
Chowmahalla Palace,Hyderabad,heritage,2025,August,Monsoon,"Independence Day, Krishna Janmashtami",7622
Chowmahalla Palace,Hyderabad,heritage,2025,September,Monsoon,Vinayaka Chavithi,8352
Chowmahalla Palace,Hyderabad,heritage,2025,October,Post-Monsoon,"Bathukamma, Dussehra",15579
Chowmahalla Palace,Hyderabad,heritage,2025,November,Winter,Diwali,18221
Chowmahalla Palace,Hyderabad,heritage,2025,December,Winter,Christmas,21525
Falaknuma Palace,Hyderabad,heritage,2024,January,Winter,"Bhogi, Sankranti",17859
Falaknuma Palace,Hyderabad,heritage,2024,February,Winter,Maha Shivaratri,17665
Falaknuma Palace,Hyderabad,heritage,2024,March,Summer,Holi,10011
Falaknuma Palace,Hyderabad,heritage,2024,April,Summer,"Ugadi, Sri Rama Navami",9764
Falaknuma Palace,Hyderabad,heritage,2024,May,Summer,Buddha Purnima,8550
Falaknuma Palace,Hyderabad,heritage,2024,June,Monsoon,None,6197
Falaknuma Palace,Hyderabad,heritage,2024,July,Monsoon,Bonalu,6284
Falaknuma Palace,Hyderabad,heritage,2024,August,Monsoon,"Independence Day, Krishna Janmashtami",6535
Falaknuma Palace,Hyderabad,heritage,2024,September,Monsoon,Vinayaka Chavithi,7047
Falaknuma Palace,Hyderabad,heritage,2024,October,Post-Monsoon,"Bathukamma, Dussehra",14766
Falaknuma Palace,Hyderabad,heritage,2024,November,Winter,Diwali,16838
Falaknuma Palace,Hyderabad,heritage,2024,December,Winter,Christmas,18878
Falaknuma Palace,Hyderabad,heritage,2025,January,Winter,"Bhogi, Sankranti",20089
Falaknuma Palace,Hyderabad,heritage,2025,February,Winter,Maha Shivaratri,16325
Falaknuma Palace,Hyderabad,heritage,2025,March,Summer,Holi,10641
Falaknuma Palace,Hyderabad,heritage,2025,April,Summer,"Ugadi, Sri Rama Navami",11181
Falaknuma Palace,Hyderabad,heritage,2025,May,Summer,Buddha Purnima,9202
Falaknuma Palace,Hyderabad,heritage,2025,June,Monsoon,None,6727
Falaknuma Palace,Hyderabad,heritage,2025,July,Monsoon,Bonalu,6856
Falaknuma Palace,Hyderabad,heritage,2025,August,Monsoon,"Independence Day, Krishna Janmashtami",7834
Falaknuma Palace,Hyderabad,heritage,2025,September,Monsoon,Vinayaka Chavithi,7870
Falaknuma Palace,Hyderabad,heritage,2025,October,Post-Monsoon,"Bathukamma, Dussehra",14806
Falaknuma Palace,Hyderabad,heritage,2025,November,Winter,Diwali,18645
Falaknuma Palace,Hyderabad,heritage,2025,December,Winter,Christmas,19979
Golkonda / Golconda Fort,Hyderabad,heritage,2024,January,Winter,"Bhogi, Sankranti",18688
Golkonda / Golconda Fort,Hyderabad,heritage,2024,February,Winter,Maha Shivaratri,15163
Golkonda / Golconda Fort,Hyderabad,heritage,2024,March,Summer,Holi,9147
Golkonda / Golconda Fort,Hyderabad,heritage,2024,April,Summer,"Ugadi, Sri Rama Navami",10575
Golkonda / Golconda Fort,Hyderabad,heritage,2024,May,Summer,Buddha Purnima,8272
Golkonda / Golconda Fort,Hyderabad,heritage,2024,June,Monsoon,None,6111
Golkonda / Golconda Fort,Hyderabad,heritage,2024,July,Monsoon,Bonalu,6103
Golkonda / Golconda Fort,Hyderabad,heritage,2024,August,Monsoon,"Independence Day, Krishna Janmashtami",7102
Golkonda / Golconda Fort,Hyderabad,heritage,2024,September,Monsoon,Vinayaka Chavithi,7656
Golkonda / Golconda Fort,Hyderabad,heritage,2024,October,Post-Monsoon,"Bathukamma, Dussehra",14565
Golkonda / Golconda Fort,Hyderabad,heritage,2024,November,Winter,Diwali,16982
Golkonda / Golconda Fort,Hyderabad,heritage,2024,December,Winter,Christmas,17886
Golkonda / Golconda Fort,Hyderabad,heritage,2025,January,Winter,"Bhogi, Sankranti",19480
Golkonda / Golconda Fort,Hyderabad,heritage,2025,February,Winter,Maha Shivaratri,17222
Golkonda / Golconda Fort,Hyderabad,heritage,2025,March,Summer,Holi,10559
Golkonda / Golconda Fort,Hyderabad,heritage,2025,April,Summer,"Ugadi, Sri Rama Navami",10590
Golkonda / Golconda Fort,Hyderabad,heritage,2025,May,Summer,Buddha Purnima,9513
Golkonda / Golconda Fort,Hyderabad,heritage,2025,June,Monsoon,None,6097
Golkonda / Golconda Fort,Hyderabad,heritage,2025,July,Monsoon,Bonalu,6520
Golkonda / Golconda Fort,Hyderabad,heritage,2025,August,Monsoon,"Independence Day, Krishna Janmashtami",7490
Golkonda / Golconda Fort,Hyderabad,heritage,2025,September,Monsoon,Vinayaka Chavithi,8469
Golkonda / Golconda Fort,Hyderabad,heritage,2025,October,Post-Monsoon,"Bathukamma, Dussehra",16306
Golkonda / Golconda Fort,Hyderabad,heritage,2025,November,Winter,Diwali,19195
Golkonda / Golconda Fort,Hyderabad,heritage,2025,December,Winter,Christmas,18305
Birla Temple,Hyderabad,religious,2024,January,Winter,"Bhogi, Sankranti",23600
Birla Temple,Hyderabad,religious,2024,February,Winter,Maha Shivaratri,21369
Birla Temple,Hyderabad,religious,2024,March,Summer,Holi,12264
Birla Temple,Hyderabad,religious,2024,April,Summer,"Ugadi, Sri Rama Navami",13366
Birla Temple,Hyderabad,religious,2024,May,Summer,Buddha Purnima,10198
Birla Temple,Hyderabad,religious,2024,June,Monsoon,None,7991
Birla Temple,Hyderabad,religious,2024,July,Monsoon,Bonalu,8583
Birla Temple,Hyderabad,religious,2024,August,Monsoon,"Independence Day, Krishna Janmashtami",8795
Birla Temple,Hyderabad,religious,2024,September,Monsoon,Vinayaka Chavithi,9032
Birla Temple,Hyderabad,religious,2024,October,Post-Monsoon,"Bathukamma, Dussehra",20258
Birla Temple,Hyderabad,religious,2024,November,Winter,Diwali,23035
Birla Temple,Hyderabad,religious,2024,December,Winter,Christmas,22523
Birla Temple,Hyderabad,religious,2025,January,Winter,"Bhogi, Sankranti",24624
Birla Temple,Hyderabad,religious,2025,February,Winter,Maha Shivaratri,21784
Birla Temple,Hyderabad,religious,2025,March,Summer,Holi,12304
Birla Temple,Hyderabad,religious,2025,April,Summer,"Ugadi, Sri Rama Navami",13075
Birla Temple,Hyderabad,religious,2025,May,Summer,Buddha Purnima,10739
Birla Temple,Hyderabad,religious,2025,June,Monsoon,None,7752
Birla Temple,Hyderabad,religious,2025,July,Monsoon,Bonalu,8299
Birla Temple,Hyderabad,religious,2025,August,Monsoon,"Independence Day, Krishna Janmashtami",9787
Birla Temple,Hyderabad,religious,2025,September,Monsoon,Vinayaka Chavithi,10750
Birla Temple,Hyderabad,religious,2025,October,Post-Monsoon,"Bathukamma, Dussehra",19378
Birla Temple,Hyderabad,religious,2025,November,Winter,Diwali,24191
Birla Temple,Hyderabad,religious,2025,December,Winter,Christmas,24711
Qutub Shahi Tombs,Hyderabad,heritage,2024,January,Winter,"Bhogi, Sankranti",18392
Qutub Shahi Tombs,Hyderabad,heritage,2024,February,Winter,Maha Shivaratri,16743
Qutub Shahi Tombs,Hyderabad,heritage,2024,March,Summer,Holi,9127
Qutub Shahi Tombs,Hyderabad,heritage,2024,April,Summer,"Ugadi, Sri Rama Navami",10238
Qutub Shahi Tombs,Hyderabad,heritage,2024,May,Summer,Buddha Purnima,8357
Qutub Shahi Tombs,Hyderabad,heritage,2024,June,Monsoon,None,6055
Qutub Shahi Tombs,Hyderabad,heritage,2024,July,Monsoon,Bonalu,6182
Qutub Shahi Tombs,Hyderabad,heritage,2024,August,Monsoon,"Independence Day, Krishna Janmashtami",7962
Qutub Shahi Tombs,Hyderabad,heritage,2024,September,Monsoon,Vinayaka Chavithi,7080
Qutub Shahi Tombs,Hyderabad,heritage,2024,October,Post-Monsoon,"Bathukamma, Dussehra",14554
Qutub Shahi Tombs,Hyderabad,heritage,2024,November,Winter,Diwali,16374
Qutub Shahi Tombs,Hyderabad,heritage,2024,December,Winter,Christmas,17801
Qutub Shahi Tombs,Hyderabad,heritage,2025,January,Winter,"Bhogi, Sankranti",19278
Qutub Shahi Tombs,Hyderabad,heritage,2025,February,Winter,Maha Shivaratri,18532
Qutub Shahi Tombs,Hyderabad,heritage,2025,March,Summer,Holi,11185
Qutub Shahi Tombs,Hyderabad,heritage,2025,April,Summer,"Ugadi, Sri Rama Navami",10540
Qutub Shahi Tombs,Hyderabad,heritage,2025,May,Summer,Buddha Purnima,8578
Qutub Shahi Tombs,Hyderabad,heritage,2025,June,Monsoon,None,6533
Qutub Shahi Tombs,Hyderabad,heritage,2025,July,Monsoon,Bonalu,6400
Qutub Shahi Tombs,Hyderabad,heritage,2025,August,Monsoon,"Independence Day, Krishna Janmashtami",7901
Qutub Shahi Tombs,Hyderabad,heritage,2025,September,Monsoon,Vinayaka Chavithi,7978
Qutub Shahi Tombs,Hyderabad,heritage,2025,October,Post-Monsoon,"Bathukamma, Dussehra",14923
Qutub Shahi Tombs,Hyderabad,heritage,2025,November,Winter,Diwali,19665
Qutub Shahi Tombs,Hyderabad,heritage,2025,December,Winter,Christmas,21550
Buddha Statue,Hyderabad,other,2024,January,Winter,"Bhogi, Sankranti",11288
Buddha Statue,Hyderabad,other,2024,February,Winter,Maha Shivaratri,10031
Buddha Statue,Hyderabad,other,2024,March,Summer,Holi,6194
Buddha Statue,Hyderabad,other,2024,April,Summer,"Ugadi, Sri Rama Navami",6451
Buddha Statue,Hyderabad,other,2024,May,Summer,Buddha Purnima,5407
Buddha Statue,Hyderabad,other,2024,June,Monsoon,None,4107
Buddha Statue,Hyderabad,other,2024,July,Monsoon,Bonalu,3815
Buddha Statue,Hyderabad,other,2024,August,Monsoon,"Independence Day, Krishna Janmashtami",4300
Buddha Statue,Hyderabad,other,2024,September,Monsoon,Vinayaka Chavithi,4300
Buddha Statue,Hyderabad,other,2024,October,Post-Monsoon,"Bathukamma, Dussehra",9098
Buddha Statue,Hyderabad,other,2024,November,Winter,Diwali,10657
Buddha Statue,Hyderabad,other,2024,December,Winter,Christmas,12601
Buddha Statue,Hyderabad,other,2025,January,Winter,"Bhogi, Sankranti",12251
Buddha Statue,Hyderabad,other,2025,February,Winter,Maha Shivaratri,11172
Buddha Statue,Hyderabad,other,2025,March,Summer,Holi,6590
Buddha Statue,Hyderabad,other,2025,April,Summer,"Ugadi, Sri Rama Navami",7260
Buddha Statue,Hyderabad,other,2025,May,Summer,Buddha Purnima,6368
Buddha Statue,Hyderabad,other,2025,June,Monsoon,None,3924
Buddha Statue,Hyderabad,other,2025,July,Monsoon,Bonalu,4055
Buddha Statue,Hyderabad,other,2025,August,Monsoon,"Independence Day, Krishna Janmashtami",5090
Buddha Statue,Hyderabad,other,2025,September,Monsoon,Vinayaka Chavithi,5158
Buddha Statue,Hyderabad,other,2025,October,Post-Monsoon,"Bathukamma, Dussehra",11140
Buddha Statue,Hyderabad,other,2025,November,Winter,Diwali,11865
Buddha Statue,Hyderabad,other,2025,December,Winter,Christmas,12265
Lumbini Park,Hyderabad,leisure,2024,January,Winter,"Bhogi, Sankranti",13987
Lumbini Park,Hyderabad,leisure,2024,February,Winter,Maha Shivaratri,12596
Lumbini Park,Hyderabad,leisure,2024,March,Summer,Holi,7417
Lumbini Park,Hyderabad,leisure,2024,April,Summer,"Ugadi, Sri Rama Navami",7590
Lumbini Park,Hyderabad,leisure,2024,May,Summer,Buddha Purnima,6433
Lumbini Park,Hyderabad,leisure,2024,June,Monsoon,None,4609
Lumbini Park,Hyderabad,leisure,2024,July,Monsoon,Bonalu,4801
Lumbini Park,Hyderabad,leisure,2024,August,Monsoon,"Independence Day, Krishna Janmashtami",5395
Lumbini Park,Hyderabad,leisure,2024,September,Monsoon,Vinayaka Chavithi,5343
Lumbini Park,Hyderabad,leisure,2024,October,Post-Monsoon,"Bathukamma, Dussehra",11097
Lumbini Park,Hyderabad,leisure,2024,November,Winter,Diwali,13205
Lumbini Park,Hyderabad,leisure,2024,December,Winter,Christmas,12940
Lumbini Park,Hyderabad,leisure,2025,January,Winter,"Bhogi, Sankranti",14943
Lumbini Park,Hyderabad,leisure,2025,February,Winter,Maha Shivaratri,12636
Lumbini Park,Hyderabad,leisure,2025,March,Summer,Holi,7706
Lumbini Park,Hyderabad,leisure,2025,April,Summer,"Ugadi, Sri Rama Navami",8506
Lumbini Park,Hyderabad,leisure,2025,May,Summer,Buddha Purnima,6659
Lumbini Park,Hyderabad,leisure,2025,June,Monsoon,None,4714
Lumbini Park,Hyderabad,leisure,2025,July,Monsoon,Bonalu,4520
Lumbini Park,Hyderabad,leisure,2025,August,Monsoon,"Independence Day, Krishna Janmashtami",5854
Lumbini Park,Hyderabad,leisure,2025,September,Monsoon,Vinayaka Chavithi,6007
Lumbini Park,Hyderabad,leisure,2025,October,Post-Monsoon,"Bathukamma, Dussehra",13185
Lumbini Park,Hyderabad,leisure,2025,November,Winter,Diwali,13243
Lumbini Park,Hyderabad,leisure,2025,December,Winter,Christmas,14730
Nehru Zoological Park,Hyderabad,leisure,2024,January,Winter,"Bhogi, Sankranti",13755
Nehru Zoological Park,Hyderabad,leisure,2024,February,Winter,Maha Shivaratri,12876
Nehru Zoological Park,Hyderabad,leisure,2024,March,Summer,Holi,7091
Nehru Zoological Park,Hyderabad,leisure,2024,April,Summer,"Ugadi, Sri Rama Navami",7506
Nehru Zoological Park,Hyderabad,leisure,2024,May,Summer,Buddha Purnima,6293
Nehru Zoological Park,Hyderabad,leisure,2024,June,Monsoon,None,4395
Nehru Zoological Park,Hyderabad,leisure,2024,July,Monsoon,Bonalu,4390
Nehru Zoological Park,Hyderabad,leisure,2024,August,Monsoon,"Independence Day, Krishna Janmashtami",5276
Nehru Zoological Park,Hyderabad,leisure,2024,September,Monsoon,Vinayaka Chavithi,5678
Nehru Zoological Park,Hyderabad,leisure,2024,October,Post-Monsoon,"Bathukamma, Dussehra",10451
Nehru Zoological Park,Hyderabad,leisure,2024,November,Winter,Diwali,12536
Nehru Zoological Park,Hyderabad,leisure,2024,December,Winter,Christmas,13019
Nehru Zoological Park,Hyderabad,leisure,2025,January,Winter,"Bhogi, Sankranti",15549
Nehru Zoological Park,Hyderabad,leisure,2025,February,Winter,Maha Shivaratri,11908
Nehru Zoological Park,Hyderabad,leisure,2025,March,Summer,Holi,7480
Nehru Zoological Park,Hyderabad,leisure,2025,April,Summer,"Ugadi, Sri Rama Navami",8145
Nehru Zoological Park,Hyderabad,leisure,2025,May,Summer,Buddha Purnima,7112
Nehru Zoological Park,Hyderabad,leisure,2025,June,Monsoon,None,4687
Nehru Zoological Park,Hyderabad,leisure,2025,July,Monsoon,Bonalu,4715
Nehru Zoological Park,Hyderabad,leisure,2025,August,Monsoon,"Independence Day, Krishna Janmashtami",6174
Nehru Zoological Park,Hyderabad,leisure,2025,September,Monsoon,Vinayaka Chavithi,5398
Nehru Zoological Park,Hyderabad,leisure,2025,October,Post-Monsoon,"Bathukamma, Dussehra",10590
Nehru Zoological Park,Hyderabad,leisure,2025,November,Winter,Diwali,13746
Nehru Zoological Park,Hyderabad,leisure,2025,December,Winter,Christmas,14205
Birla Planetarium & Science Museum,Hyderabad,heritage,2024,January,Winter,"Bhogi, Sankranti",17496
Birla Planetarium & Science Museum,Hyderabad,heritage,2024,February,Winter,Maha Shivaratri,16770
Birla Planetarium & Science Museum,Hyderabad,heritage,2024,March,Summer,Holi,9787
Birla Planetarium & Science Museum,Hyderabad,heritage,2024,April,Summer,"Ugadi, Sri Rama Navami",9763
Birla Planetarium & Science Museum,Hyderabad,heritage,2024,May,Summer,Buddha Purnima,7757
Birla Planetarium & Science Museum,Hyderabad,heritage,2024,June,Monsoon,None,6167
Birla Planetarium & Science Museum,Hyderabad,heritage,2024,July,Monsoon,Bonalu,6292
Birla Planetarium & Science Museum,Hyderabad,heritage,2024,August,Monsoon,"Independence Day, Krishna Janmashtami",7056
Birla Planetarium & Science Museum,Hyderabad,heritage,2024,September,Monsoon,Vinayaka Chavithi,7988
Birla Planetarium & Science Museum,Hyderabad,heritage,2024,October,Post-Monsoon,"Bathukamma, Dussehra",14151
Birla Planetarium & Science Museum,Hyderabad,heritage,2024,November,Winter,Diwali,15612
Birla Planetarium & Science Museum,Hyderabad,heritage,2024,December,Winter,Christmas,17676
Birla Planetarium & Science Museum,Hyderabad,heritage,2025,January,Winter,"Bhogi, Sankranti",19867
Birla Planetarium & Science Museum,Hyderabad,heritage,2025,February,Winter,Maha Shivaratri,17705
Birla Planetarium & Science Museum,Hyderabad,heritage,2025,March,Summer,Holi,10317
Birla Planetarium & Science Museum,Hyderabad,heritage,2025,April,Summer,"Ugadi, Sri Rama Navami",11041
Birla Planetarium & Science Museum,Hyderabad,heritage,2025,May,Summer,Buddha Purnima,8391
Birla Planetarium & Science Museum,Hyderabad,heritage,2025,June,Monsoon,None,6843
Birla Planetarium & Science Museum,Hyderabad,heritage,2025,July,Monsoon,Bonalu,6555
Birla Planetarium & Science Museum,Hyderabad,heritage,2025,August,Monsoon,"Independence Day, Krishna Janmashtami",8086
Birla Planetarium & Science Museum,Hyderabad,heritage,2025,September,Monsoon,Vinayaka Chavithi,8033
Birla Planetarium & Science Museum,Hyderabad,heritage,2025,October,Post-Monsoon,"Bathukamma, Dussehra",16516
Birla Planetarium & Science Museum,Hyderabad,heritage,2025,November,Winter,Diwali,18773
Birla Planetarium & Science Museum,Hyderabad,heritage,2025,December,Winter,Christmas,20217
Salar Jung Museum,Hyderabad,heritage,2024,January,Winter,"Bhogi, Sankranti",19030
Salar Jung Museum,Hyderabad,heritage,2024,February,Winter,Maha Shivaratri,17273
Salar Jung Museum,Hyderabad,heritage,2024,March,Summer,Holi,9764
Salar Jung Museum,Hyderabad,heritage,2024,April,Summer,"Ugadi, Sri Rama Navami",10402
Salar Jung Museum,Hyderabad,heritage,2024,May,Summer,Buddha Purnima,8251
Salar Jung Museum,Hyderabad,heritage,2024,June,Monsoon,None,6335
Salar Jung Museum,Hyderabad,heritage,2024,July,Monsoon,Bonalu,5888
Salar Jung Museum,Hyderabad,heritage,2024,August,Monsoon,"Independence Day, Krishna Janmashtami",7730
Salar Jung Museum,Hyderabad,heritage,2024,September,Monsoon,Vinayaka Chavithi,7298
Salar Jung Museum,Hyderabad,heritage,2024,October,Post-Monsoon,"Bathukamma, Dussehra",13881
Salar Jung Museum,Hyderabad,heritage,2024,November,Winter,Diwali,17009
Salar Jung Museum,Hyderabad,heritage,2024,December,Winter,Christmas,17686
Salar Jung Museum,Hyderabad,heritage,2025,January,Winter,"Bhogi, Sankranti",20749
Salar Jung Museum,Hyderabad,heritage,2025,February,Winter,Maha Shivaratri,16922
Salar Jung Museum,Hyderabad,heritage,2025,March,Summer,Holi,10210
Salar Jung Museum,Hyderabad,heritage,2025,April,Summer,"Ugadi, Sri Rama Navami",9825
Salar Jung Museum,Hyderabad,heritage,2025,May,Summer,Buddha Purnima,8749
Salar Jung Museum,Hyderabad,heritage,2025,June,Monsoon,None,5609
Salar Jung Museum,Hyderabad,heritage,2025,July,Monsoon,Bonalu,6060
Salar Jung Museum,Hyderabad,heritage,2025,August,Monsoon,"Independence Day, Krishna Janmashtami",7950
Salar Jung Museum,Hyderabad,heritage,2025,September,Monsoon,Vinayaka Chavithi,8208
Salar Jung Museum,Hyderabad,heritage,2025,October,Post-Monsoon,"Bathukamma, Dussehra",16490
Salar Jung Museum,Hyderabad,heritage,2025,November,Winter,Diwali,17371
Salar Jung Museum,Hyderabad,heritage,2025,December,Winter,Christmas,19727
Ramoji Film City,Ranga Reddy,leisure,2024,January,Winter,"Bhogi, Sankranti",11661
Ramoji Film City,Ranga Reddy,leisure,2024,February,Winter,Maha Shivaratri,9652
Ramoji Film City,Ranga Reddy,leisure,2024,March,Summer,Holi,6576
Ramoji Film City,Ranga Reddy,leisure,2024,April,Summer,"Ugadi, Sri Rama Navami",6633
Ramoji Film City,Ranga Reddy,leisure,2024,May,Summer,Buddha Purnima,5185
Ramoji Film City,Ranga Reddy,leisure,2024,June,Monsoon,None,3743
Ramoji Film City,Ranga Reddy,leisure,2024,July,Monsoon,Bonalu,3895
Ramoji Film City,Ranga Reddy,leisure,2024,August,Monsoon,"Independence Day, Krishna Janmashtami",4028
Ramoji Film City,Ranga Reddy,leisure,2024,September,Monsoon,Vinayaka Chavithi,4569
Ramoji Film City,Ranga Reddy,leisure,2024,October,Post-Monsoon,"Bathukamma, Dussehra",9135
Ramoji Film City,Ranga Reddy,leisure,2024,November,Winter,Diwali,10155
Ramoji Film City,Ranga Reddy,leisure,2024,December,Winter,Christmas,11419
Ramoji Film City,Ranga Reddy,leisure,2025,January,Winter,"Bhogi, Sankranti",13728
Ramoji Film City,Ranga Reddy,leisure,2025,February,Winter,Maha Shivaratri,11420
Ramoji Film City,Ranga Reddy,leisure,2025,March,Summer,Holi,6417
Ramoji Film City,Ranga Reddy,leisure,2025,April,Summer,"Ugadi, Sri Rama Navami",7060
Ramoji Film City,Ranga Reddy,leisure,2025,May,Summer,Buddha Purnima,6058
Ramoji Film City,Ranga Reddy,leisure,2025,June,Monsoon,None,4224
Ramoji Film City,Ranga Reddy,leisure,2025,July,Monsoon,Bonalu,4176
Ramoji Film City,Ranga Reddy,leisure,2025,August,Monsoon,"Independence Day, Krishna Janmashtami",4688
Ramoji Film City,Ranga Reddy,leisure,2025,September,Monsoon,Vinayaka Chavithi,5170
Ramoji Film City,Ranga Reddy,leisure,2025,October,Post-Monsoon,"Bathukamma, Dussehra",10415
Ramoji Film City,Ranga Reddy,leisure,2025,November,Winter,Diwali,12063
Ramoji Film City,Ranga Reddy,leisure,2025,December,Winter,Christmas,12906
Sri Rama Chandra Temple - Ammapalli,Ranga Reddy,religious,2024,January,Winter,"Bhogi, Sankranti",21043
Sri Rama Chandra Temple - Ammapalli,Ranga Reddy,religious,2024,February,Winter,Maha Shivaratri,17094
Sri Rama Chandra Temple - Ammapalli,Ranga Reddy,religious,2024,March,Summer,Holi,11176
Sri Rama Chandra Temple - Ammapalli,Ranga Reddy,religious,2024,April,Summer,"Ugadi, Sri Rama Navami",11001
Sri Rama Chandra Temple - Ammapalli,Ranga Reddy,religious,2024,May,Summer,Buddha Purnima,9920
Sri Rama Chandra Temple - Ammapalli,Ranga Reddy,religious,2024,June,Monsoon,None,6187
Sri Rama Chandra Temple - Ammapalli,Ranga Reddy,religious,2024,July,Monsoon,Bonalu,7182
Sri Rama Chandra Temple - Ammapalli,Ranga Reddy,religious,2024,August,Monsoon,"Independence Day, Krishna Janmashtami",7766
Sri Rama Chandra Temple - Ammapalli,Ranga Reddy,religious,2024,September,Monsoon,Vinayaka Chavithi,7672
Sri Rama Chandra Temple - Ammapalli,Ranga Reddy,religious,2024,October,Post-Monsoon,"Bathukamma, Dussehra",15820
Sri Rama Chandra Temple - Ammapalli,Ranga Reddy,religious,2024,November,Winter,Diwali,18034
Sri Rama Chandra Temple - Ammapalli,Ranga Reddy,religious,2024,December,Winter,Christmas,20276
Sri Rama Chandra Temple - Ammapalli,Ranga Reddy,religious,2025,January,Winter,"Bhogi, Sankranti",22157
Sri Rama Chandra Temple - Ammapalli,Ranga Reddy,religious,2025,February,Winter,Maha Shivaratri,18425
Sri Rama Chandra Temple - Ammapalli,Ranga Reddy,religious,2025,March,Summer,Holi,11310
Sri Rama Chandra Temple - Ammapalli,Ranga Reddy,religious,2025,April,Summer,"Ugadi, Sri Rama Navami",13026
Sri Rama Chandra Temple - Ammapalli,Ranga Reddy,religious,2025,May,Summer,Buddha Purnima,10545
Sri Rama Chandra Temple - Ammapalli,Ranga Reddy,religious,2025,June,Monsoon,None,7072
Sri Rama Chandra Temple - Ammapalli,Ranga Reddy,religious,2025,July,Monsoon,Bonalu,7151
Sri Rama Chandra Temple - Ammapalli,Ranga Reddy,religious,2025,August,Monsoon,"Independence Day, Krishna Janmashtami",8355
Sri Rama Chandra Temple - Ammapalli,Ranga Reddy,religious,2025,September,Monsoon,Vinayaka Chavithi,8827
Sri Rama Chandra Temple - Ammapalli,Ranga Reddy,religious,2025,October,Post-Monsoon,"Bathukamma, Dussehra",16614
Sri Rama Chandra Temple - Ammapalli,Ranga Reddy,religious,2025,November,Winter,Diwali,19539
Sri Rama Chandra Temple - Ammapalli,Ranga Reddy,religious,2025,December,Winter,Christmas,19654
Anantagiri Hills,Vikarabad,nature,2024,January,Winter,"Bhogi, Sankranti",12678
Anantagiri Hills,Vikarabad,nature,2024,February,Winter,Maha Shivaratri,11273
Anantagiri Hills,Vikarabad,nature,2024,March,Summer,Holi,6361
Anantagiri Hills,Vikarabad,nature,2024,April,Summer,"Ugadi, Sri Rama Navami",7306
Anantagiri Hills,Vikarabad,nature,2024,May,Summer,Buddha Purnima,5245
Anantagiri Hills,Vikarabad,nature,2024,June,Monsoon,None,3692
Anantagiri Hills,Vikarabad,nature,2024,July,Monsoon,Bonalu,4155
Anantagiri Hills,Vikarabad,nature,2024,August,Monsoon,"Independence Day, Krishna Janmashtami",5031
Anantagiri Hills,Vikarabad,nature,2024,September,Monsoon,Vinayaka Chavithi,5345
Anantagiri Hills,Vikarabad,nature,2024,October,Post-Monsoon,"Bathukamma, Dussehra",9848
Anantagiri Hills,Vikarabad,nature,2024,November,Winter,Diwali,12009
Anantagiri Hills,Vikarabad,nature,2024,December,Winter,Christmas,12320
Anantagiri Hills,Vikarabad,nature,2025,January,Winter,"Bhogi, Sankranti",13309
Anantagiri Hills,Vikarabad,nature,2025,February,Winter,Maha Shivaratri,12314
Anantagiri Hills,Vikarabad,nature,2025,March,Summer,Holi,7270
Anantagiri Hills,Vikarabad,nature,2025,April,Summer,"Ugadi, Sri Rama Navami",6738
Anantagiri Hills,Vikarabad,nature,2025,May,Summer,Buddha Purnima,6480
Anantagiri Hills,Vikarabad,nature,2025,June,Monsoon,None,4600
Anantagiri Hills,Vikarabad,nature,2025,July,Monsoon,Bonalu,4298
Anantagiri Hills,Vikarabad,nature,2025,August,Monsoon,"Independence Day, Krishna Janmashtami",5265
Anantagiri Hills,Vikarabad,nature,2025,September,Monsoon,Vinayaka Chavithi,5456
Anantagiri Hills,Vikarabad,nature,2025,October,Post-Monsoon,"Bathukamma, Dussehra",11028
Anantagiri Hills,Vikarabad,nature,2025,November,Winter,Diwali,11967
Anantagiri Hills,Vikarabad,nature,2025,December,Winter,Christmas,12883
Bugga Rameshwaram Temple - Anantagiri Hills,Vikarabad,religious,2024,January,Winter,"Bhogi, Sankranti",18621
Bugga Rameshwaram Temple - Anantagiri Hills,Vikarabad,religious,2024,February,Winter,Maha Shivaratri,17340
Bugga Rameshwaram Temple - Anantagiri Hills,Vikarabad,religious,2024,March,Summer,Holi,10044
Bugga Rameshwaram Temple - Anantagiri Hills,Vikarabad,religious,2024,April,Summer,"Ugadi, Sri Rama Navami",9971
Bugga Rameshwaram Temple - Anantagiri Hills,Vikarabad,religious,2024,May,Summer,Buddha Purnima,8705
Bugga Rameshwaram Temple - Anantagiri Hills,Vikarabad,religious,2024,June,Monsoon,None,5125
Bugga Rameshwaram Temple - Anantagiri Hills,Vikarabad,religious,2024,July,Monsoon,Bonalu,6517
Bugga Rameshwaram Temple - Anantagiri Hills,Vikarabad,religious,2024,August,Monsoon,"Independence Day, Krishna Janmashtami",6547
Bugga Rameshwaram Temple - Anantagiri Hills,Vikarabad,religious,2024,September,Monsoon,Vinayaka Chavithi,7261
Bugga Rameshwaram Temple - Anantagiri Hills,Vikarabad,religious,2024,October,Post-Monsoon,"Bathukamma, Dussehra",14273
Bugga Rameshwaram Temple - Anantagiri Hills,Vikarabad,religious,2024,November,Winter,Diwali,15985
Bugga Rameshwaram Temple - Anantagiri Hills,Vikarabad,religious,2024,December,Winter,Christmas,19590
Bugga Rameshwaram Temple - Anantagiri Hills,Vikarabad,religious,2025,January,Winter,"Bhogi, Sankranti",19666
Bugga Rameshwaram Temple - Anantagiri Hills,Vikarabad,religious,2025,February,Winter,Maha Shivaratri,17996
Bugga Rameshwaram Temple - Anantagiri Hills,Vikarabad,religious,2025,March,Summer,Holi,10536
Bugga Rameshwaram Temple - Anantagiri Hills,Vikarabad,religious,2025,April,Summer,"Ugadi, Sri Rama Navami",11234
Bugga Rameshwaram Temple - Anantagiri Hills,Vikarabad,religious,2025,May,Summer,Buddha Purnima,9087
Bugga Rameshwaram Temple - Anantagiri Hills,Vikarabad,religious,2025,June,Monsoon,None,6040
Bugga Rameshwaram Temple - Anantagiri Hills,Vikarabad,religious,2025,July,Monsoon,Bonalu,6987
Bugga Rameshwaram Temple - Anantagiri Hills,Vikarabad,religious,2025,August,Monsoon,"Independence Day, Krishna Janmashtami",7554
Bugga Rameshwaram Temple - Anantagiri Hills,Vikarabad,religious,2025,September,Monsoon,Vinayaka Chavithi,7365
Bugga Rameshwaram Temple - Anantagiri Hills,Vikarabad,religious,2025,October,Post-Monsoon,"Bathukamma, Dussehra",15979
Bugga Rameshwaram Temple - Anantagiri Hills,Vikarabad,religious,2025,November,Winter,Diwali,19844
Bugga Rameshwaram Temple - Anantagiri Hills,Vikarabad,religious,2025,December,Winter,Christmas,20847
Wargal Saraswati Temple,Siddipet,religious,2024,January,Winter,"Bhogi, Sankranti",18246
Wargal Saraswati Temple,Siddipet,religious,2024,February,Winter,Maha Shivaratri,16028
Wargal Saraswati Temple,Siddipet,religious,2024,March,Summer,Holi,9582
Wargal Saraswati Temple,Siddipet,religious,2024,April,Summer,"Ugadi, Sri Rama Navami",11169
Wargal Saraswati Temple,Siddipet,religious,2024,May,Summer,Buddha Purnima,8507
Wargal Saraswati Temple,Siddipet,religious,2024,June,Monsoon,None,6080
Wargal Saraswati Temple,Siddipet,religious,2024,July,Monsoon,Bonalu,6454
Wargal Saraswati Temple,Siddipet,religious,2024,August,Monsoon,"Independence Day, Krishna Janmashtami",7228
Wargal Saraswati Temple,Siddipet,religious,2024,September,Monsoon,Vinayaka Chavithi,7270
Wargal Saraswati Temple,Siddipet,religious,2024,October,Post-Monsoon,"Bathukamma, Dussehra",14911
Wargal Saraswati Temple,Siddipet,religious,2024,November,Winter,Diwali,16962
Wargal Saraswati Temple,Siddipet,religious,2024,December,Winter,Christmas,18407
Wargal Saraswati Temple,Siddipet,religious,2025,January,Winter,"Bhogi, Sankranti",20785
Wargal Saraswati Temple,Siddipet,religious,2025,February,Winter,Maha Shivaratri,17664
Wargal Saraswati Temple,Siddipet,religious,2025,March,Summer,Holi,10903
Wargal Saraswati Temple,Siddipet,religious,2025,April,Summer,"Ugadi, Sri Rama Navami",10884
Wargal Saraswati Temple,Siddipet,religious,2025,May,Summer,Buddha Purnima,9051
Wargal Saraswati Temple,Siddipet,religious,2025,June,Monsoon,None,5786
Wargal Saraswati Temple,Siddipet,religious,2025,July,Monsoon,Bonalu,6933
Wargal Saraswati Temple,Siddipet,religious,2025,August,Monsoon,"Independence Day, Krishna Janmashtami",7847
Wargal Saraswati Temple,Siddipet,religious,2025,September,Monsoon,Vinayaka Chavithi,8352
Wargal Saraswati Temple,Siddipet,religious,2025,October,Post-Monsoon,"Bathukamma, Dussehra",13908
Wargal Saraswati Temple,Siddipet,religious,2025,November,Winter,Diwali,20304
Wargal Saraswati Temple,Siddipet,religious,2025,December,Winter,Christmas,19777
Bhongir Fort,Yadadri Bhuvanagiri,heritage,2024,January,Winter,"Bhogi, Sankranti",15704
Bhongir Fort,Yadadri Bhuvanagiri,heritage,2024,February,Winter,Maha Shivaratri,12391
Bhongir Fort,Yadadri Bhuvanagiri,heritage,2024,March,Summer,Holi,8042
Bhongir Fort,Yadadri Bhuvanagiri,heritage,2024,April,Summer,"Ugadi, Sri Rama Navami",7680
Bhongir Fort,Yadadri Bhuvanagiri,heritage,2024,May,Summer,Buddha Purnima,6480
Bhongir Fort,Yadadri Bhuvanagiri,heritage,2024,June,Monsoon,None,5225
Bhongir Fort,Yadadri Bhuvanagiri,heritage,2024,July,Monsoon,Bonalu,4871
Bhongir Fort,Yadadri Bhuvanagiri,heritage,2024,August,Monsoon,"Independence Day, Krishna Janmashtami",5785
Bhongir Fort,Yadadri Bhuvanagiri,heritage,2024,September,Monsoon,Vinayaka Chavithi,6158
Bhongir Fort,Yadadri Bhuvanagiri,heritage,2024,October,Post-Monsoon,"Bathukamma, Dussehra",12365
Bhongir Fort,Yadadri Bhuvanagiri,heritage,2024,November,Winter,Diwali,13742
Bhongir Fort,Yadadri Bhuvanagiri,heritage,2024,December,Winter,Christmas,15046
Bhongir Fort,Yadadri Bhuvanagiri,heritage,2025,January,Winter,"Bhogi, Sankranti",18001
Bhongir Fort,Yadadri Bhuvanagiri,heritage,2025,February,Winter,Maha Shivaratri,14076
Bhongir Fort,Yadadri Bhuvanagiri,heritage,2025,March,Summer,Holi,8512
Bhongir Fort,Yadadri Bhuvanagiri,heritage,2025,April,Summer,"Ugadi, Sri Rama Navami",9216
Bhongir Fort,Yadadri Bhuvanagiri,heritage,2025,May,Summer,Buddha Purnima,7623
Bhongir Fort,Yadadri Bhuvanagiri,heritage,2025,June,Monsoon,None,5456
Bhongir Fort,Yadadri Bhuvanagiri,heritage,2025,July,Monsoon,Bonalu,5481
Bhongir Fort,Yadadri Bhuvanagiri,heritage,2025,August,Monsoon,"Independence Day, Krishna Janmashtami",5827
Bhongir Fort,Yadadri Bhuvanagiri,heritage,2025,September,Monsoon,Vinayaka Chavithi,6894
Bhongir Fort,Yadadri Bhuvanagiri,heritage,2025,October,Post-Monsoon,"Bathukamma, Dussehra",12284
Bhongir Fort,Yadadri Bhuvanagiri,heritage,2025,November,Winter,Diwali,14953
Bhongir Fort,Yadadri Bhuvanagiri,heritage,2025,December,Winter,Christmas,15356
Edupayala Vana Durga Bhavani Temple,Medak,religious,2024,January,Winter,"Bhogi, Sankranti",18511
Edupayala Vana Durga Bhavani Temple,Medak,religious,2024,February,Winter,Maha Shivaratri,16581
Edupayala Vana Durga Bhavani Temple,Medak,religious,2024,March,Summer,Holi,9895
Edupayala Vana Durga Bhavani Temple,Medak,religious,2024,April,Summer,"Ugadi, Sri Rama Navami",10332
Edupayala Vana Durga Bhavani Temple,Medak,religious,2024,May,Summer,Buddha Purnima,9021
Edupayala Vana Durga Bhavani Temple,Medak,religious,2024,June,Monsoon,None,6087
Edupayala Vana Durga Bhavani Temple,Medak,religious,2024,July,Monsoon,Bonalu,6063
Edupayala Vana Durga Bhavani Temple,Medak,religious,2024,August,Monsoon,"Independence Day, Krishna Janmashtami",7487
Edupayala Vana Durga Bhavani Temple,Medak,religious,2024,September,Monsoon,Vinayaka Chavithi,7804
Edupayala Vana Durga Bhavani Temple,Medak,religious,2024,October,Post-Monsoon,"Bathukamma, Dussehra",14134
Edupayala Vana Durga Bhavani Temple,Medak,religious,2024,November,Winter,Diwali,17531
Edupayala Vana Durga Bhavani Temple,Medak,religious,2024,December,Winter,Christmas,19088
Edupayala Vana Durga Bhavani Temple,Medak,religious,2025,January,Winter,"Bhogi, Sankranti",19757
Edupayala Vana Durga Bhavani Temple,Medak,religious,2025,February,Winter,Maha Shivaratri,18830
Edupayala Vana Durga Bhavani Temple,Medak,religious,2025,March,Summer,Holi,10439
Edupayala Vana Durga Bhavani Temple,Medak,religious,2025,April,Summer,"Ugadi, Sri Rama Navami",10996
Edupayala Vana Durga Bhavani Temple,Medak,religious,2025,May,Summer,Buddha Purnima,8937
Edupayala Vana Durga Bhavani Temple,Medak,religious,2025,June,Monsoon,None,6433
Edupayala Vana Durga Bhavani Temple,Medak,religious,2025,July,Monsoon,Bonalu,6266
Edupayala Vana Durga Bhavani Temple,Medak,religious,2025,August,Monsoon,"Independence Day, Krishna Janmashtami",7158
Edupayala Vana Durga Bhavani Temple,Medak,religious,2025,September,Monsoon,Vinayaka Chavithi,8589
Edupayala Vana Durga Bhavani Temple,Medak,religious,2025,October,Post-Monsoon,"Bathukamma, Dussehra",15574
Edupayala Vana Durga Bhavani Temple,Medak,religious,2025,November,Winter,Diwali,17473
Edupayala Vana Durga Bhavani Temple,Medak,religious,2025,December,Winter,Christmas,17772
Singur Dam,Sangareddy,nature,2024,January,Winter,"Bhogi, Sankranti",12081
Singur Dam,Sangareddy,nature,2024,February,Winter,Maha Shivaratri,10238
Singur Dam,Sangareddy,nature,2024,March,Summer,Holi,7082
Singur Dam,Sangareddy,nature,2024,April,Summer,"Ugadi, Sri Rama Navami",7143
Singur Dam,Sangareddy,nature,2024,May,Summer,Buddha Purnima,5417
Singur Dam,Sangareddy,nature,2024,June,Monsoon,None,4450
Singur Dam,Sangareddy,nature,2024,July,Monsoon,Bonalu,4327
Singur Dam,Sangareddy,nature,2024,August,Monsoon,"Independence Day, Krishna Janmashtami",4722
Singur Dam,Sangareddy,nature,2024,September,Monsoon,Vinayaka Chavithi,4331
Singur Dam,Sangareddy,nature,2024,October,Post-Monsoon,"Bathukamma, Dussehra",11279
Singur Dam,Sangareddy,nature,2024,November,Winter,Diwali,10645
Singur Dam,Sangareddy,nature,2024,December,Winter,Christmas,11374
Singur Dam,Sangareddy,nature,2025,January,Winter,"Bhogi, Sankranti",14167
Singur Dam,Sangareddy,nature,2025,February,Winter,Maha Shivaratri,13285
Singur Dam,Sangareddy,nature,2025,March,Summer,Holi,7558
Singur Dam,Sangareddy,nature,2025,April,Summer,"Ugadi, Sri Rama Navami",7551
Singur Dam,Sangareddy,nature,2025,May,Summer,Buddha Purnima,6239
Singur Dam,Sangareddy,nature,2025,June,Monsoon,None,4504
Singur Dam,Sangareddy,nature,2025,July,Monsoon,Bonalu,4624
Singur Dam,Sangareddy,nature,2025,August,Monsoon,"Independence Day, Krishna Janmashtami",5257
Singur Dam,Sangareddy,nature,2025,September,Monsoon,Vinayaka Chavithi,5374
Singur Dam,Sangareddy,nature,2025,October,Post-Monsoon,"Bathukamma, Dussehra",10895
Singur Dam,Sangareddy,nature,2025,November,Winter,Diwali,11889
Singur Dam,Sangareddy,nature,2025,December,Winter,Christmas,13197
Medak Church,Medak,other,2024,January,Winter,"Bhogi, Sankranti",8499
Medak Church,Medak,other,2024,February,Winter,Maha Shivaratri,8117
Medak Church,Medak,other,2024,March,Summer,Holi,4629
Medak Church,Medak,other,2024,April,Summer,"Ugadi, Sri Rama Navami",4780
Medak Church,Medak,other,2024,May,Summer,Buddha Purnima,4211
Medak Church,Medak,other,2024,June,Monsoon,None,3183
Medak Church,Medak,other,2024,July,Monsoon,Bonalu,3210
Medak Church,Medak,other,2024,August,Monsoon,"Independence Day, Krishna Janmashtami",3291
Medak Church,Medak,other,2024,September,Monsoon,Vinayaka Chavithi,3501
Medak Church,Medak,other,2024,October,Post-Monsoon,"Bathukamma, Dussehra",7883
Medak Church,Medak,other,2024,November,Winter,Diwali,8093
Medak Church,Medak,other,2024,December,Winter,Christmas,9117
Medak Church,Medak,other,2025,January,Winter,"Bhogi, Sankranti",10304
Medak Church,Medak,other,2025,February,Winter,Maha Shivaratri,8383
Medak Church,Medak,other,2025,March,Summer,Holi,5287
Medak Church,Medak,other,2025,April,Summer,"Ugadi, Sri Rama Navami",5099
Medak Church,Medak,other,2025,May,Summer,Buddha Purnima,4372
Medak Church,Medak,other,2025,June,Monsoon,None,3265
Medak Church,Medak,other,2025,July,Monsoon,Bonalu,3050
Medak Church,Medak,other,2025,August,Monsoon,"Independence Day, Krishna Janmashtami",3942
Medak Church,Medak,other,2025,September,Monsoon,Vinayaka Chavithi,3973
Medak Church,Medak,other,2025,October,Post-Monsoon,"Bathukamma, Dussehra",8356
Medak Church,Medak,other,2025,November,Winter,Diwali,9295
Medak Church,Medak,other,2025,December,Winter,Christmas,10637
Pillalamarri / Big Banyan Tree,Mahabubnagar,other,2024,January,Winter,"Bhogi, Sankranti",9419
Pillalamarri / Big Banyan Tree,Mahabubnagar,other,2024,February,Winter,Maha Shivaratri,8046
Pillalamarri / Big Banyan Tree,Mahabubnagar,other,2024,March,Summer,Holi,4939
Pillalamarri / Big Banyan Tree,Mahabubnagar,other,2024,April,Summer,"Ugadi, Sri Rama Navami",5239
Pillalamarri / Big Banyan Tree,Mahabubnagar,other,2024,May,Summer,Buddha Purnima,4218
Pillalamarri / Big Banyan Tree,Mahabubnagar,other,2024,June,Monsoon,None,3006
Pillalamarri / Big Banyan Tree,Mahabubnagar,other,2024,July,Monsoon,Bonalu,2985
Pillalamarri / Big Banyan Tree,Mahabubnagar,other,2024,August,Monsoon,"Independence Day, Krishna Janmashtami",3481
Pillalamarri / Big Banyan Tree,Mahabubnagar,other,2024,September,Monsoon,Vinayaka Chavithi,3452
Pillalamarri / Big Banyan Tree,Mahabubnagar,other,2024,October,Post-Monsoon,"Bathukamma, Dussehra",8254
Pillalamarri / Big Banyan Tree,Mahabubnagar,other,2024,November,Winter,Diwali,8046
Pillalamarri / Big Banyan Tree,Mahabubnagar,other,2024,December,Winter,Christmas,8973
Pillalamarri / Big Banyan Tree,Mahabubnagar,other,2025,January,Winter,"Bhogi, Sankranti",9746
Pillalamarri / Big Banyan Tree,Mahabubnagar,other,2025,February,Winter,Maha Shivaratri,9278
Pillalamarri / Big Banyan Tree,Mahabubnagar,other,2025,March,Summer,Holi,5223
Pillalamarri / Big Banyan Tree,Mahabubnagar,other,2025,April,Summer,"Ugadi, Sri Rama Navami",5852
Pillalamarri / Big Banyan Tree,Mahabubnagar,other,2025,May,Summer,Buddha Purnima,4391
Pillalamarri / Big Banyan Tree,Mahabubnagar,other,2025,June,Monsoon,None,3285
Pillalamarri / Big Banyan Tree,Mahabubnagar,other,2025,July,Monsoon,Bonalu,3202
Pillalamarri / Big Banyan Tree,Mahabubnagar,other,2025,August,Monsoon,"Independence Day, Krishna Janmashtami",4305
Pillalamarri / Big Banyan Tree,Mahabubnagar,other,2025,September,Monsoon,Vinayaka Chavithi,3771
Pillalamarri / Big Banyan Tree,Mahabubnagar,other,2025,October,Post-Monsoon,"Bathukamma, Dussehra",8324
Pillalamarri / Big Banyan Tree,Mahabubnagar,other,2025,November,Winter,Diwali,9560
Pillalamarri / Big Banyan Tree,Mahabubnagar,other,2025,December,Winter,Christmas,10246
Yadagirigutta,Yadadri Bhuvanagiri,other,2024,January,Winter,"Bhogi, Sankranti",9310
Yadagirigutta,Yadadri Bhuvanagiri,other,2024,February,Winter,Maha Shivaratri,8202
Yadagirigutta,Yadadri Bhuvanagiri,other,2024,March,Summer,Holi,4939
Yadagirigutta,Yadadri Bhuvanagiri,other,2024,April,Summer,"Ugadi, Sri Rama Navami",5083
Yadagirigutta,Yadadri Bhuvanagiri,other,2024,May,Summer,Buddha Purnima,4428
Yadagirigutta,Yadadri Bhuvanagiri,other,2024,June,Monsoon,None,3345
Yadagirigutta,Yadadri Bhuvanagiri,other,2024,July,Monsoon,Bonalu,3020
Yadagirigutta,Yadadri Bhuvanagiri,other,2024,August,Monsoon,"Independence Day, Krishna Janmashtami",3367
Yadagirigutta,Yadadri Bhuvanagiri,other,2024,September,Monsoon,Vinayaka Chavithi,3711
Yadagirigutta,Yadadri Bhuvanagiri,other,2024,October,Post-Monsoon,"Bathukamma, Dussehra",8603
Yadagirigutta,Yadadri Bhuvanagiri,other,2024,November,Winter,Diwali,8268
Yadagirigutta,Yadadri Bhuvanagiri,other,2024,December,Winter,Christmas,10097
Yadagirigutta,Yadadri Bhuvanagiri,other,2025,January,Winter,"Bhogi, Sankranti",11001
Yadagirigutta,Yadadri Bhuvanagiri,other,2025,February,Winter,Maha Shivaratri,8669
Yadagirigutta,Yadadri Bhuvanagiri,other,2025,March,Summer,Holi,5474
Yadagirigutta,Yadadri Bhuvanagiri,other,2025,April,Summer,"Ugadi, Sri Rama Navami",5980
Yadagirigutta,Yadadri Bhuvanagiri,other,2025,May,Summer,Buddha Purnima,4476
Yadagirigutta,Yadadri Bhuvanagiri,other,2025,June,Monsoon,None,3220
Yadagirigutta,Yadadri Bhuvanagiri,other,2025,July,Monsoon,Bonalu,3257
Yadagirigutta,Yadadri Bhuvanagiri,other,2025,August,Monsoon,"Independence Day, Krishna Janmashtami",3705
Yadagirigutta,Yadadri Bhuvanagiri,other,2025,September,Monsoon,Vinayaka Chavithi,3895
Yadagirigutta,Yadadri Bhuvanagiri,other,2025,October,Post-Monsoon,"Bathukamma, Dussehra",7726
Yadagirigutta,Yadadri Bhuvanagiri,other,2025,November,Winter,Diwali,9319
Yadagirigutta,Yadadri Bhuvanagiri,other,2025,December,Winter,Christmas,9691
Pocharam Dam & Wildlife Sanctuary,Medak,nature,2024,January,Winter,"Bhogi, Sankranti",12525
Pocharam Dam & Wildlife Sanctuary,Medak,nature,2024,February,Winter,Maha Shivaratri,10029
Pocharam Dam & Wildlife Sanctuary,Medak,nature,2024,March,Summer,Holi,6600
Pocharam Dam & Wildlife Sanctuary,Medak,nature,2024,April,Summer,"Ugadi, Sri Rama Navami",7027
Pocharam Dam & Wildlife Sanctuary,Medak,nature,2024,May,Summer,Buddha Purnima,5010
Pocharam Dam & Wildlife Sanctuary,Medak,nature,2024,June,Monsoon,None,4042
Pocharam Dam & Wildlife Sanctuary,Medak,nature,2024,July,Monsoon,Bonalu,4343
Pocharam Dam & Wildlife Sanctuary,Medak,nature,2024,August,Monsoon,"Independence Day, Krishna Janmashtami",4474
Pocharam Dam & Wildlife Sanctuary,Medak,nature,2024,September,Monsoon,Vinayaka Chavithi,5321
Pocharam Dam & Wildlife Sanctuary,Medak,nature,2024,October,Post-Monsoon,"Bathukamma, Dussehra",10249
Pocharam Dam & Wildlife Sanctuary,Medak,nature,2024,November,Winter,Diwali,10948
Pocharam Dam & Wildlife Sanctuary,Medak,nature,2024,December,Winter,Christmas,12260
Pocharam Dam & Wildlife Sanctuary,Medak,nature,2025,January,Winter,"Bhogi, Sankranti",13744
Pocharam Dam & Wildlife Sanctuary,Medak,nature,2025,February,Winter,Maha Shivaratri,11790
Pocharam Dam & Wildlife Sanctuary,Medak,nature,2025,March,Summer,Holi,7201
Pocharam Dam & Wildlife Sanctuary,Medak,nature,2025,April,Summer,"Ugadi, Sri Rama Navami",6950
Pocharam Dam & Wildlife Sanctuary,Medak,nature,2025,May,Summer,Buddha Purnima,6061
Pocharam Dam & Wildlife Sanctuary,Medak,nature,2025,June,Monsoon,None,3982
Pocharam Dam & Wildlife Sanctuary,Medak,nature,2025,July,Monsoon,Bonalu,4395
Pocharam Dam & Wildlife Sanctuary,Medak,nature,2025,August,Monsoon,"Independence Day, Krishna Janmashtami",4910
Pocharam Dam & Wildlife Sanctuary,Medak,nature,2025,September,Monsoon,Vinayaka Chavithi,5108
Pocharam Dam & Wildlife Sanctuary,Medak,nature,2025,October,Post-Monsoon,"Bathukamma, Dussehra",11512
Pocharam Dam & Wildlife Sanctuary,Medak,nature,2025,November,Winter,Diwali,12925
Pocharam Dam & Wildlife Sanctuary,Medak,nature,2025,December,Winter,Christmas,13682
Vemulawada Raja Rajeshwara Swamy Temple,Rajanna Sircilla,religious,2024,January,Winter,"Bhogi, Sankranti",17556
Vemulawada Raja Rajeshwara Swamy Temple,Rajanna Sircilla,religious,2024,February,Winter,Maha Shivaratri,16055
Vemulawada Raja Rajeshwara Swamy Temple,Rajanna Sircilla,religious,2024,March,Summer,Holi,10330
Vemulawada Raja Rajeshwara Swamy Temple,Rajanna Sircilla,religious,2024,April,Summer,"Ugadi, Sri Rama Navami",10190
Vemulawada Raja Rajeshwara Swamy Temple,Rajanna Sircilla,religious,2024,May,Summer,Buddha Purnima,9316
Vemulawada Raja Rajeshwara Swamy Temple,Rajanna Sircilla,religious,2024,June,Monsoon,None,6069
Vemulawada Raja Rajeshwara Swamy Temple,Rajanna Sircilla,religious,2024,July,Monsoon,Bonalu,6197
Vemulawada Raja Rajeshwara Swamy Temple,Rajanna Sircilla,religious,2024,August,Monsoon,"Independence Day, Krishna Janmashtami",7032
Vemulawada Raja Rajeshwara Swamy Temple,Rajanna Sircilla,religious,2024,September,Monsoon,Vinayaka Chavithi,7415
Vemulawada Raja Rajeshwara Swamy Temple,Rajanna Sircilla,religious,2024,October,Post-Monsoon,"Bathukamma, Dussehra",14944
Vemulawada Raja Rajeshwara Swamy Temple,Rajanna Sircilla,religious,2024,November,Winter,Diwali,17625
Vemulawada Raja Rajeshwara Swamy Temple,Rajanna Sircilla,religious,2024,December,Winter,Christmas,19323
Vemulawada Raja Rajeshwara Swamy Temple,Rajanna Sircilla,religious,2025,January,Winter,"Bhogi, Sankranti",19268
Vemulawada Raja Rajeshwara Swamy Temple,Rajanna Sircilla,religious,2025,February,Winter,Maha Shivaratri,16446
Vemulawada Raja Rajeshwara Swamy Temple,Rajanna Sircilla,religious,2025,March,Summer,Holi,9552
Vemulawada Raja Rajeshwara Swamy Temple,Rajanna Sircilla,religious,2025,April,Summer,"Ugadi, Sri Rama Navami",11205
Vemulawada Raja Rajeshwara Swamy Temple,Rajanna Sircilla,religious,2025,May,Summer,Buddha Purnima,8518
Vemulawada Raja Rajeshwara Swamy Temple,Rajanna Sircilla,religious,2025,June,Monsoon,None,5736
Vemulawada Raja Rajeshwara Swamy Temple,Rajanna Sircilla,religious,2025,July,Monsoon,Bonalu,6758
Vemulawada Raja Rajeshwara Swamy Temple,Rajanna Sircilla,religious,2025,August,Monsoon,"Independence Day, Krishna Janmashtami",8675
Vemulawada Raja Rajeshwara Swamy Temple,Rajanna Sircilla,religious,2025,September,Monsoon,Vinayaka Chavithi,7952
Vemulawada Raja Rajeshwara Swamy Temple,Rajanna Sircilla,religious,2025,October,Post-Monsoon,"Bathukamma, Dussehra",16945
Vemulawada Raja Rajeshwara Swamy Temple,Rajanna Sircilla,religious,2025,November,Winter,Diwali,18460
Vemulawada Raja Rajeshwara Swamy Temple,Rajanna Sircilla,religious,2025,December,Winter,Christmas,19818
Purana Haveli,Hyderabad,other,2024,January,Winter,"Bhogi, Sankranti",12180
Purana Haveli,Hyderabad,other,2024,February,Winter,Maha Shivaratri,10081
Purana Haveli,Hyderabad,other,2024,March,Summer,Holi,6189
Purana Haveli,Hyderabad,other,2024,April,Summer,"Ugadi, Sri Rama Navami",6447
Purana Haveli,Hyderabad,other,2024,May,Summer,Buddha Purnima,5060
Purana Haveli,Hyderabad,other,2024,June,Monsoon,None,3917
Purana Haveli,Hyderabad,other,2024,July,Monsoon,Bonalu,3815
Purana Haveli,Hyderabad,other,2024,August,Monsoon,"Independence Day, Krishna Janmashtami",4309
Purana Haveli,Hyderabad,other,2024,September,Monsoon,Vinayaka Chavithi,4743
Purana Haveli,Hyderabad,other,2024,October,Post-Monsoon,"Bathukamma, Dussehra",9018
Purana Haveli,Hyderabad,other,2024,November,Winter,Diwali,10689
Purana Haveli,Hyderabad,other,2024,December,Winter,Christmas,11559
Purana Haveli,Hyderabad,other,2025,January,Winter,"Bhogi, Sankranti",13259
Purana Haveli,Hyderabad,other,2025,February,Winter,Maha Shivaratri,11310
Purana Haveli,Hyderabad,other,2025,March,Summer,Holi,6587
Purana Haveli,Hyderabad,other,2025,April,Summer,"Ugadi, Sri Rama Navami",7133
Purana Haveli,Hyderabad,other,2025,May,Summer,Buddha Purnima,6046
Purana Haveli,Hyderabad,other,2025,June,Monsoon,None,4143
Purana Haveli,Hyderabad,other,2025,July,Monsoon,Bonalu,4159
Purana Haveli,Hyderabad,other,2025,August,Monsoon,"Independence Day, Krishna Janmashtami",4520
Purana Haveli,Hyderabad,other,2025,September,Monsoon,Vinayaka Chavithi,4723
Purana Haveli,Hyderabad,other,2025,October,Post-Monsoon,"Bathukamma, Dussehra",10042
Purana Haveli,Hyderabad,other,2025,November,Winter,Diwali,11177
Purana Haveli,Hyderabad,other,2025,December,Winter,Christmas,12372
Mecca Masjid,Hyderabad,religious,2024,January,Winter,"Bhogi, Sankranti",23355
Mecca Masjid,Hyderabad,religious,2024,February,Winter,Maha Shivaratri,21001
Mecca Masjid,Hyderabad,religious,2024,March,Summer,Holi,12171
Mecca Masjid,Hyderabad,religious,2024,April,Summer,"Ugadi, Sri Rama Navami",12998
Mecca Masjid,Hyderabad,religious,2024,May,Summer,Buddha Purnima,10503
Mecca Masjid,Hyderabad,religious,2024,June,Monsoon,None,6727
Mecca Masjid,Hyderabad,religious,2024,July,Monsoon,Bonalu,7336
Mecca Masjid,Hyderabad,religious,2024,August,Monsoon,"Independence Day, Krishna Janmashtami",8893
Mecca Masjid,Hyderabad,religious,2024,September,Monsoon,Vinayaka Chavithi,8679
Mecca Masjid,Hyderabad,religious,2024,October,Post-Monsoon,"Bathukamma, Dussehra",19452
Mecca Masjid,Hyderabad,religious,2024,November,Winter,Diwali,22983
Mecca Masjid,Hyderabad,religious,2024,December,Winter,Christmas,24537
Mecca Masjid,Hyderabad,religious,2025,January,Winter,"Bhogi, Sankranti",24884
Mecca Masjid,Hyderabad,religious,2025,February,Winter,Maha Shivaratri,23743
Mecca Masjid,Hyderabad,religious,2025,March,Summer,Holi,13289
Mecca Masjid,Hyderabad,religious,2025,April,Summer,"Ugadi, Sri Rama Navami",13474
Mecca Masjid,Hyderabad,religious,2025,May,Summer,Buddha Purnima,10960
Mecca Masjid,Hyderabad,religious,2025,June,Monsoon,None,7940
Mecca Masjid,Hyderabad,religious,2025,July,Monsoon,Bonalu,8152
Mecca Masjid,Hyderabad,religious,2025,August,Monsoon,"Independence Day, Krishna Janmashtami",9756
Mecca Masjid,Hyderabad,religious,2025,September,Monsoon,Vinayaka Chavithi,10056
Mecca Masjid,Hyderabad,religious,2025,October,Post-Monsoon,"Bathukamma, Dussehra",20399
Mecca Masjid,Hyderabad,religious,2025,November,Winter,Diwali,23560
Mecca Masjid,Hyderabad,religious,2025,December,Winter,Christmas,26465
Chilukur Balaji Temple,Ranga Reddy,religious,2024,January,Winter,"Bhogi, Sankranti",20943
Chilukur Balaji Temple,Ranga Reddy,religious,2024,February,Winter,Maha Shivaratri,16260
Chilukur Balaji Temple,Ranga Reddy,religious,2024,March,Summer,Holi,9146
Chilukur Balaji Temple,Ranga Reddy,religious,2024,April,Summer,"Ugadi, Sri Rama Navami",11403
Chilukur Balaji Temple,Ranga Reddy,religious,2024,May,Summer,Buddha Purnima,8373
Chilukur Balaji Temple,Ranga Reddy,religious,2024,June,Monsoon,None,6336
Chilukur Balaji Temple,Ranga Reddy,religious,2024,July,Monsoon,Bonalu,6222
Chilukur Balaji Temple,Ranga Reddy,religious,2024,August,Monsoon,"Independence Day, Krishna Janmashtami",6997
Chilukur Balaji Temple,Ranga Reddy,religious,2024,September,Monsoon,Vinayaka Chavithi,8145
Chilukur Balaji Temple,Ranga Reddy,religious,2024,October,Post-Monsoon,"Bathukamma, Dussehra",16828
Chilukur Balaji Temple,Ranga Reddy,religious,2024,November,Winter,Diwali,17799
Chilukur Balaji Temple,Ranga Reddy,religious,2024,December,Winter,Christmas,17282
Chilukur Balaji Temple,Ranga Reddy,religious,2025,January,Winter,"Bhogi, Sankranti",21003
Chilukur Balaji Temple,Ranga Reddy,religious,2025,February,Winter,Maha Shivaratri,19340
Chilukur Balaji Temple,Ranga Reddy,religious,2025,March,Summer,Holi,10487
Chilukur Balaji Temple,Ranga Reddy,religious,2025,April,Summer,"Ugadi, Sri Rama Navami",11873
Chilukur Balaji Temple,Ranga Reddy,religious,2025,May,Summer,Buddha Purnima,9699
Chilukur Balaji Temple,Ranga Reddy,religious,2025,June,Monsoon,None,7121
Chilukur Balaji Temple,Ranga Reddy,religious,2025,July,Monsoon,Bonalu,7180
Chilukur Balaji Temple,Ranga Reddy,religious,2025,August,Monsoon,"Independence Day, Krishna Janmashtami",7901
Chilukur Balaji Temple,Ranga Reddy,religious,2025,September,Monsoon,Vinayaka Chavithi,9077
Chilukur Balaji Temple,Ranga Reddy,religious,2025,October,Post-Monsoon,"Bathukamma, Dussehra",17371
Chilukur Balaji Temple,Ranga Reddy,religious,2025,November,Winter,Diwali,19766
Chilukur Balaji Temple,Ranga Reddy,religious,2025,December,Winter,Christmas,20442
Kamaldham Mandir / Lotus Temple,Ranga Reddy,religious,2024,January,Winter,"Bhogi, Sankranti",19550
Kamaldham Mandir / Lotus Temple,Ranga Reddy,religious,2024,February,Winter,Maha Shivaratri,16787
Kamaldham Mandir / Lotus Temple,Ranga Reddy,religious,2024,March,Summer,Holi,10395
Kamaldham Mandir / Lotus Temple,Ranga Reddy,religious,2024,April,Summer,"Ugadi, Sri Rama Navami",11826
Kamaldham Mandir / Lotus Temple,Ranga Reddy,religious,2024,May,Summer,Buddha Purnima,8371
Kamaldham Mandir / Lotus Temple,Ranga Reddy,religious,2024,June,Monsoon,None,5891
Kamaldham Mandir / Lotus Temple,Ranga Reddy,religious,2024,July,Monsoon,Bonalu,7094
Kamaldham Mandir / Lotus Temple,Ranga Reddy,religious,2024,August,Monsoon,"Independence Day, Krishna Janmashtami",7609
Kamaldham Mandir / Lotus Temple,Ranga Reddy,religious,2024,September,Monsoon,Vinayaka Chavithi,7665
Kamaldham Mandir / Lotus Temple,Ranga Reddy,religious,2024,October,Post-Monsoon,"Bathukamma, Dussehra",17056
Kamaldham Mandir / Lotus Temple,Ranga Reddy,religious,2024,November,Winter,Diwali,17772
Kamaldham Mandir / Lotus Temple,Ranga Reddy,religious,2024,December,Winter,Christmas,21667
Kamaldham Mandir / Lotus Temple,Ranga Reddy,religious,2025,January,Winter,"Bhogi, Sankranti",22325
Kamaldham Mandir / Lotus Temple,Ranga Reddy,religious,2025,February,Winter,Maha Shivaratri,18506
Kamaldham Mandir / Lotus Temple,Ranga Reddy,religious,2025,March,Summer,Holi,12546
Kamaldham Mandir / Lotus Temple,Ranga Reddy,religious,2025,April,Summer,"Ugadi, Sri Rama Navami",11409
Kamaldham Mandir / Lotus Temple,Ranga Reddy,religious,2025,May,Summer,Buddha Purnima,10067
Kamaldham Mandir / Lotus Temple,Ranga Reddy,religious,2025,June,Monsoon,None,7024
Kamaldham Mandir / Lotus Temple,Ranga Reddy,religious,2025,July,Monsoon,Bonalu,7602
Kamaldham Mandir / Lotus Temple,Ranga Reddy,religious,2025,August,Monsoon,"Independence Day, Krishna Janmashtami",8953
Kamaldham Mandir / Lotus Temple,Ranga Reddy,religious,2025,September,Monsoon,Vinayaka Chavithi,8578
Kamaldham Mandir / Lotus Temple,Ranga Reddy,religious,2025,October,Post-Monsoon,"Bathukamma, Dussehra",16850
Kamaldham Mandir / Lotus Temple,Ranga Reddy,religious,2025,November,Winter,Diwali,20249
Kamaldham Mandir / Lotus Temple,Ranga Reddy,religious,2025,December,Winter,Christmas,20716
Keesara Gutta,Medchal-Malkajgiri,religious,2024,January,Winter,"Bhogi, Sankranti",20852
Keesara Gutta,Medchal-Malkajgiri,religious,2024,February,Winter,Maha Shivaratri,16756
Keesara Gutta,Medchal-Malkajgiri,religious,2024,March,Summer,Holi,9754
Keesara Gutta,Medchal-Malkajgiri,religious,2024,April,Summer,"Ugadi, Sri Rama Navami",10418
Keesara Gutta,Medchal-Malkajgiri,religious,2024,May,Summer,Buddha Purnima,7942
Keesara Gutta,Medchal-Malkajgiri,religious,2024,June,Monsoon,None,5777
Keesara Gutta,Medchal-Malkajgiri,religious,2024,July,Monsoon,Bonalu,6638
Keesara Gutta,Medchal-Malkajgiri,religious,2024,August,Monsoon,"Independence Day, Krishna Janmashtami",7047
Keesara Gutta,Medchal-Malkajgiri,religious,2024,September,Monsoon,Vinayaka Chavithi,7121
Keesara Gutta,Medchal-Malkajgiri,religious,2024,October,Post-Monsoon,"Bathukamma, Dussehra",15774
Keesara Gutta,Medchal-Malkajgiri,religious,2024,November,Winter,Diwali,18395
Keesara Gutta,Medchal-Malkajgiri,religious,2024,December,Winter,Christmas,19489
Keesara Gutta,Medchal-Malkajgiri,religious,2025,January,Winter,"Bhogi, Sankranti",21479
Keesara Gutta,Medchal-Malkajgiri,religious,2025,February,Winter,Maha Shivaratri,17294
Keesara Gutta,Medchal-Malkajgiri,religious,2025,March,Summer,Holi,9967
Keesara Gutta,Medchal-Malkajgiri,religious,2025,April,Summer,"Ugadi, Sri Rama Navami",11985
Keesara Gutta,Medchal-Malkajgiri,religious,2025,May,Summer,Buddha Purnima,9049
Keesara Gutta,Medchal-Malkajgiri,religious,2025,June,Monsoon,None,6476
Keesara Gutta,Medchal-Malkajgiri,religious,2025,July,Monsoon,Bonalu,7212
Keesara Gutta,Medchal-Malkajgiri,religious,2025,August,Monsoon,"Independence Day, Krishna Janmashtami",8088
Keesara Gutta,Medchal-Malkajgiri,religious,2025,September,Monsoon,Vinayaka Chavithi,8300
Keesara Gutta,Medchal-Malkajgiri,religious,2025,October,Post-Monsoon,"Bathukamma, Dussehra",18387
Keesara Gutta,Medchal-Malkajgiri,religious,2025,November,Winter,Diwali,18152
Keesara Gutta,Medchal-Malkajgiri,religious,2025,December,Winter,Christmas,21261
Nagarjuna Sagar,Nalgonda,nature,2024,January,Winter,"Bhogi, Sankranti",12616
Nagarjuna Sagar,Nalgonda,nature,2024,February,Winter,Maha Shivaratri,11199
Nagarjuna Sagar,Nalgonda,nature,2024,March,Summer,Holi,7102
Nagarjuna Sagar,Nalgonda,nature,2024,April,Summer,"Ugadi, Sri Rama Navami",7028
Nagarjuna Sagar,Nalgonda,nature,2024,May,Summer,Buddha Purnima,5807
Nagarjuna Sagar,Nalgonda,nature,2024,June,Monsoon,None,4248
Nagarjuna Sagar,Nalgonda,nature,2024,July,Monsoon,Bonalu,4082
Nagarjuna Sagar,Nalgonda,nature,2024,August,Monsoon,"Independence Day, Krishna Janmashtami",4635
Nagarjuna Sagar,Nalgonda,nature,2024,September,Monsoon,Vinayaka Chavithi,4729
Nagarjuna Sagar,Nalgonda,nature,2024,October,Post-Monsoon,"Bathukamma, Dussehra",9198
Nagarjuna Sagar,Nalgonda,nature,2024,November,Winter,Diwali,12717
Nagarjuna Sagar,Nalgonda,nature,2024,December,Winter,Christmas,11803
Nagarjuna Sagar,Nalgonda,nature,2025,January,Winter,"Bhogi, Sankranti",13436
Nagarjuna Sagar,Nalgonda,nature,2025,February,Winter,Maha Shivaratri,11770
Nagarjuna Sagar,Nalgonda,nature,2025,March,Summer,Holi,7235
Nagarjuna Sagar,Nalgonda,nature,2025,April,Summer,"Ugadi, Sri Rama Navami",7705
Nagarjuna Sagar,Nalgonda,nature,2025,May,Summer,Buddha Purnima,6370
Nagarjuna Sagar,Nalgonda,nature,2025,June,Monsoon,None,4228
Nagarjuna Sagar,Nalgonda,nature,2025,July,Monsoon,Bonalu,4453
Nagarjuna Sagar,Nalgonda,nature,2025,August,Monsoon,"Independence Day, Krishna Janmashtami",5299
Nagarjuna Sagar,Nalgonda,nature,2025,September,Monsoon,Vinayaka Chavithi,5322
Nagarjuna Sagar,Nalgonda,nature,2025,October,Post-Monsoon,"Bathukamma, Dussehra",11902
Nagarjuna Sagar,Nalgonda,nature,2025,November,Winter,Diwali,12760
Nagarjuna Sagar,Nalgonda,nature,2025,December,Winter,Christmas,13988
Maula Ali Dargah,Medchal-Malkajgiri,religious,2024,January,Winter,"Bhogi, Sankranti",19573
Maula Ali Dargah,Medchal-Malkajgiri,religious,2024,February,Winter,Maha Shivaratri,17619
Maula Ali Dargah,Medchal-Malkajgiri,religious,2024,March,Summer,Holi,10025
Maula Ali Dargah,Medchal-Malkajgiri,religious,2024,April,Summer,"Ugadi, Sri Rama Navami",9653
Maula Ali Dargah,Medchal-Malkajgiri,religious,2024,May,Summer,Buddha Purnima,8686
Maula Ali Dargah,Medchal-Malkajgiri,religious,2024,June,Monsoon,None,5874
Maula Ali Dargah,Medchal-Malkajgiri,religious,2024,July,Monsoon,Bonalu,6096
Maula Ali Dargah,Medchal-Malkajgiri,religious,2024,August,Monsoon,"Independence Day, Krishna Janmashtami",7500
Maula Ali Dargah,Medchal-Malkajgiri,religious,2024,September,Monsoon,Vinayaka Chavithi,7979
Maula Ali Dargah,Medchal-Malkajgiri,religious,2024,October,Post-Monsoon,"Bathukamma, Dussehra",15378
Maula Ali Dargah,Medchal-Malkajgiri,religious,2024,November,Winter,Diwali,17634
Maula Ali Dargah,Medchal-Malkajgiri,religious,2024,December,Winter,Christmas,20414
Maula Ali Dargah,Medchal-Malkajgiri,religious,2025,January,Winter,"Bhogi, Sankranti",20706
Maula Ali Dargah,Medchal-Malkajgiri,religious,2025,February,Winter,Maha Shivaratri,20312
Maula Ali Dargah,Medchal-Malkajgiri,religious,2025,March,Summer,Holi,11034
Maula Ali Dargah,Medchal-Malkajgiri,religious,2025,April,Summer,"Ugadi, Sri Rama Navami",10167
Maula Ali Dargah,Medchal-Malkajgiri,religious,2025,May,Summer,Buddha Purnima,9544
Maula Ali Dargah,Medchal-Malkajgiri,religious,2025,June,Monsoon,None,6683
Maula Ali Dargah,Medchal-Malkajgiri,religious,2025,July,Monsoon,Bonalu,7199
Maula Ali Dargah,Medchal-Malkajgiri,religious,2025,August,Monsoon,"Independence Day, Krishna Janmashtami",8134
Maula Ali Dargah,Medchal-Malkajgiri,religious,2025,September,Monsoon,Vinayaka Chavithi,8059
Maula Ali Dargah,Medchal-Malkajgiri,religious,2025,October,Post-Monsoon,"Bathukamma, Dussehra",15575
Maula Ali Dargah,Medchal-Malkajgiri,religious,2025,November,Winter,Diwali,18559
Maula Ali Dargah,Medchal-Malkajgiri,religious,2025,December,Winter,Christmas,19454
Paigah Tombs,Hyderabad,heritage,2024,January,Winter,"Bhogi, Sankranti",17902
Paigah Tombs,Hyderabad,heritage,2024,February,Winter,Maha Shivaratri,16673
Paigah Tombs,Hyderabad,heritage,2024,March,Summer,Holi,10477
Paigah Tombs,Hyderabad,heritage,2024,April,Summer,"Ugadi, Sri Rama Navami",10244
Paigah Tombs,Hyderabad,heritage,2024,May,Summer,Buddha Purnima,7792
Paigah Tombs,Hyderabad,heritage,2024,June,Monsoon,None,6041
Paigah Tombs,Hyderabad,heritage,2024,July,Monsoon,Bonalu,6459
Paigah Tombs,Hyderabad,heritage,2024,August,Monsoon,"Independence Day, Krishna Janmashtami",6875
Paigah Tombs,Hyderabad,heritage,2024,September,Monsoon,Vinayaka Chavithi,7264
Paigah Tombs,Hyderabad,heritage,2024,October,Post-Monsoon,"Bathukamma, Dussehra",14962
Paigah Tombs,Hyderabad,heritage,2024,November,Winter,Diwali,16238
Paigah Tombs,Hyderabad,heritage,2024,December,Winter,Christmas,18903
Paigah Tombs,Hyderabad,heritage,2025,January,Winter,"Bhogi, Sankranti",19792
Paigah Tombs,Hyderabad,heritage,2025,February,Winter,Maha Shivaratri,17859
Paigah Tombs,Hyderabad,heritage,2025,March,Summer,Holi,9979
Paigah Tombs,Hyderabad,heritage,2025,April,Summer,"Ugadi, Sri Rama Navami",10612
Paigah Tombs,Hyderabad,heritage,2025,May,Summer,Buddha Purnima,9274
Paigah Tombs,Hyderabad,heritage,2025,June,Monsoon,None,6263
Paigah Tombs,Hyderabad,heritage,2025,July,Monsoon,Bonalu,7150
Paigah Tombs,Hyderabad,heritage,2025,August,Monsoon,"Independence Day, Krishna Janmashtami",7506
Paigah Tombs,Hyderabad,heritage,2025,September,Monsoon,Vinayaka Chavithi,7987
Paigah Tombs,Hyderabad,heritage,2025,October,Post-Monsoon,"Bathukamma, Dussehra",16900
Paigah Tombs,Hyderabad,heritage,2025,November,Winter,Diwali,16959
Paigah Tombs,Hyderabad,heritage,2025,December,Winter,Christmas,18033
Sanghi Temple,Ranga Reddy,religious,2024,January,Winter,"Bhogi, Sankranti",18468
Sanghi Temple,Ranga Reddy,religious,2024,February,Winter,Maha Shivaratri,18672
Sanghi Temple,Ranga Reddy,religious,2024,March,Summer,Holi,10196
Sanghi Temple,Ranga Reddy,religious,2024,April,Summer,"Ugadi, Sri Rama Navami",12287
Sanghi Temple,Ranga Reddy,religious,2024,May,Summer,Buddha Purnima,8734
Sanghi Temple,Ranga Reddy,religious,2024,June,Monsoon,None,6467
Sanghi Temple,Ranga Reddy,religious,2024,July,Monsoon,Bonalu,7118
Sanghi Temple,Ranga Reddy,religious,2024,August,Monsoon,"Independence Day, Krishna Janmashtami",8461
Sanghi Temple,Ranga Reddy,religious,2024,September,Monsoon,Vinayaka Chavithi,8747
Sanghi Temple,Ranga Reddy,religious,2024,October,Post-Monsoon,"Bathukamma, Dussehra",17192
Sanghi Temple,Ranga Reddy,religious,2024,November,Winter,Diwali,19266
Sanghi Temple,Ranga Reddy,religious,2024,December,Winter,Christmas,20443
Sanghi Temple,Ranga Reddy,religious,2025,January,Winter,"Bhogi, Sankranti",22433
Sanghi Temple,Ranga Reddy,religious,2025,February,Winter,Maha Shivaratri,18446
Sanghi Temple,Ranga Reddy,religious,2025,March,Summer,Holi,10861
Sanghi Temple,Ranga Reddy,religious,2025,April,Summer,"Ugadi, Sri Rama Navami",11763
Sanghi Temple,Ranga Reddy,religious,2025,May,Summer,Buddha Purnima,9624
Sanghi Temple,Ranga Reddy,religious,2025,June,Monsoon,None,6764
Sanghi Temple,Ranga Reddy,religious,2025,July,Monsoon,Bonalu,7386
Sanghi Temple,Ranga Reddy,religious,2025,August,Monsoon,"Independence Day, Krishna Janmashtami",8702
Sanghi Temple,Ranga Reddy,religious,2025,September,Monsoon,Vinayaka Chavithi,8602
Sanghi Temple,Ranga Reddy,religious,2025,October,Post-Monsoon,"Bathukamma, Dussehra",18803
Sanghi Temple,Ranga Reddy,religious,2025,November,Winter,Diwali,18664
Sanghi Temple,Ranga Reddy,religious,2025,December,Winter,Christmas,21235
Shyam Mandir Temple / Veeranna Gutta,Hyderabad,religious,2024,January,Winter,"Bhogi, Sankranti",22455
Shyam Mandir Temple / Veeranna Gutta,Hyderabad,religious,2024,February,Winter,Maha Shivaratri,18550
Shyam Mandir Temple / Veeranna Gutta,Hyderabad,religious,2024,March,Summer,Holi,12163
Shyam Mandir Temple / Veeranna Gutta,Hyderabad,religious,2024,April,Summer,"Ugadi, Sri Rama Navami",12612
Shyam Mandir Temple / Veeranna Gutta,Hyderabad,religious,2024,May,Summer,Buddha Purnima,11261
Shyam Mandir Temple / Veeranna Gutta,Hyderabad,religious,2024,June,Monsoon,None,7700
Shyam Mandir Temple / Veeranna Gutta,Hyderabad,religious,2024,July,Monsoon,Bonalu,7304
Shyam Mandir Temple / Veeranna Gutta,Hyderabad,religious,2024,August,Monsoon,"Independence Day, Krishna Janmashtami",9788
Shyam Mandir Temple / Veeranna Gutta,Hyderabad,religious,2024,September,Monsoon,Vinayaka Chavithi,9801
Shyam Mandir Temple / Veeranna Gutta,Hyderabad,religious,2024,October,Post-Monsoon,"Bathukamma, Dussehra",19435
Shyam Mandir Temple / Veeranna Gutta,Hyderabad,religious,2024,November,Winter,Diwali,21107
Shyam Mandir Temple / Veeranna Gutta,Hyderabad,religious,2024,December,Winter,Christmas,22018
Shyam Mandir Temple / Veeranna Gutta,Hyderabad,religious,2025,January,Winter,"Bhogi, Sankranti",24684
Shyam Mandir Temple / Veeranna Gutta,Hyderabad,religious,2025,February,Winter,Maha Shivaratri,23299
Shyam Mandir Temple / Veeranna Gutta,Hyderabad,religious,2025,March,Summer,Holi,14434
Shyam Mandir Temple / Veeranna Gutta,Hyderabad,religious,2025,April,Summer,"Ugadi, Sri Rama Navami",14762
Shyam Mandir Temple / Veeranna Gutta,Hyderabad,religious,2025,May,Summer,Buddha Purnima,11030
Shyam Mandir Temple / Veeranna Gutta,Hyderabad,religious,2025,June,Monsoon,None,7610
Shyam Mandir Temple / Veeranna Gutta,Hyderabad,religious,2025,July,Monsoon,Bonalu,8372
Shyam Mandir Temple / Veeranna Gutta,Hyderabad,religious,2025,August,Monsoon,"Independence Day, Krishna Janmashtami",8819
Shyam Mandir Temple / Veeranna Gutta,Hyderabad,religious,2025,September,Monsoon,Vinayaka Chavithi,10138
Shyam Mandir Temple / Veeranna Gutta,Hyderabad,religious,2025,October,Post-Monsoon,"Bathukamma, Dussehra",20246
Shyam Mandir Temple / Veeranna Gutta,Hyderabad,religious,2025,November,Winter,Diwali,22519
Shyam Mandir Temple / Veeranna Gutta,Hyderabad,religious,2025,December,Winter,Christmas,22986
St. Joseph's Cathedral,Hyderabad,religious,2024,January,Winter,"Bhogi, Sankranti",23887
St. Joseph's Cathedral,Hyderabad,religious,2024,February,Winter,Maha Shivaratri,19914
St. Joseph's Cathedral,Hyderabad,religious,2024,March,Summer,Holi,11499
St. Joseph's Cathedral,Hyderabad,religious,2024,April,Summer,"Ugadi, Sri Rama Navami",10867
St. Joseph's Cathedral,Hyderabad,religious,2024,May,Summer,Buddha Purnima,10455
St. Joseph's Cathedral,Hyderabad,religious,2024,June,Monsoon,None,8126
St. Joseph's Cathedral,Hyderabad,religious,2024,July,Monsoon,Bonalu,8337
St. Joseph's Cathedral,Hyderabad,religious,2024,August,Monsoon,"Independence Day, Krishna Janmashtami",8753
St. Joseph's Cathedral,Hyderabad,religious,2024,September,Monsoon,Vinayaka Chavithi,8959
St. Joseph's Cathedral,Hyderabad,religious,2024,October,Post-Monsoon,"Bathukamma, Dussehra",19328
St. Joseph's Cathedral,Hyderabad,religious,2024,November,Winter,Diwali,20283
St. Joseph's Cathedral,Hyderabad,religious,2024,December,Winter,Christmas,23477
St. Joseph's Cathedral,Hyderabad,religious,2025,January,Winter,"Bhogi, Sankranti",26116
St. Joseph's Cathedral,Hyderabad,religious,2025,February,Winter,Maha Shivaratri,23451
St. Joseph's Cathedral,Hyderabad,religious,2025,March,Summer,Holi,13125
St. Joseph's Cathedral,Hyderabad,religious,2025,April,Summer,"Ugadi, Sri Rama Navami",13565
St. Joseph's Cathedral,Hyderabad,religious,2025,May,Summer,Buddha Purnima,10810
St. Joseph's Cathedral,Hyderabad,religious,2025,June,Monsoon,None,7728
St. Joseph's Cathedral,Hyderabad,religious,2025,July,Monsoon,Bonalu,8219
St. Joseph's Cathedral,Hyderabad,religious,2025,August,Monsoon,"Independence Day, Krishna Janmashtami",9852
St. Joseph's Cathedral,Hyderabad,religious,2025,September,Monsoon,Vinayaka Chavithi,10432
St. Joseph's Cathedral,Hyderabad,religious,2025,October,Post-Monsoon,"Bathukamma, Dussehra",19577
St. Joseph's Cathedral,Hyderabad,religious,2025,November,Winter,Diwali,24777
St. Joseph's Cathedral,Hyderabad,religious,2025,December,Winter,Christmas,24639
Toli Masjid,Hyderabad,religious,2024,January,Winter,"Bhogi, Sankranti",23265
Toli Masjid,Hyderabad,religious,2024,February,Winter,Maha Shivaratri,19695
Toli Masjid,Hyderabad,religious,2024,March,Summer,Holi,10733
Toli Masjid,Hyderabad,religious,2024,April,Summer,"Ugadi, Sri Rama Navami",13251
Toli Masjid,Hyderabad,religious,2024,May,Summer,Buddha Purnima,10855
Toli Masjid,Hyderabad,religious,2024,June,Monsoon,None,7360
Toli Masjid,Hyderabad,religious,2024,July,Monsoon,Bonalu,7724
Toli Masjid,Hyderabad,religious,2024,August,Monsoon,"Independence Day, Krishna Janmashtami",9189
Toli Masjid,Hyderabad,religious,2024,September,Monsoon,Vinayaka Chavithi,8516
Toli Masjid,Hyderabad,religious,2024,October,Post-Monsoon,"Bathukamma, Dussehra",18386
Toli Masjid,Hyderabad,religious,2024,November,Winter,Diwali,22196
Toli Masjid,Hyderabad,religious,2024,December,Winter,Christmas,21677
Toli Masjid,Hyderabad,religious,2025,January,Winter,"Bhogi, Sankranti",25522
Toli Masjid,Hyderabad,religious,2025,February,Winter,Maha Shivaratri,20597
Toli Masjid,Hyderabad,religious,2025,March,Summer,Holi,13499
Toli Masjid,Hyderabad,religious,2025,April,Summer,"Ugadi, Sri Rama Navami",13680
Toli Masjid,Hyderabad,religious,2025,May,Summer,Buddha Purnima,10393
Toli Masjid,Hyderabad,religious,2025,June,Monsoon,None,8531
Toli Masjid,Hyderabad,religious,2025,July,Monsoon,Bonalu,8008
Toli Masjid,Hyderabad,religious,2025,August,Monsoon,"Independence Day, Krishna Janmashtami",9282
Toli Masjid,Hyderabad,religious,2025,September,Monsoon,Vinayaka Chavithi,10076
Toli Masjid,Hyderabad,religious,2025,October,Post-Monsoon,"Bathukamma, Dussehra",21568
Toli Masjid,Hyderabad,religious,2025,November,Winter,Diwali,21885
Toli Masjid,Hyderabad,religious,2025,December,Winter,Christmas,25055
Hussain Sagar & Necklace Road,Hyderabad,nature,2024,January,Winter,"Bhogi, Sankranti",15859
Hussain Sagar & Necklace Road,Hyderabad,nature,2024,February,Winter,Maha Shivaratri,14112
Hussain Sagar & Necklace Road,Hyderabad,nature,2024,March,Summer,Holi,8214
Hussain Sagar & Necklace Road,Hyderabad,nature,2024,April,Summer,"Ugadi, Sri Rama Navami",8305
Hussain Sagar & Necklace Road,Hyderabad,nature,2024,May,Summer,Buddha Purnima,6691
Hussain Sagar & Necklace Road,Hyderabad,nature,2024,June,Monsoon,None,4998
Hussain Sagar & Necklace Road,Hyderabad,nature,2024,July,Monsoon,Bonalu,4857
Hussain Sagar & Necklace Road,Hyderabad,nature,2024,August,Monsoon,"Independence Day, Krishna Janmashtami",5099
Hussain Sagar & Necklace Road,Hyderabad,nature,2024,September,Monsoon,Vinayaka Chavithi,6293
Hussain Sagar & Necklace Road,Hyderabad,nature,2024,October,Post-Monsoon,"Bathukamma, Dussehra",13159
Hussain Sagar & Necklace Road,Hyderabad,nature,2024,November,Winter,Diwali,12551
Hussain Sagar & Necklace Road,Hyderabad,nature,2024,December,Winter,Christmas,14640
Hussain Sagar & Necklace Road,Hyderabad,nature,2025,January,Winter,"Bhogi, Sankranti",17287
Hussain Sagar & Necklace Road,Hyderabad,nature,2025,February,Winter,Maha Shivaratri,16246
Hussain Sagar & Necklace Road,Hyderabad,nature,2025,March,Summer,Holi,8803
Hussain Sagar & Necklace Road,Hyderabad,nature,2025,April,Summer,"Ugadi, Sri Rama Navami",8804
Hussain Sagar & Necklace Road,Hyderabad,nature,2025,May,Summer,Buddha Purnima,7469
Hussain Sagar & Necklace Road,Hyderabad,nature,2025,June,Monsoon,None,5744
Hussain Sagar & Necklace Road,Hyderabad,nature,2025,July,Monsoon,Bonalu,5363
Hussain Sagar & Necklace Road,Hyderabad,nature,2025,August,Monsoon,"Independence Day, Krishna Janmashtami",6192
Hussain Sagar & Necklace Road,Hyderabad,nature,2025,September,Monsoon,Vinayaka Chavithi,6490
Hussain Sagar & Necklace Road,Hyderabad,nature,2025,October,Post-Monsoon,"Bathukamma, Dussehra",12949
Hussain Sagar & Necklace Road,Hyderabad,nature,2025,November,Winter,Diwali,15465
Hussain Sagar & Necklace Road,Hyderabad,nature,2025,December,Winter,Christmas,18005
Durgam Cheruvu / Secret Lake,Ranga Reddy,nature,2024,January,Winter,"Bhogi, Sankranti",13544
Durgam Cheruvu / Secret Lake,Ranga Reddy,nature,2024,February,Winter,Maha Shivaratri,11561
Durgam Cheruvu / Secret Lake,Ranga Reddy,nature,2024,March,Summer,Holi,6888
Durgam Cheruvu / Secret Lake,Ranga Reddy,nature,2024,April,Summer,"Ugadi, Sri Rama Navami",6695
Durgam Cheruvu / Secret Lake,Ranga Reddy,nature,2024,May,Summer,Buddha Purnima,6256
Durgam Cheruvu / Secret Lake,Ranga Reddy,nature,2024,June,Monsoon,None,4255
Durgam Cheruvu / Secret Lake,Ranga Reddy,nature,2024,July,Monsoon,Bonalu,4366
Durgam Cheruvu / Secret Lake,Ranga Reddy,nature,2024,August,Monsoon,"Independence Day, Krishna Janmashtami",5945
Durgam Cheruvu / Secret Lake,Ranga Reddy,nature,2024,September,Monsoon,Vinayaka Chavithi,5366
Durgam Cheruvu / Secret Lake,Ranga Reddy,nature,2024,October,Post-Monsoon,"Bathukamma, Dussehra",10402
Durgam Cheruvu / Secret Lake,Ranga Reddy,nature,2024,November,Winter,Diwali,11958
Durgam Cheruvu / Secret Lake,Ranga Reddy,nature,2024,December,Winter,Christmas,13996
Durgam Cheruvu / Secret Lake,Ranga Reddy,nature,2025,January,Winter,"Bhogi, Sankranti",14477
Durgam Cheruvu / Secret Lake,Ranga Reddy,nature,2025,February,Winter,Maha Shivaratri,11736
Durgam Cheruvu / Secret Lake,Ranga Reddy,nature,2025,March,Summer,Holi,7896
Durgam Cheruvu / Secret Lake,Ranga Reddy,nature,2025,April,Summer,"Ugadi, Sri Rama Navami",7582
Durgam Cheruvu / Secret Lake,Ranga Reddy,nature,2025,May,Summer,Buddha Purnima,7077
Durgam Cheruvu / Secret Lake,Ranga Reddy,nature,2025,June,Monsoon,None,4863
Durgam Cheruvu / Secret Lake,Ranga Reddy,nature,2025,July,Monsoon,Bonalu,4652
Durgam Cheruvu / Secret Lake,Ranga Reddy,nature,2025,August,Monsoon,"Independence Day, Krishna Janmashtami",5891
Durgam Cheruvu / Secret Lake,Ranga Reddy,nature,2025,September,Monsoon,Vinayaka Chavithi,5729
Durgam Cheruvu / Secret Lake,Ranga Reddy,nature,2025,October,Post-Monsoon,"Bathukamma, Dussehra",12171
Durgam Cheruvu / Secret Lake,Ranga Reddy,nature,2025,November,Winter,Diwali,13515
Durgam Cheruvu / Secret Lake,Ranga Reddy,nature,2025,December,Winter,Christmas,13690
Himayat Sagar Lake,Ranga Reddy,nature,2024,January,Winter,"Bhogi, Sankranti",12900
Himayat Sagar Lake,Ranga Reddy,nature,2024,February,Winter,Maha Shivaratri,12312
Himayat Sagar Lake,Ranga Reddy,nature,2024,March,Summer,Holi,6873
Himayat Sagar Lake,Ranga Reddy,nature,2024,April,Summer,"Ugadi, Sri Rama Navami",7116
Himayat Sagar Lake,Ranga Reddy,nature,2024,May,Summer,Buddha Purnima,5705
Himayat Sagar Lake,Ranga Reddy,nature,2024,June,Monsoon,None,4363
Himayat Sagar Lake,Ranga Reddy,nature,2024,July,Monsoon,Bonalu,4860
Himayat Sagar Lake,Ranga Reddy,nature,2024,August,Monsoon,"Independence Day, Krishna Janmashtami",4853
Himayat Sagar Lake,Ranga Reddy,nature,2024,September,Monsoon,Vinayaka Chavithi,5293
Himayat Sagar Lake,Ranga Reddy,nature,2024,October,Post-Monsoon,"Bathukamma, Dussehra",11572
Himayat Sagar Lake,Ranga Reddy,nature,2024,November,Winter,Diwali,12170
Himayat Sagar Lake,Ranga Reddy,nature,2024,December,Winter,Christmas,13536
Himayat Sagar Lake,Ranga Reddy,nature,2025,January,Winter,"Bhogi, Sankranti",13631
Himayat Sagar Lake,Ranga Reddy,nature,2025,February,Winter,Maha Shivaratri,12917
Himayat Sagar Lake,Ranga Reddy,nature,2025,March,Summer,Holi,7479
Himayat Sagar Lake,Ranga Reddy,nature,2025,April,Summer,"Ugadi, Sri Rama Navami",8230
Himayat Sagar Lake,Ranga Reddy,nature,2025,May,Summer,Buddha Purnima,6855
Himayat Sagar Lake,Ranga Reddy,nature,2025,June,Monsoon,None,5211
Himayat Sagar Lake,Ranga Reddy,nature,2025,July,Monsoon,Bonalu,4896
Himayat Sagar Lake,Ranga Reddy,nature,2025,August,Monsoon,"Independence Day, Krishna Janmashtami",5627
Himayat Sagar Lake,Ranga Reddy,nature,2025,September,Monsoon,Vinayaka Chavithi,5765
Himayat Sagar Lake,Ranga Reddy,nature,2025,October,Post-Monsoon,"Bathukamma, Dussehra",11467
Himayat Sagar Lake,Ranga Reddy,nature,2025,November,Winter,Diwali,13419
Himayat Sagar Lake,Ranga Reddy,nature,2025,December,Winter,Christmas,14084
Osman Sagar Lake / Gandipet,Ranga Reddy,nature,2024,January,Winter,"Bhogi, Sankranti",13441
Osman Sagar Lake / Gandipet,Ranga Reddy,nature,2024,February,Winter,Maha Shivaratri,12480
Osman Sagar Lake / Gandipet,Ranga Reddy,nature,2024,March,Summer,Holi,6638
Osman Sagar Lake / Gandipet,Ranga Reddy,nature,2024,April,Summer,"Ugadi, Sri Rama Navami",7676
Osman Sagar Lake / Gandipet,Ranga Reddy,nature,2024,May,Summer,Buddha Purnima,6386
Osman Sagar Lake / Gandipet,Ranga Reddy,nature,2024,June,Monsoon,None,4247
Osman Sagar Lake / Gandipet,Ranga Reddy,nature,2024,July,Monsoon,Bonalu,3938
Osman Sagar Lake / Gandipet,Ranga Reddy,nature,2024,August,Monsoon,"Independence Day, Krishna Janmashtami",4971
Osman Sagar Lake / Gandipet,Ranga Reddy,nature,2024,September,Monsoon,Vinayaka Chavithi,5630
Osman Sagar Lake / Gandipet,Ranga Reddy,nature,2024,October,Post-Monsoon,"Bathukamma, Dussehra",10796
Osman Sagar Lake / Gandipet,Ranga Reddy,nature,2024,November,Winter,Diwali,11608
Osman Sagar Lake / Gandipet,Ranga Reddy,nature,2024,December,Winter,Christmas,12902
Osman Sagar Lake / Gandipet,Ranga Reddy,nature,2025,January,Winter,"Bhogi, Sankranti",15000
Osman Sagar Lake / Gandipet,Ranga Reddy,nature,2025,February,Winter,Maha Shivaratri,12991
Osman Sagar Lake / Gandipet,Ranga Reddy,nature,2025,March,Summer,Holi,7459
Osman Sagar Lake / Gandipet,Ranga Reddy,nature,2025,April,Summer,"Ugadi, Sri Rama Navami",7700
Osman Sagar Lake / Gandipet,Ranga Reddy,nature,2025,May,Summer,Buddha Purnima,6344
Osman Sagar Lake / Gandipet,Ranga Reddy,nature,2025,June,Monsoon,None,4401
Osman Sagar Lake / Gandipet,Ranga Reddy,nature,2025,July,Monsoon,Bonalu,5142
Osman Sagar Lake / Gandipet,Ranga Reddy,nature,2025,August,Monsoon,"Independence Day, Krishna Janmashtami",5447
Osman Sagar Lake / Gandipet,Ranga Reddy,nature,2025,September,Monsoon,Vinayaka Chavithi,6057
Osman Sagar Lake / Gandipet,Ranga Reddy,nature,2025,October,Post-Monsoon,"Bathukamma, Dussehra",12561
Osman Sagar Lake / Gandipet,Ranga Reddy,nature,2025,November,Winter,Diwali,13854
Osman Sagar Lake / Gandipet,Ranga Reddy,nature,2025,December,Winter,Christmas,13987
Botanical Gardens,Ranga Reddy,other,2024,January,Winter,"Bhogi, Sankranti",10198
Botanical Gardens,Ranga Reddy,other,2024,February,Winter,Maha Shivaratri,8771
Botanical Gardens,Ranga Reddy,other,2024,March,Summer,Holi,5006
Botanical Gardens,Ranga Reddy,other,2024,April,Summer,"Ugadi, Sri Rama Navami",5535
Botanical Gardens,Ranga Reddy,other,2024,May,Summer,Buddha Purnima,4229
Botanical Gardens,Ranga Reddy,other,2024,June,Monsoon,None,3394
Botanical Gardens,Ranga Reddy,other,2024,July,Monsoon,Bonalu,3227
Botanical Gardens,Ranga Reddy,other,2024,August,Monsoon,"Independence Day, Krishna Janmashtami",3884
Botanical Gardens,Ranga Reddy,other,2024,September,Monsoon,Vinayaka Chavithi,4021
Botanical Gardens,Ranga Reddy,other,2024,October,Post-Monsoon,"Bathukamma, Dussehra",8001
Botanical Gardens,Ranga Reddy,other,2024,November,Winter,Diwali,9432
Botanical Gardens,Ranga Reddy,other,2024,December,Winter,Christmas,9692
Botanical Gardens,Ranga Reddy,other,2025,January,Winter,"Bhogi, Sankranti",11267
Botanical Gardens,Ranga Reddy,other,2025,February,Winter,Maha Shivaratri,8846
Botanical Gardens,Ranga Reddy,other,2025,March,Summer,Holi,5698
Botanical Gardens,Ranga Reddy,other,2025,April,Summer,"Ugadi, Sri Rama Navami",6453
Botanical Gardens,Ranga Reddy,other,2025,May,Summer,Buddha Purnima,4610
Botanical Gardens,Ranga Reddy,other,2025,June,Monsoon,None,3343
Botanical Gardens,Ranga Reddy,other,2025,July,Monsoon,Bonalu,3660
Botanical Gardens,Ranga Reddy,other,2025,August,Monsoon,"Independence Day, Krishna Janmashtami",4190
Botanical Gardens,Ranga Reddy,other,2025,September,Monsoon,Vinayaka Chavithi,4357
Botanical Gardens,Ranga Reddy,other,2025,October,Post-Monsoon,"Bathukamma, Dussehra",8969
Botanical Gardens,Ranga Reddy,other,2025,November,Winter,Diwali,10211
Botanical Gardens,Ranga Reddy,other,2025,December,Winter,Christmas,11316
Indira Park,Hyderabad,leisure,2024,January,Winter,"Bhogi, Sankranti",13864
Indira Park,Hyderabad,leisure,2024,February,Winter,Maha Shivaratri,11790
Indira Park,Hyderabad,leisure,2024,March,Summer,Holi,7364
Indira Park,Hyderabad,leisure,2024,April,Summer,"Ugadi, Sri Rama Navami",8106
Indira Park,Hyderabad,leisure,2024,May,Summer,Buddha Purnima,6066
Indira Park,Hyderabad,leisure,2024,June,Monsoon,None,4142
Indira Park,Hyderabad,leisure,2024,July,Monsoon,Bonalu,4739
Indira Park,Hyderabad,leisure,2024,August,Monsoon,"Independence Day, Krishna Janmashtami",5194
Indira Park,Hyderabad,leisure,2024,September,Monsoon,Vinayaka Chavithi,4803
Indira Park,Hyderabad,leisure,2024,October,Post-Monsoon,"Bathukamma, Dussehra",11483
Indira Park,Hyderabad,leisure,2024,November,Winter,Diwali,12120
Indira Park,Hyderabad,leisure,2024,December,Winter,Christmas,13430
Indira Park,Hyderabad,leisure,2025,January,Winter,"Bhogi, Sankranti",14916
Indira Park,Hyderabad,leisure,2025,February,Winter,Maha Shivaratri,13012
Indira Park,Hyderabad,leisure,2025,March,Summer,Holi,7968
Indira Park,Hyderabad,leisure,2025,April,Summer,"Ugadi, Sri Rama Navami",7820
Indira Park,Hyderabad,leisure,2025,May,Summer,Buddha Purnima,6765
Indira Park,Hyderabad,leisure,2025,June,Monsoon,None,4642
Indira Park,Hyderabad,leisure,2025,July,Monsoon,Bonalu,5029
Indira Park,Hyderabad,leisure,2025,August,Monsoon,"Independence Day, Krishna Janmashtami",5817
Indira Park,Hyderabad,leisure,2025,September,Monsoon,Vinayaka Chavithi,5547
Indira Park,Hyderabad,leisure,2025,October,Post-Monsoon,"Bathukamma, Dussehra",12544
Indira Park,Hyderabad,leisure,2025,November,Winter,Diwali,13089
Indira Park,Hyderabad,leisure,2025,December,Winter,Christmas,15159
Krishna Kanth Park,Hyderabad,leisure,2024,January,Winter,"Bhogi, Sankranti",13835
Krishna Kanth Park,Hyderabad,leisure,2024,February,Winter,Maha Shivaratri,13031
Krishna Kanth Park,Hyderabad,leisure,2024,March,Summer,Holi,7045
Krishna Kanth Park,Hyderabad,leisure,2024,April,Summer,"Ugadi, Sri Rama Navami",7273
Krishna Kanth Park,Hyderabad,leisure,2024,May,Summer,Buddha Purnima,6101
Krishna Kanth Park,Hyderabad,leisure,2024,June,Monsoon,None,4288
Krishna Kanth Park,Hyderabad,leisure,2024,July,Monsoon,Bonalu,4670
Krishna Kanth Park,Hyderabad,leisure,2024,August,Monsoon,"Independence Day, Krishna Janmashtami",4803
Krishna Kanth Park,Hyderabad,leisure,2024,September,Monsoon,Vinayaka Chavithi,5105
Krishna Kanth Park,Hyderabad,leisure,2024,October,Post-Monsoon,"Bathukamma, Dussehra",10428
Krishna Kanth Park,Hyderabad,leisure,2024,November,Winter,Diwali,13045
Krishna Kanth Park,Hyderabad,leisure,2024,December,Winter,Christmas,14645
Krishna Kanth Park,Hyderabad,leisure,2025,January,Winter,"Bhogi, Sankranti",14596
Krishna Kanth Park,Hyderabad,leisure,2025,February,Winter,Maha Shivaratri,12780
Krishna Kanth Park,Hyderabad,leisure,2025,March,Summer,Holi,7722
Krishna Kanth Park,Hyderabad,leisure,2025,April,Summer,"Ugadi, Sri Rama Navami",8459
Krishna Kanth Park,Hyderabad,leisure,2025,May,Summer,Buddha Purnima,6290
Krishna Kanth Park,Hyderabad,leisure,2025,June,Monsoon,None,4759
Krishna Kanth Park,Hyderabad,leisure,2025,July,Monsoon,Bonalu,5086
Krishna Kanth Park,Hyderabad,leisure,2025,August,Monsoon,"Independence Day, Krishna Janmashtami",5785
Krishna Kanth Park,Hyderabad,leisure,2025,September,Monsoon,Vinayaka Chavithi,5875
Krishna Kanth Park,Hyderabad,leisure,2025,October,Post-Monsoon,"Bathukamma, Dussehra",12493
Krishna Kanth Park,Hyderabad,leisure,2025,November,Winter,Diwali,11632
Krishna Kanth Park,Hyderabad,leisure,2025,December,Winter,Christmas,15064
Mrigavani National Park,Ranga Reddy,leisure,2024,January,Winter,"Bhogi, Sankranti",11281
Mrigavani National Park,Ranga Reddy,leisure,2024,February,Winter,Maha Shivaratri,9308
Mrigavani National Park,Ranga Reddy,leisure,2024,March,Summer,Holi,6273
Mrigavani National Park,Ranga Reddy,leisure,2024,April,Summer,"Ugadi, Sri Rama Navami",6791
Mrigavani National Park,Ranga Reddy,leisure,2024,May,Summer,Buddha Purnima,5207
Mrigavani National Park,Ranga Reddy,leisure,2024,June,Monsoon,None,3916
Mrigavani National Park,Ranga Reddy,leisure,2024,July,Monsoon,Bonalu,4166
Mrigavani National Park,Ranga Reddy,leisure,2024,August,Monsoon,"Independence Day, Krishna Janmashtami",4781
Mrigavani National Park,Ranga Reddy,leisure,2024,September,Monsoon,Vinayaka Chavithi,5005
Mrigavani National Park,Ranga Reddy,leisure,2024,October,Post-Monsoon,"Bathukamma, Dussehra",9808
Mrigavani National Park,Ranga Reddy,leisure,2024,November,Winter,Diwali,10731
Mrigavani National Park,Ranga Reddy,leisure,2024,December,Winter,Christmas,10654
Mrigavani National Park,Ranga Reddy,leisure,2025,January,Winter,"Bhogi, Sankranti",12441
Mrigavani National Park,Ranga Reddy,leisure,2025,February,Winter,Maha Shivaratri,10599
Mrigavani National Park,Ranga Reddy,leisure,2025,March,Summer,Holi,7323
Mrigavani National Park,Ranga Reddy,leisure,2025,April,Summer,"Ugadi, Sri Rama Navami",6803
Mrigavani National Park,Ranga Reddy,leisure,2025,May,Summer,Buddha Purnima,5697
Mrigavani National Park,Ranga Reddy,leisure,2025,June,Monsoon,None,4148
Mrigavani National Park,Ranga Reddy,leisure,2025,July,Monsoon,Bonalu,4172
Mrigavani National Park,Ranga Reddy,leisure,2025,August,Monsoon,"Independence Day, Krishna Janmashtami",5255
Mrigavani National Park,Ranga Reddy,leisure,2025,September,Monsoon,Vinayaka Chavithi,4840
Mrigavani National Park,Ranga Reddy,leisure,2025,October,Post-Monsoon,"Bathukamma, Dussehra",10313
Mrigavani National Park,Ranga Reddy,leisure,2025,November,Winter,Diwali,11118
Mrigavani National Park,Ranga Reddy,leisure,2025,December,Winter,Christmas,11683
NTR Gardens,Hyderabad,leisure,2024,January,Winter,"Bhogi, Sankranti",13170
NTR Gardens,Hyderabad,leisure,2024,February,Winter,Maha Shivaratri,11912
NTR Gardens,Hyderabad,leisure,2024,March,Summer,Holi,6972
NTR Gardens,Hyderabad,leisure,2024,April,Summer,"Ugadi, Sri Rama Navami",7146
NTR Gardens,Hyderabad,leisure,2024,May,Summer,Buddha Purnima,5678
NTR Gardens,Hyderabad,leisure,2024,June,Monsoon,None,4336
NTR Gardens,Hyderabad,leisure,2024,July,Monsoon,Bonalu,4153
NTR Gardens,Hyderabad,leisure,2024,August,Monsoon,"Independence Day, Krishna Janmashtami",5424
NTR Gardens,Hyderabad,leisure,2024,September,Monsoon,Vinayaka Chavithi,5411
NTR Gardens,Hyderabad,leisure,2024,October,Post-Monsoon,"Bathukamma, Dussehra",10214
NTR Gardens,Hyderabad,leisure,2024,November,Winter,Diwali,12261
NTR Gardens,Hyderabad,leisure,2024,December,Winter,Christmas,12984
NTR Gardens,Hyderabad,leisure,2025,January,Winter,"Bhogi, Sankranti",14906
NTR Gardens,Hyderabad,leisure,2025,February,Winter,Maha Shivaratri,13753
NTR Gardens,Hyderabad,leisure,2025,March,Summer,Holi,6973
NTR Gardens,Hyderabad,leisure,2025,April,Summer,"Ugadi, Sri Rama Navami",8041
NTR Gardens,Hyderabad,leisure,2025,May,Summer,Buddha Purnima,6543
NTR Gardens,Hyderabad,leisure,2025,June,Monsoon,None,4861
NTR Gardens,Hyderabad,leisure,2025,July,Monsoon,Bonalu,4901
NTR Gardens,Hyderabad,leisure,2025,August,Monsoon,"Independence Day, Krishna Janmashtami",5431
NTR Gardens,Hyderabad,leisure,2025,September,Monsoon,Vinayaka Chavithi,5727
NTR Gardens,Hyderabad,leisure,2025,October,Post-Monsoon,"Bathukamma, Dussehra",11424
NTR Gardens,Hyderabad,leisure,2025,November,Winter,Diwali,14173
NTR Gardens,Hyderabad,leisure,2025,December,Winter,Christmas,14586
Public Gardens,Hyderabad,leisure,2024,January,Winter,"Bhogi, Sankranti",14877
Public Gardens,Hyderabad,leisure,2024,February,Winter,Maha Shivaratri,11898
Public Gardens,Hyderabad,leisure,2024,March,Summer,Holi,6872
Public Gardens,Hyderabad,leisure,2024,April,Summer,"Ugadi, Sri Rama Navami",6842
Public Gardens,Hyderabad,leisure,2024,May,Summer,Buddha Purnima,5556
Public Gardens,Hyderabad,leisure,2024,June,Monsoon,None,4009
Public Gardens,Hyderabad,leisure,2024,July,Monsoon,Bonalu,4550
Public Gardens,Hyderabad,leisure,2024,August,Monsoon,"Independence Day, Krishna Janmashtami",5358
Public Gardens,Hyderabad,leisure,2024,September,Monsoon,Vinayaka Chavithi,4962
Public Gardens,Hyderabad,leisure,2024,October,Post-Monsoon,"Bathukamma, Dussehra",11509
Public Gardens,Hyderabad,leisure,2024,November,Winter,Diwali,12153
Public Gardens,Hyderabad,leisure,2024,December,Winter,Christmas,13590
Public Gardens,Hyderabad,leisure,2025,January,Winter,"Bhogi, Sankranti",15855
Public Gardens,Hyderabad,leisure,2025,February,Winter,Maha Shivaratri,13467
Public Gardens,Hyderabad,leisure,2025,March,Summer,Holi,7591
Public Gardens,Hyderabad,leisure,2025,April,Summer,"Ugadi, Sri Rama Navami",7638
Public Gardens,Hyderabad,leisure,2025,May,Summer,Buddha Purnima,5886
Public Gardens,Hyderabad,leisure,2025,June,Monsoon,None,4534
Public Gardens,Hyderabad,leisure,2025,July,Monsoon,Bonalu,4798
Public Gardens,Hyderabad,leisure,2025,August,Monsoon,"Independence Day, Krishna Janmashtami",5365
Public Gardens,Hyderabad,leisure,2025,September,Monsoon,Vinayaka Chavithi,5781
Public Gardens,Hyderabad,leisure,2025,October,Post-Monsoon,"Bathukamma, Dussehra",11943
Public Gardens,Hyderabad,leisure,2025,November,Winter,Diwali,13298
Public Gardens,Hyderabad,leisure,2025,December,Winter,Christmas,14097
Sanjeeviah Park,Hyderabad,leisure,2024,January,Winter,"Bhogi, Sankranti",13700
Sanjeeviah Park,Hyderabad,leisure,2024,February,Winter,Maha Shivaratri,12198
Sanjeeviah Park,Hyderabad,leisure,2024,March,Summer,Holi,6736
Sanjeeviah Park,Hyderabad,leisure,2024,April,Summer,"Ugadi, Sri Rama Navami",7925
Sanjeeviah Park,Hyderabad,leisure,2024,May,Summer,Buddha Purnima,6077
Sanjeeviah Park,Hyderabad,leisure,2024,June,Monsoon,None,4358
Sanjeeviah Park,Hyderabad,leisure,2024,July,Monsoon,Bonalu,4649
Sanjeeviah Park,Hyderabad,leisure,2024,August,Monsoon,"Independence Day, Krishna Janmashtami",5286
Sanjeeviah Park,Hyderabad,leisure,2024,September,Monsoon,Vinayaka Chavithi,5645
Sanjeeviah Park,Hyderabad,leisure,2024,October,Post-Monsoon,"Bathukamma, Dussehra",11175
Sanjeeviah Park,Hyderabad,leisure,2024,November,Winter,Diwali,12072
Sanjeeviah Park,Hyderabad,leisure,2024,December,Winter,Christmas,13735
Sanjeeviah Park,Hyderabad,leisure,2025,January,Winter,"Bhogi, Sankranti",13833
Sanjeeviah Park,Hyderabad,leisure,2025,February,Winter,Maha Shivaratri,12959
Sanjeeviah Park,Hyderabad,leisure,2025,March,Summer,Holi,7682
Sanjeeviah Park,Hyderabad,leisure,2025,April,Summer,"Ugadi, Sri Rama Navami",7911
Sanjeeviah Park,Hyderabad,leisure,2025,May,Summer,Buddha Purnima,6553
Sanjeeviah Park,Hyderabad,leisure,2025,June,Monsoon,None,4260
Sanjeeviah Park,Hyderabad,leisure,2025,July,Monsoon,Bonalu,4717
Sanjeeviah Park,Hyderabad,leisure,2025,August,Monsoon,"Independence Day, Krishna Janmashtami",5669
Sanjeeviah Park,Hyderabad,leisure,2025,September,Monsoon,Vinayaka Chavithi,5866
Sanjeeviah Park,Hyderabad,leisure,2025,October,Post-Monsoon,"Bathukamma, Dussehra",11286
Sanjeeviah Park,Hyderabad,leisure,2025,November,Winter,Diwali,14301
Sanjeeviah Park,Hyderabad,leisure,2025,December,Winter,Christmas,13939
KBR National Park,Hyderabad,leisure,2024,January,Winter,"Bhogi, Sankranti",14244
KBR National Park,Hyderabad,leisure,2024,February,Winter,Maha Shivaratri,12189
KBR National Park,Hyderabad,leisure,2024,March,Summer,Holi,6895
KBR National Park,Hyderabad,leisure,2024,April,Summer,"Ugadi, Sri Rama Navami",8059
KBR National Park,Hyderabad,leisure,2024,May,Summer,Buddha Purnima,5742
KBR National Park,Hyderabad,leisure,2024,June,Monsoon,None,4554
KBR National Park,Hyderabad,leisure,2024,July,Monsoon,Bonalu,4715
KBR National Park,Hyderabad,leisure,2024,August,Monsoon,"Independence Day, Krishna Janmashtami",5050
KBR National Park,Hyderabad,leisure,2024,September,Monsoon,Vinayaka Chavithi,5764
KBR National Park,Hyderabad,leisure,2024,October,Post-Monsoon,"Bathukamma, Dussehra",10879
KBR National Park,Hyderabad,leisure,2024,November,Winter,Diwali,12633
KBR National Park,Hyderabad,leisure,2024,December,Winter,Christmas,13667
KBR National Park,Hyderabad,leisure,2025,January,Winter,"Bhogi, Sankranti",14574
KBR National Park,Hyderabad,leisure,2025,February,Winter,Maha Shivaratri,13412
KBR National Park,Hyderabad,leisure,2025,March,Summer,Holi,8000
KBR National Park,Hyderabad,leisure,2025,April,Summer,"Ugadi, Sri Rama Navami",7296
KBR National Park,Hyderabad,leisure,2025,May,Summer,Buddha Purnima,7026
KBR National Park,Hyderabad,leisure,2025,June,Monsoon,None,4312
KBR National Park,Hyderabad,leisure,2025,July,Monsoon,Bonalu,5100
KBR National Park,Hyderabad,leisure,2025,August,Monsoon,"Independence Day, Krishna Janmashtami",5961
KBR National Park,Hyderabad,leisure,2025,September,Monsoon,Vinayaka Chavithi,5502
KBR National Park,Hyderabad,leisure,2025,October,Post-Monsoon,"Bathukamma, Dussehra",11653
KBR National Park,Hyderabad,leisure,2025,November,Winter,Diwali,12706
KBR National Park,Hyderabad,leisure,2025,December,Winter,Christmas,14414
Mahavir Harina Vanasthali National Park,Ranga Reddy,nature,2024,January,Winter,"Bhogi, Sankranti",13124
Mahavir Harina Vanasthali National Park,Ranga Reddy,nature,2024,February,Winter,Maha Shivaratri,12166
Mahavir Harina Vanasthali National Park,Ranga Reddy,nature,2024,March,Summer,Holi,7448
Mahavir Harina Vanasthali National Park,Ranga Reddy,nature,2024,April,Summer,"Ugadi, Sri Rama Navami",7769
Mahavir Harina Vanasthali National Park,Ranga Reddy,nature,2024,May,Summer,Buddha Purnima,5823
Mahavir Harina Vanasthali National Park,Ranga Reddy,nature,2024,June,Monsoon,None,4227
Mahavir Harina Vanasthali National Park,Ranga Reddy,nature,2024,July,Monsoon,Bonalu,4035
Mahavir Harina Vanasthali National Park,Ranga Reddy,nature,2024,August,Monsoon,"Independence Day, Krishna Janmashtami",4920
Mahavir Harina Vanasthali National Park,Ranga Reddy,nature,2024,September,Monsoon,Vinayaka Chavithi,5542
Mahavir Harina Vanasthali National Park,Ranga Reddy,nature,2024,October,Post-Monsoon,"Bathukamma, Dussehra",11681
Mahavir Harina Vanasthali National Park,Ranga Reddy,nature,2024,November,Winter,Diwali,11464
Mahavir Harina Vanasthali National Park,Ranga Reddy,nature,2024,December,Winter,Christmas,12844
Mahavir Harina Vanasthali National Park,Ranga Reddy,nature,2025,January,Winter,"Bhogi, Sankranti",14376
Mahavir Harina Vanasthali National Park,Ranga Reddy,nature,2025,February,Winter,Maha Shivaratri,12823
Mahavir Harina Vanasthali National Park,Ranga Reddy,nature,2025,March,Summer,Holi,7244
Mahavir Harina Vanasthali National Park,Ranga Reddy,nature,2025,April,Summer,"Ugadi, Sri Rama Navami",8010
Mahavir Harina Vanasthali National Park,Ranga Reddy,nature,2025,May,Summer,Buddha Purnima,6318
Mahavir Harina Vanasthali National Park,Ranga Reddy,nature,2025,June,Monsoon,None,4611
Mahavir Harina Vanasthali National Park,Ranga Reddy,nature,2025,July,Monsoon,Bonalu,4888
Mahavir Harina Vanasthali National Park,Ranga Reddy,nature,2025,August,Monsoon,"Independence Day, Krishna Janmashtami",5538
Mahavir Harina Vanasthali National Park,Ranga Reddy,nature,2025,September,Monsoon,Vinayaka Chavithi,5585
Mahavir Harina Vanasthali National Park,Ranga Reddy,nature,2025,October,Post-Monsoon,"Bathukamma, Dussehra",11609
Mahavir Harina Vanasthali National Park,Ranga Reddy,nature,2025,November,Winter,Diwali,13137
Mahavir Harina Vanasthali National Park,Ranga Reddy,nature,2025,December,Winter,Christmas,14031
Telangana State Museum,Hyderabad,heritage,2024,January,Winter,"Bhogi, Sankranti",18199
Telangana State Museum,Hyderabad,heritage,2024,February,Winter,Maha Shivaratri,17491
Telangana State Museum,Hyderabad,heritage,2024,March,Summer,Holi,9940
Telangana State Museum,Hyderabad,heritage,2024,April,Summer,"Ugadi, Sri Rama Navami",9898
Telangana State Museum,Hyderabad,heritage,2024,May,Summer,Buddha Purnima,8577
Telangana State Museum,Hyderabad,heritage,2024,June,Monsoon,None,5811
Telangana State Museum,Hyderabad,heritage,2024,July,Monsoon,Bonalu,6452
Telangana State Museum,Hyderabad,heritage,2024,August,Monsoon,"Independence Day, Krishna Janmashtami",7222
Telangana State Museum,Hyderabad,heritage,2024,September,Monsoon,Vinayaka Chavithi,7274
Telangana State Museum,Hyderabad,heritage,2024,October,Post-Monsoon,"Bathukamma, Dussehra",15286
Telangana State Museum,Hyderabad,heritage,2024,November,Winter,Diwali,15574
Telangana State Museum,Hyderabad,heritage,2024,December,Winter,Christmas,17278
Telangana State Museum,Hyderabad,heritage,2025,January,Winter,"Bhogi, Sankranti",18724
Telangana State Museum,Hyderabad,heritage,2025,February,Winter,Maha Shivaratri,17618
Telangana State Museum,Hyderabad,heritage,2025,March,Summer,Holi,11347
Telangana State Museum,Hyderabad,heritage,2025,April,Summer,"Ugadi, Sri Rama Navami",12060
Telangana State Museum,Hyderabad,heritage,2025,May,Summer,Buddha Purnima,9237
Telangana State Museum,Hyderabad,heritage,2025,June,Monsoon,None,6542
Telangana State Museum,Hyderabad,heritage,2025,July,Monsoon,Bonalu,5989
Telangana State Museum,Hyderabad,heritage,2025,August,Monsoon,"Independence Day, Krishna Janmashtami",7451
Telangana State Museum,Hyderabad,heritage,2025,September,Monsoon,Vinayaka Chavithi,7587
Telangana State Museum,Hyderabad,heritage,2025,October,Post-Monsoon,"Bathukamma, Dussehra",15646
Telangana State Museum,Hyderabad,heritage,2025,November,Winter,Diwali,18100
Telangana State Museum,Hyderabad,heritage,2025,December,Winter,Christmas,19307
Archival Museum,Hyderabad,heritage,2024,January,Winter,"Bhogi, Sankranti",16613
Archival Museum,Hyderabad,heritage,2024,February,Winter,Maha Shivaratri,16802
Archival Museum,Hyderabad,heritage,2024,March,Summer,Holi,9151
Archival Museum,Hyderabad,heritage,2024,April,Summer,"Ugadi, Sri Rama Navami",10166
Archival Museum,Hyderabad,heritage,2024,May,Summer,Buddha Purnima,9147
Archival Museum,Hyderabad,heritage,2024,June,Monsoon,None,5638
Archival Museum,Hyderabad,heritage,2024,July,Monsoon,Bonalu,5323
Archival Museum,Hyderabad,heritage,2024,August,Monsoon,"Independence Day, Krishna Janmashtami",6990
Archival Museum,Hyderabad,heritage,2024,September,Monsoon,Vinayaka Chavithi,7715
Archival Museum,Hyderabad,heritage,2024,October,Post-Monsoon,"Bathukamma, Dussehra",16415
Archival Museum,Hyderabad,heritage,2024,November,Winter,Diwali,15862
Archival Museum,Hyderabad,heritage,2024,December,Winter,Christmas,18764
Archival Museum,Hyderabad,heritage,2025,January,Winter,"Bhogi, Sankranti",19449
Archival Museum,Hyderabad,heritage,2025,February,Winter,Maha Shivaratri,17400
Archival Museum,Hyderabad,heritage,2025,March,Summer,Holi,11824
Archival Museum,Hyderabad,heritage,2025,April,Summer,"Ugadi, Sri Rama Navami",10034
Archival Museum,Hyderabad,heritage,2025,May,Summer,Buddha Purnima,9065
Archival Museum,Hyderabad,heritage,2025,June,Monsoon,None,6531
Archival Museum,Hyderabad,heritage,2025,July,Monsoon,Bonalu,6939
Archival Museum,Hyderabad,heritage,2025,August,Monsoon,"Independence Day, Krishna Janmashtami",7696
Archival Museum,Hyderabad,heritage,2025,September,Monsoon,Vinayaka Chavithi,8020
Archival Museum,Hyderabad,heritage,2025,October,Post-Monsoon,"Bathukamma, Dussehra",15831
Archival Museum,Hyderabad,heritage,2025,November,Winter,Diwali,18499
Archival Museum,Hyderabad,heritage,2025,December,Winter,Christmas,19435
Nizam's Museum,Hyderabad,heritage,2024,January,Winter,"Bhogi, Sankranti",19010
Nizam's Museum,Hyderabad,heritage,2024,February,Winter,Maha Shivaratri,15897
Nizam's Museum,Hyderabad,heritage,2024,March,Summer,Holi,9852
Nizam's Museum,Hyderabad,heritage,2024,April,Summer,"Ugadi, Sri Rama Navami",10031
Nizam's Museum,Hyderabad,heritage,2024,May,Summer,Buddha Purnima,8755
Nizam's Museum,Hyderabad,heritage,2024,June,Monsoon,None,5894
Nizam's Museum,Hyderabad,heritage,2024,July,Monsoon,Bonalu,5554
Nizam's Museum,Hyderabad,heritage,2024,August,Monsoon,"Independence Day, Krishna Janmashtami",7539
Nizam's Museum,Hyderabad,heritage,2024,September,Monsoon,Vinayaka Chavithi,6982
Nizam's Museum,Hyderabad,heritage,2024,October,Post-Monsoon,"Bathukamma, Dussehra",14462
Nizam's Museum,Hyderabad,heritage,2024,November,Winter,Diwali,16398
Nizam's Museum,Hyderabad,heritage,2024,December,Winter,Christmas,19568
Nizam's Museum,Hyderabad,heritage,2025,January,Winter,"Bhogi, Sankranti",17786
Nizam's Museum,Hyderabad,heritage,2025,February,Winter,Maha Shivaratri,20237
Nizam's Museum,Hyderabad,heritage,2025,March,Summer,Holi,10994
Nizam's Museum,Hyderabad,heritage,2025,April,Summer,"Ugadi, Sri Rama Navami",10971
Nizam's Museum,Hyderabad,heritage,2025,May,Summer,Buddha Purnima,8926
Nizam's Museum,Hyderabad,heritage,2025,June,Monsoon,None,6473
Nizam's Museum,Hyderabad,heritage,2025,July,Monsoon,Bonalu,6753
Nizam's Museum,Hyderabad,heritage,2025,August,Monsoon,"Independence Day, Krishna Janmashtami",7906
Nizam's Museum,Hyderabad,heritage,2025,September,Monsoon,Vinayaka Chavithi,8117
Nizam's Museum,Hyderabad,heritage,2025,October,Post-Monsoon,"Bathukamma, Dussehra",16219
Nizam's Museum,Hyderabad,heritage,2025,November,Winter,Diwali,18073
Nizam's Museum,Hyderabad,heritage,2025,December,Winter,Christmas,19625
Shamir Pet,Medchal-Malkajgiri,nature,2024,January,Winter,"Bhogi, Sankranti",12507
Shamir Pet,Medchal-Malkajgiri,nature,2024,February,Winter,Maha Shivaratri,11724
Shamir Pet,Medchal-Malkajgiri,nature,2024,March,Summer,Holi,6820
Shamir Pet,Medchal-Malkajgiri,nature,2024,April,Summer,"Ugadi, Sri Rama Navami",5870
Shamir Pet,Medchal-Malkajgiri,nature,2024,May,Summer,Buddha Purnima,5864
Shamir Pet,Medchal-Malkajgiri,nature,2024,June,Monsoon,None,4087
Shamir Pet,Medchal-Malkajgiri,nature,2024,July,Monsoon,Bonalu,4171
Shamir Pet,Medchal-Malkajgiri,nature,2024,August,Monsoon,"Independence Day, Krishna Janmashtami",4763
Shamir Pet,Medchal-Malkajgiri,nature,2024,September,Monsoon,Vinayaka Chavithi,5291
Shamir Pet,Medchal-Malkajgiri,nature,2024,October,Post-Monsoon,"Bathukamma, Dussehra",10727
Shamir Pet,Medchal-Malkajgiri,nature,2024,November,Winter,Diwali,11130
Shamir Pet,Medchal-Malkajgiri,nature,2024,December,Winter,Christmas,12797
Shamir Pet,Medchal-Malkajgiri,nature,2025,January,Winter,"Bhogi, Sankranti",12977
Shamir Pet,Medchal-Malkajgiri,nature,2025,February,Winter,Maha Shivaratri,11156
Shamir Pet,Medchal-Malkajgiri,nature,2025,March,Summer,Holi,6929
Shamir Pet,Medchal-Malkajgiri,nature,2025,April,Summer,"Ugadi, Sri Rama Navami",7753
Shamir Pet,Medchal-Malkajgiri,nature,2025,May,Summer,Buddha Purnima,6424
Shamir Pet,Medchal-Malkajgiri,nature,2025,June,Monsoon,None,4484
Shamir Pet,Medchal-Malkajgiri,nature,2025,July,Monsoon,Bonalu,4672
Shamir Pet,Medchal-Malkajgiri,nature,2025,August,Monsoon,"Independence Day, Krishna Janmashtami",5382
Shamir Pet,Medchal-Malkajgiri,nature,2025,September,Monsoon,Vinayaka Chavithi,5237
Shamir Pet,Medchal-Malkajgiri,nature,2025,October,Post-Monsoon,"Bathukamma, Dussehra",11300
Shamir Pet,Medchal-Malkajgiri,nature,2025,November,Winter,Diwali,13004
Shamir Pet,Medchal-Malkajgiri,nature,2025,December,Winter,Christmas,14056
Ocean Park,Ranga Reddy,leisure,2024,January,Winter,"Bhogi, Sankranti",12356
Ocean Park,Ranga Reddy,leisure,2024,February,Winter,Maha Shivaratri,10608
Ocean Park,Ranga Reddy,leisure,2024,March,Summer,Holi,6224
Ocean Park,Ranga Reddy,leisure,2024,April,Summer,"Ugadi, Sri Rama Navami",6695
Ocean Park,Ranga Reddy,leisure,2024,May,Summer,Buddha Purnima,5236
Ocean Park,Ranga Reddy,leisure,2024,June,Monsoon,None,3573
Ocean Park,Ranga Reddy,leisure,2024,July,Monsoon,Bonalu,3823
Ocean Park,Ranga Reddy,leisure,2024,August,Monsoon,"Independence Day, Krishna Janmashtami",4319
Ocean Park,Ranga Reddy,leisure,2024,September,Monsoon,Vinayaka Chavithi,4470
Ocean Park,Ranga Reddy,leisure,2024,October,Post-Monsoon,"Bathukamma, Dussehra",9389
Ocean Park,Ranga Reddy,leisure,2024,November,Winter,Diwali,10267
Ocean Park,Ranga Reddy,leisure,2024,December,Winter,Christmas,11403
Ocean Park,Ranga Reddy,leisure,2025,January,Winter,"Bhogi, Sankranti",11403
Ocean Park,Ranga Reddy,leisure,2025,February,Winter,Maha Shivaratri,11183
Ocean Park,Ranga Reddy,leisure,2025,March,Summer,Holi,6606
Ocean Park,Ranga Reddy,leisure,2025,April,Summer,"Ugadi, Sri Rama Navami",6583
Ocean Park,Ranga Reddy,leisure,2025,May,Summer,Buddha Purnima,5849
Ocean Park,Ranga Reddy,leisure,2025,June,Monsoon,None,4226
Ocean Park,Ranga Reddy,leisure,2025,July,Monsoon,Bonalu,3829
Ocean Park,Ranga Reddy,leisure,2025,August,Monsoon,"Independence Day, Krishna Janmashtami",4660
Ocean Park,Ranga Reddy,leisure,2025,September,Monsoon,Vinayaka Chavithi,4804
Ocean Park,Ranga Reddy,leisure,2025,October,Post-Monsoon,"Bathukamma, Dussehra",9734
Ocean Park,Ranga Reddy,leisure,2025,November,Winter,Diwali,12025
Ocean Park,Ranga Reddy,leisure,2025,December,Winter,Christmas,12387
Shilparamam,Ranga Reddy,leisure,2024,January,Winter,"Bhogi, Sankranti",11509
Shilparamam,Ranga Reddy,leisure,2024,February,Winter,Maha Shivaratri,9219
Shilparamam,Ranga Reddy,leisure,2024,March,Summer,Holi,6311
Shilparamam,Ranga Reddy,leisure,2024,April,Summer,"Ugadi, Sri Rama Navami",5961
Shilparamam,Ranga Reddy,leisure,2024,May,Summer,Buddha Purnima,5258
Shilparamam,Ranga Reddy,leisure,2024,June,Monsoon,None,3790
Shilparamam,Ranga Reddy,leisure,2024,July,Monsoon,Bonalu,4117
Shilparamam,Ranga Reddy,leisure,2024,August,Monsoon,"Independence Day, Krishna Janmashtami",4192
Shilparamam,Ranga Reddy,leisure,2024,September,Monsoon,Vinayaka Chavithi,3927
Shilparamam,Ranga Reddy,leisure,2024,October,Post-Monsoon,"Bathukamma, Dussehra",9544
Shilparamam,Ranga Reddy,leisure,2024,November,Winter,Diwali,11653
Shilparamam,Ranga Reddy,leisure,2024,December,Winter,Christmas,12299
Shilparamam,Ranga Reddy,leisure,2025,January,Winter,"Bhogi, Sankranti",12728
Shilparamam,Ranga Reddy,leisure,2025,February,Winter,Maha Shivaratri,10793
Shilparamam,Ranga Reddy,leisure,2025,March,Summer,Holi,6872
Shilparamam,Ranga Reddy,leisure,2025,April,Summer,"Ugadi, Sri Rama Navami",6529
Shilparamam,Ranga Reddy,leisure,2025,May,Summer,Buddha Purnima,5797
Shilparamam,Ranga Reddy,leisure,2025,June,Monsoon,None,4139
Shilparamam,Ranga Reddy,leisure,2025,July,Monsoon,Bonalu,4384
Shilparamam,Ranga Reddy,leisure,2025,August,Monsoon,"Independence Day, Krishna Janmashtami",5513
Shilparamam,Ranga Reddy,leisure,2025,September,Monsoon,Vinayaka Chavithi,5094
Shilparamam,Ranga Reddy,leisure,2025,October,Post-Monsoon,"Bathukamma, Dussehra",9954
Shilparamam,Ranga Reddy,leisure,2025,November,Winter,Diwali,11531
Shilparamam,Ranga Reddy,leisure,2025,December,Winter,Christmas,11402
Assembly,Hyderabad,other,2024,January,Winter,"Bhogi, Sankranti",11240
Assembly,Hyderabad,other,2024,February,Winter,Maha Shivaratri,10020
Assembly,Hyderabad,other,2024,March,Summer,Holi,5947
Assembly,Hyderabad,other,2024,April,Summer,"Ugadi, Sri Rama Navami",6393
Assembly,Hyderabad,other,2024,May,Summer,Buddha Purnima,5019
Assembly,Hyderabad,other,2024,June,Monsoon,None,3941
Assembly,Hyderabad,other,2024,July,Monsoon,Bonalu,3849
Assembly,Hyderabad,other,2024,August,Monsoon,"Independence Day, Krishna Janmashtami",4477
Assembly,Hyderabad,other,2024,September,Monsoon,Vinayaka Chavithi,4543
Assembly,Hyderabad,other,2024,October,Post-Monsoon,"Bathukamma, Dussehra",9516
Assembly,Hyderabad,other,2024,November,Winter,Diwali,11115
Assembly,Hyderabad,other,2024,December,Winter,Christmas,11062
Assembly,Hyderabad,other,2025,January,Winter,"Bhogi, Sankranti",12162
Assembly,Hyderabad,other,2025,February,Winter,Maha Shivaratri,10880
Assembly,Hyderabad,other,2025,March,Summer,Holi,6152
Assembly,Hyderabad,other,2025,April,Summer,"Ugadi, Sri Rama Navami",6572
Assembly,Hyderabad,other,2025,May,Summer,Buddha Purnima,5519
Assembly,Hyderabad,other,2025,June,Monsoon,None,4207
Assembly,Hyderabad,other,2025,July,Monsoon,Bonalu,4211
Assembly,Hyderabad,other,2025,August,Monsoon,"Independence Day, Krishna Janmashtami",4884
Assembly,Hyderabad,other,2025,September,Monsoon,Vinayaka Chavithi,5200
Assembly,Hyderabad,other,2025,October,Post-Monsoon,"Bathukamma, Dussehra",10128
Assembly,Hyderabad,other,2025,November,Winter,Diwali,11753
Assembly,Hyderabad,other,2025,December,Winter,Christmas,12424
Mount Opera,Ranga Reddy,leisure,2024,January,Winter,"Bhogi, Sankranti",11818
Mount Opera,Ranga Reddy,leisure,2024,February,Winter,Maha Shivaratri,9947
Mount Opera,Ranga Reddy,leisure,2024,March,Summer,Holi,5371
Mount Opera,Ranga Reddy,leisure,2024,April,Summer,"Ugadi, Sri Rama Navami",6312
Mount Opera,Ranga Reddy,leisure,2024,May,Summer,Buddha Purnima,5616
Mount Opera,Ranga Reddy,leisure,2024,June,Monsoon,None,3911
Mount Opera,Ranga Reddy,leisure,2024,July,Monsoon,Bonalu,4041
Mount Opera,Ranga Reddy,leisure,2024,August,Monsoon,"Independence Day, Krishna Janmashtami",4763
Mount Opera,Ranga Reddy,leisure,2024,September,Monsoon,Vinayaka Chavithi,4646
Mount Opera,Ranga Reddy,leisure,2024,October,Post-Monsoon,"Bathukamma, Dussehra",9551
Mount Opera,Ranga Reddy,leisure,2024,November,Winter,Diwali,10361
Mount Opera,Ranga Reddy,leisure,2024,December,Winter,Christmas,11399
Mount Opera,Ranga Reddy,leisure,2025,January,Winter,"Bhogi, Sankranti",12984
Mount Opera,Ranga Reddy,leisure,2025,February,Winter,Maha Shivaratri,11731
Mount Opera,Ranga Reddy,leisure,2025,March,Summer,Holi,6560
Mount Opera,Ranga Reddy,leisure,2025,April,Summer,"Ugadi, Sri Rama Navami",6709
Mount Opera,Ranga Reddy,leisure,2025,May,Summer,Buddha Purnima,5662
Mount Opera,Ranga Reddy,leisure,2025,June,Monsoon,None,4158
Mount Opera,Ranga Reddy,leisure,2025,July,Monsoon,Bonalu,3863
Mount Opera,Ranga Reddy,leisure,2025,August,Monsoon,"Independence Day, Krishna Janmashtami",4288
Mount Opera,Ranga Reddy,leisure,2025,September,Monsoon,Vinayaka Chavithi,4858
Mount Opera,Ranga Reddy,leisure,2025,October,Post-Monsoon,"Bathukamma, Dussehra",9591
Mount Opera,Ranga Reddy,leisure,2025,November,Winter,Diwali,11253
Mount Opera,Ranga Reddy,leisure,2025,December,Winter,Christmas,12416
Peddamma Temple,Hyderabad,religious,2024,January,Winter,"Bhogi, Sankranti",22762
Peddamma Temple,Hyderabad,religious,2024,February,Winter,Maha Shivaratri,21945
Peddamma Temple,Hyderabad,religious,2024,March,Summer,Holi,12413
Peddamma Temple,Hyderabad,religious,2024,April,Summer,"Ugadi, Sri Rama Navami",12880
Peddamma Temple,Hyderabad,religious,2024,May,Summer,Buddha Purnima,10795
Peddamma Temple,Hyderabad,religious,2024,June,Monsoon,None,7040
Peddamma Temple,Hyderabad,religious,2024,July,Monsoon,Bonalu,8098
Peddamma Temple,Hyderabad,religious,2024,August,Monsoon,"Independence Day, Krishna Janmashtami",8924
Peddamma Temple,Hyderabad,religious,2024,September,Monsoon,Vinayaka Chavithi,9547
Peddamma Temple,Hyderabad,religious,2024,October,Post-Monsoon,"Bathukamma, Dussehra",17873
Peddamma Temple,Hyderabad,religious,2024,November,Winter,Diwali,19690
Peddamma Temple,Hyderabad,religious,2024,December,Winter,Christmas,24073
Peddamma Temple,Hyderabad,religious,2025,January,Winter,"Bhogi, Sankranti",25626
Peddamma Temple,Hyderabad,religious,2025,February,Winter,Maha Shivaratri,21099
Peddamma Temple,Hyderabad,religious,2025,March,Summer,Holi,12617
Peddamma Temple,Hyderabad,religious,2025,April,Summer,"Ugadi, Sri Rama Navami",14476
Peddamma Temple,Hyderabad,religious,2025,May,Summer,Buddha Purnima,10634
Peddamma Temple,Hyderabad,religious,2025,June,Monsoon,None,8724
Peddamma Temple,Hyderabad,religious,2025,July,Monsoon,Bonalu,7939
Peddamma Temple,Hyderabad,religious,2025,August,Monsoon,"Independence Day, Krishna Janmashtami",9983
Peddamma Temple,Hyderabad,religious,2025,September,Monsoon,Vinayaka Chavithi,9812
Peddamma Temple,Hyderabad,religious,2025,October,Post-Monsoon,"Bathukamma, Dussehra",21011
Peddamma Temple,Hyderabad,religious,2025,November,Winter,Diwali,22429
Peddamma Temple,Hyderabad,religious,2025,December,Winter,Christmas,24775
Medak Fort,Medak,heritage,2024,January,Winter,"Bhogi, Sankranti",14731
Medak Fort,Medak,heritage,2024,February,Winter,Maha Shivaratri,12268
Medak Fort,Medak,heritage,2024,March,Summer,Holi,7996
Medak Fort,Medak,heritage,2024,April,Summer,"Ugadi, Sri Rama Navami",7805
Medak Fort,Medak,heritage,2024,May,Summer,Buddha Purnima,6533
Medak Fort,Medak,heritage,2024,June,Monsoon,None,4478
Medak Fort,Medak,heritage,2024,July,Monsoon,Bonalu,4237
Medak Fort,Medak,heritage,2024,August,Monsoon,"Independence Day, Krishna Janmashtami",5600
Medak Fort,Medak,heritage,2024,September,Monsoon,Vinayaka Chavithi,6534
Medak Fort,Medak,heritage,2024,October,Post-Monsoon,"Bathukamma, Dussehra",12389
Medak Fort,Medak,heritage,2024,November,Winter,Diwali,13463
Medak Fort,Medak,heritage,2024,December,Winter,Christmas,14407
Medak Fort,Medak,heritage,2025,January,Winter,"Bhogi, Sankranti",15895
Medak Fort,Medak,heritage,2025,February,Winter,Maha Shivaratri,14329
Medak Fort,Medak,heritage,2025,March,Summer,Holi,7835
Medak Fort,Medak,heritage,2025,April,Summer,"Ugadi, Sri Rama Navami",9133
Medak Fort,Medak,heritage,2025,May,Summer,Buddha Purnima,7392
Medak Fort,Medak,heritage,2025,June,Monsoon,None,5272
Medak Fort,Medak,heritage,2025,July,Monsoon,Bonalu,5363
Medak Fort,Medak,heritage,2025,August,Monsoon,"Independence Day, Krishna Janmashtami",6113
Medak Fort,Medak,heritage,2025,September,Monsoon,Vinayaka Chavithi,6509
Medak Fort,Medak,heritage,2025,October,Post-Monsoon,"Bathukamma, Dussehra",13256
Medak Fort,Medak,heritage,2025,November,Winter,Diwali,14297
Medak Fort,Medak,heritage,2025,December,Winter,Christmas,15315
Kuntala Waterfalls,Adilabad,nature,2024,January,Winter,"Bhogi, Sankranti",12393
Kuntala Waterfalls,Adilabad,nature,2024,February,Winter,Maha Shivaratri,11671
Kuntala Waterfalls,Adilabad,nature,2024,March,Summer,Holi,6066
Kuntala Waterfalls,Adilabad,nature,2024,April,Summer,"Ugadi, Sri Rama Navami",6225
Kuntala Waterfalls,Adilabad,nature,2024,May,Summer,Buddha Purnima,5588
Kuntala Waterfalls,Adilabad,nature,2024,June,Monsoon,None,3962
Kuntala Waterfalls,Adilabad,nature,2024,July,Monsoon,Bonalu,4111
Kuntala Waterfalls,Adilabad,nature,2024,August,Monsoon,"Independence Day, Krishna Janmashtami",4800
Kuntala Waterfalls,Adilabad,nature,2024,September,Monsoon,Vinayaka Chavithi,4836
Kuntala Waterfalls,Adilabad,nature,2024,October,Post-Monsoon,"Bathukamma, Dussehra",10743
Kuntala Waterfalls,Adilabad,nature,2024,November,Winter,Diwali,10398
Kuntala Waterfalls,Adilabad,nature,2024,December,Winter,Christmas,11737
Kuntala Waterfalls,Adilabad,nature,2025,January,Winter,"Bhogi, Sankranti",13248
Kuntala Waterfalls,Adilabad,nature,2025,February,Winter,Maha Shivaratri,10737
Kuntala Waterfalls,Adilabad,nature,2025,March,Summer,Holi,6922
Kuntala Waterfalls,Adilabad,nature,2025,April,Summer,"Ugadi, Sri Rama Navami",7859
Kuntala Waterfalls,Adilabad,nature,2025,May,Summer,Buddha Purnima,5992
Kuntala Waterfalls,Adilabad,nature,2025,June,Monsoon,None,4317
Kuntala Waterfalls,Adilabad,nature,2025,July,Monsoon,Bonalu,4124
Kuntala Waterfalls,Adilabad,nature,2025,August,Monsoon,"Independence Day, Krishna Janmashtami",4964
Kuntala Waterfalls,Adilabad,nature,2025,September,Monsoon,Vinayaka Chavithi,5183
Kuntala Waterfalls,Adilabad,nature,2025,October,Post-Monsoon,"Bathukamma, Dussehra",10627
Kuntala Waterfalls,Adilabad,nature,2025,November,Winter,Diwali,12989
Kuntala Waterfalls,Adilabad,nature,2025,December,Winter,Christmas,13593
Pochera Waterfalls,Adilabad,nature,2024,January,Winter,"Bhogi, Sankranti",11645
Pochera Waterfalls,Adilabad,nature,2024,February,Winter,Maha Shivaratri,10965
Pochera Waterfalls,Adilabad,nature,2024,March,Summer,Holi,6627
Pochera Waterfalls,Adilabad,nature,2024,April,Summer,"Ugadi, Sri Rama Navami",7101
Pochera Waterfalls,Adilabad,nature,2024,May,Summer,Buddha Purnima,5981
Pochera Waterfalls,Adilabad,nature,2024,June,Monsoon,None,3751
Pochera Waterfalls,Adilabad,nature,2024,July,Monsoon,Bonalu,3910
Pochera Waterfalls,Adilabad,nature,2024,August,Monsoon,"Independence Day, Krishna Janmashtami",4444
Pochera Waterfalls,Adilabad,nature,2024,September,Monsoon,Vinayaka Chavithi,4833
Pochera Waterfalls,Adilabad,nature,2024,October,Post-Monsoon,"Bathukamma, Dussehra",10232
Pochera Waterfalls,Adilabad,nature,2024,November,Winter,Diwali,11861
Pochera Waterfalls,Adilabad,nature,2024,December,Winter,Christmas,12198
Pochera Waterfalls,Adilabad,nature,2025,January,Winter,"Bhogi, Sankranti",13104
Pochera Waterfalls,Adilabad,nature,2025,February,Winter,Maha Shivaratri,11787
Pochera Waterfalls,Adilabad,nature,2025,March,Summer,Holi,6692
Pochera Waterfalls,Adilabad,nature,2025,April,Summer,"Ugadi, Sri Rama Navami",8014
Pochera Waterfalls,Adilabad,nature,2025,May,Summer,Buddha Purnima,5505
Pochera Waterfalls,Adilabad,nature,2025,June,Monsoon,None,4308
Pochera Waterfalls,Adilabad,nature,2025,July,Monsoon,Bonalu,4847
Pochera Waterfalls,Adilabad,nature,2025,August,Monsoon,"Independence Day, Krishna Janmashtami",5123
Pochera Waterfalls,Adilabad,nature,2025,September,Monsoon,Vinayaka Chavithi,5232
Pochera Waterfalls,Adilabad,nature,2025,October,Post-Monsoon,"Bathukamma, Dussehra",10605
Pochera Waterfalls,Adilabad,nature,2025,November,Winter,Diwali,12097
Pochera Waterfalls,Adilabad,nature,2025,December,Winter,Christmas,14132
Jainath Temple,Adilabad,religious,2024,January,Winter,"Bhogi, Sankranti",16450
Jainath Temple,Adilabad,religious,2024,February,Winter,Maha Shivaratri,17493
Jainath Temple,Adilabad,religious,2024,March,Summer,Holi,9009
Jainath Temple,Adilabad,religious,2024,April,Summer,"Ugadi, Sri Rama Navami",9943
Jainath Temple,Adilabad,religious,2024,May,Summer,Buddha Purnima,8136
Jainath Temple,Adilabad,religious,2024,June,Monsoon,None,6102
Jainath Temple,Adilabad,religious,2024,July,Monsoon,Bonalu,5625
Jainath Temple,Adilabad,religious,2024,August,Monsoon,"Independence Day, Krishna Janmashtami",7278
Jainath Temple,Adilabad,religious,2024,September,Monsoon,Vinayaka Chavithi,8078
Jainath Temple,Adilabad,religious,2024,October,Post-Monsoon,"Bathukamma, Dussehra",13975
Jainath Temple,Adilabad,religious,2024,November,Winter,Diwali,17115
Jainath Temple,Adilabad,religious,2024,December,Winter,Christmas,17759
Jainath Temple,Adilabad,religious,2025,January,Winter,"Bhogi, Sankranti",20400
Jainath Temple,Adilabad,religious,2025,February,Winter,Maha Shivaratri,17564
Jainath Temple,Adilabad,religious,2025,March,Summer,Holi,10140
Jainath Temple,Adilabad,religious,2025,April,Summer,"Ugadi, Sri Rama Navami",11149
Jainath Temple,Adilabad,religious,2025,May,Summer,Buddha Purnima,9789
Jainath Temple,Adilabad,religious,2025,June,Monsoon,None,6341
Jainath Temple,Adilabad,religious,2025,July,Monsoon,Bonalu,6840
Jainath Temple,Adilabad,religious,2025,August,Monsoon,"Independence Day, Krishna Janmashtami",7186
Jainath Temple,Adilabad,religious,2025,September,Monsoon,Vinayaka Chavithi,7544
Jainath Temple,Adilabad,religious,2025,October,Post-Monsoon,"Bathukamma, Dussehra",16580
Jainath Temple,Adilabad,religious,2025,November,Winter,Diwali,19669
Jainath Temple,Adilabad,religious,2025,December,Winter,Christmas,20189
Hanuman statue,Bhadradri Kothagudem,other,2024,January,Winter,"Bhogi, Sankranti",9250
Hanuman statue,Bhadradri Kothagudem,other,2024,February,Winter,Maha Shivaratri,8255
Hanuman statue,Bhadradri Kothagudem,other,2024,March,Summer,Holi,4620
Hanuman statue,Bhadradri Kothagudem,other,2024,April,Summer,"Ugadi, Sri Rama Navami",5275
Hanuman statue,Bhadradri Kothagudem,other,2024,May,Summer,Buddha Purnima,4411
Hanuman statue,Bhadradri Kothagudem,other,2024,June,Monsoon,None,2944
Hanuman statue,Bhadradri Kothagudem,other,2024,July,Monsoon,Bonalu,3033
Hanuman statue,Bhadradri Kothagudem,other,2024,August,Monsoon,"Independence Day, Krishna Janmashtami",3662
Hanuman statue,Bhadradri Kothagudem,other,2024,September,Monsoon,Vinayaka Chavithi,3646
Hanuman statue,Bhadradri Kothagudem,other,2024,October,Post-Monsoon,"Bathukamma, Dussehra",7595
Hanuman statue,Bhadradri Kothagudem,other,2024,November,Winter,Diwali,9519
Hanuman statue,Bhadradri Kothagudem,other,2024,December,Winter,Christmas,9217
Hanuman statue,Bhadradri Kothagudem,other,2025,January,Winter,"Bhogi, Sankranti",9967
Hanuman statue,Bhadradri Kothagudem,other,2025,February,Winter,Maha Shivaratri,8627
Hanuman statue,Bhadradri Kothagudem,other,2025,March,Summer,Holi,5521
Hanuman statue,Bhadradri Kothagudem,other,2025,April,Summer,"Ugadi, Sri Rama Navami",5480
Hanuman statue,Bhadradri Kothagudem,other,2025,May,Summer,Buddha Purnima,4414
Hanuman statue,Bhadradri Kothagudem,other,2025,June,Monsoon,None,3468
Hanuman statue,Bhadradri Kothagudem,other,2025,July,Monsoon,Bonalu,3593
Hanuman statue,Bhadradri Kothagudem,other,2025,August,Monsoon,"Independence Day, Krishna Janmashtami",3786
Hanuman statue,Bhadradri Kothagudem,other,2025,September,Monsoon,Vinayaka Chavithi,3650
Hanuman statue,Bhadradri Kothagudem,other,2025,October,Post-Monsoon,"Bathukamma, Dussehra",8645
Hanuman statue,Bhadradri Kothagudem,other,2025,November,Winter,Diwali,8985
Hanuman statue,Bhadradri Kothagudem,other,2025,December,Winter,Christmas,10477
Bhadrakali Lake,Hanumakonda,nature,2024,January,Winter,"Bhogi, Sankranti",11521
Bhadrakali Lake,Hanumakonda,nature,2024,February,Winter,Maha Shivaratri,11728
Bhadrakali Lake,Hanumakonda,nature,2024,March,Summer,Holi,6296
Bhadrakali Lake,Hanumakonda,nature,2024,April,Summer,"Ugadi, Sri Rama Navami",7218
Bhadrakali Lake,Hanumakonda,nature,2024,May,Summer,Buddha Purnima,5749
Bhadrakali Lake,Hanumakonda,nature,2024,June,Monsoon,None,3901
Bhadrakali Lake,Hanumakonda,nature,2024,July,Monsoon,Bonalu,4138
Bhadrakali Lake,Hanumakonda,nature,2024,August,Monsoon,"Independence Day, Krishna Janmashtami",5084
Bhadrakali Lake,Hanumakonda,nature,2024,September,Monsoon,Vinayaka Chavithi,5096
Bhadrakali Lake,Hanumakonda,nature,2024,October,Post-Monsoon,"Bathukamma, Dussehra",10666
Bhadrakali Lake,Hanumakonda,nature,2024,November,Winter,Diwali,12872
Bhadrakali Lake,Hanumakonda,nature,2024,December,Winter,Christmas,11698
Bhadrakali Lake,Hanumakonda,nature,2025,January,Winter,"Bhogi, Sankranti",14918
Bhadrakali Lake,Hanumakonda,nature,2025,February,Winter,Maha Shivaratri,12188
Bhadrakali Lake,Hanumakonda,nature,2025,March,Summer,Holi,6913
Bhadrakali Lake,Hanumakonda,nature,2025,April,Summer,"Ugadi, Sri Rama Navami",7020
Bhadrakali Lake,Hanumakonda,nature,2025,May,Summer,Buddha Purnima,6146
Bhadrakali Lake,Hanumakonda,nature,2025,June,Monsoon,None,4628
Bhadrakali Lake,Hanumakonda,nature,2025,July,Monsoon,Bonalu,4533
Bhadrakali Lake,Hanumakonda,nature,2025,August,Monsoon,"Independence Day, Krishna Janmashtami",5710
Bhadrakali Lake,Hanumakonda,nature,2025,September,Monsoon,Vinayaka Chavithi,5077
Bhadrakali Lake,Hanumakonda,nature,2025,October,Post-Monsoon,"Bathukamma, Dussehra",11185
Bhadrakali Lake,Hanumakonda,nature,2025,November,Winter,Diwali,11860
Bhadrakali Lake,Hanumakonda,nature,2025,December,Winter,Christmas,13955
Kakatiya Zoological Park,Hanumakonda,leisure,2024,January,Winter,"Bhogi, Sankranti",11678
Kakatiya Zoological Park,Hanumakonda,leisure,2024,February,Winter,Maha Shivaratri,9617
Kakatiya Zoological Park,Hanumakonda,leisure,2024,March,Summer,Holi,5101
Kakatiya Zoological Park,Hanumakonda,leisure,2024,April,Summer,"Ugadi, Sri Rama Navami",6153
Kakatiya Zoological Park,Hanumakonda,leisure,2024,May,Summer,Buddha Purnima,5136
Kakatiya Zoological Park,Hanumakonda,leisure,2024,June,Monsoon,None,3656
Kakatiya Zoological Park,Hanumakonda,leisure,2024,July,Monsoon,Bonalu,3924
Kakatiya Zoological Park,Hanumakonda,leisure,2024,August,Monsoon,"Independence Day, Krishna Janmashtami",4070
Kakatiya Zoological Park,Hanumakonda,leisure,2024,September,Monsoon,Vinayaka Chavithi,4586
Kakatiya Zoological Park,Hanumakonda,leisure,2024,October,Post-Monsoon,"Bathukamma, Dussehra",9608
Kakatiya Zoological Park,Hanumakonda,leisure,2024,November,Winter,Diwali,9339
Kakatiya Zoological Park,Hanumakonda,leisure,2024,December,Winter,Christmas,11282
Kakatiya Zoological Park,Hanumakonda,leisure,2025,January,Winter,"Bhogi, Sankranti",11772
Kakatiya Zoological Park,Hanumakonda,leisure,2025,February,Winter,Maha Shivaratri,10566
Kakatiya Zoological Park,Hanumakonda,leisure,2025,March,Summer,Holi,6444
Kakatiya Zoological Park,Hanumakonda,leisure,2025,April,Summer,"Ugadi, Sri Rama Navami",6420
Kakatiya Zoological Park,Hanumakonda,leisure,2025,May,Summer,Buddha Purnima,5245
Kakatiya Zoological Park,Hanumakonda,leisure,2025,June,Monsoon,None,3877
Kakatiya Zoological Park,Hanumakonda,leisure,2025,July,Monsoon,Bonalu,3775
Kakatiya Zoological Park,Hanumakonda,leisure,2025,August,Monsoon,"Independence Day, Krishna Janmashtami",4393
Kakatiya Zoological Park,Hanumakonda,leisure,2025,September,Monsoon,Vinayaka Chavithi,4953
Kakatiya Zoological Park,Hanumakonda,leisure,2025,October,Post-Monsoon,"Bathukamma, Dussehra",9230
Kakatiya Zoological Park,Hanumakonda,leisure,2025,November,Winter,Diwali,11439
Kakatiya Zoological Park,Hanumakonda,leisure,2025,December,Winter,Christmas,12270
Kothakonda Peak,Hanumakonda,nature,2024,January,Winter,"Bhogi, Sankranti",11677
Kothakonda Peak,Hanumakonda,nature,2024,February,Winter,Maha Shivaratri,10846
Kothakonda Peak,Hanumakonda,nature,2024,March,Summer,Holi,7102
Kothakonda Peak,Hanumakonda,nature,2024,April,Summer,"Ugadi, Sri Rama Navami",6622
Kothakonda Peak,Hanumakonda,nature,2024,May,Summer,Buddha Purnima,5611
Kothakonda Peak,Hanumakonda,nature,2024,June,Monsoon,None,4191
Kothakonda Peak,Hanumakonda,nature,2024,July,Monsoon,Bonalu,4389
Kothakonda Peak,Hanumakonda,nature,2024,August,Monsoon,"Independence Day, Krishna Janmashtami",4853
Kothakonda Peak,Hanumakonda,nature,2024,September,Monsoon,Vinayaka Chavithi,4917
Kothakonda Peak,Hanumakonda,nature,2024,October,Post-Monsoon,"Bathukamma, Dussehra",11100
Kothakonda Peak,Hanumakonda,nature,2024,November,Winter,Diwali,12733
Kothakonda Peak,Hanumakonda,nature,2024,December,Winter,Christmas,13312
Kothakonda Peak,Hanumakonda,nature,2025,January,Winter,"Bhogi, Sankranti",13861
Kothakonda Peak,Hanumakonda,nature,2025,February,Winter,Maha Shivaratri,11635
Kothakonda Peak,Hanumakonda,nature,2025,March,Summer,Holi,6938
Kothakonda Peak,Hanumakonda,nature,2025,April,Summer,"Ugadi, Sri Rama Navami",7717
Kothakonda Peak,Hanumakonda,nature,2025,May,Summer,Buddha Purnima,6334
Kothakonda Peak,Hanumakonda,nature,2025,June,Monsoon,None,4734
Kothakonda Peak,Hanumakonda,nature,2025,July,Monsoon,Bonalu,4710
Kothakonda Peak,Hanumakonda,nature,2025,August,Monsoon,"Independence Day, Krishna Janmashtami",4909
Kothakonda Peak,Hanumakonda,nature,2025,September,Monsoon,Vinayaka Chavithi,5762
Kothakonda Peak,Hanumakonda,nature,2025,October,Post-Monsoon,"Bathukamma, Dussehra",10633
Kothakonda Peak,Hanumakonda,nature,2025,November,Winter,Diwali,12409
Kothakonda Peak,Hanumakonda,nature,2025,December,Winter,Christmas,13878
Public Garden (Hanumakonda),Hanumakonda,leisure,2024,January,Winter,"Bhogi, Sankranti",12298
Public Garden (Hanumakonda),Hanumakonda,leisure,2024,February,Winter,Maha Shivaratri,11351
Public Garden (Hanumakonda),Hanumakonda,leisure,2024,March,Summer,Holi,6042
Public Garden (Hanumakonda),Hanumakonda,leisure,2024,April,Summer,"Ugadi, Sri Rama Navami",6037
Public Garden (Hanumakonda),Hanumakonda,leisure,2024,May,Summer,Buddha Purnima,5161
Public Garden (Hanumakonda),Hanumakonda,leisure,2024,June,Monsoon,None,3743
Public Garden (Hanumakonda),Hanumakonda,leisure,2024,July,Monsoon,Bonalu,3637
Public Garden (Hanumakonda),Hanumakonda,leisure,2024,August,Monsoon,"Independence Day, Krishna Janmashtami",4687
Public Garden (Hanumakonda),Hanumakonda,leisure,2024,September,Monsoon,Vinayaka Chavithi,4486
Public Garden (Hanumakonda),Hanumakonda,leisure,2024,October,Post-Monsoon,"Bathukamma, Dussehra",9293
Public Garden (Hanumakonda),Hanumakonda,leisure,2024,November,Winter,Diwali,10592
Public Garden (Hanumakonda),Hanumakonda,leisure,2024,December,Winter,Christmas,11339
Public Garden (Hanumakonda),Hanumakonda,leisure,2025,January,Winter,"Bhogi, Sankranti",12583
Public Garden (Hanumakonda),Hanumakonda,leisure,2025,February,Winter,Maha Shivaratri,10282
Public Garden (Hanumakonda),Hanumakonda,leisure,2025,March,Summer,Holi,6157
Public Garden (Hanumakonda),Hanumakonda,leisure,2025,April,Summer,"Ugadi, Sri Rama Navami",6218
Public Garden (Hanumakonda),Hanumakonda,leisure,2025,May,Summer,Buddha Purnima,5548
Public Garden (Hanumakonda),Hanumakonda,leisure,2025,June,Monsoon,None,4021
Public Garden (Hanumakonda),Hanumakonda,leisure,2025,July,Monsoon,Bonalu,4083
Public Garden (Hanumakonda),Hanumakonda,leisure,2025,August,Monsoon,"Independence Day, Krishna Janmashtami",5034
Public Garden (Hanumakonda),Hanumakonda,leisure,2025,September,Monsoon,Vinayaka Chavithi,4789
Public Garden (Hanumakonda),Hanumakonda,leisure,2025,October,Post-Monsoon,"Bathukamma, Dussehra",10120
Public Garden (Hanumakonda),Hanumakonda,leisure,2025,November,Winter,Diwali,10466
Public Garden (Hanumakonda),Hanumakonda,leisure,2025,December,Winter,Christmas,11761
Shiva Parvathi Statue,Hanumakonda,other,2024,January,Winter,"Bhogi, Sankranti",9918
Shiva Parvathi Statue,Hanumakonda,other,2024,February,Winter,Maha Shivaratri,8777
Shiva Parvathi Statue,Hanumakonda,other,2024,March,Summer,Holi,4953
Shiva Parvathi Statue,Hanumakonda,other,2024,April,Summer,"Ugadi, Sri Rama Navami",5204
Shiva Parvathi Statue,Hanumakonda,other,2024,May,Summer,Buddha Purnima,3982
Shiva Parvathi Statue,Hanumakonda,other,2024,June,Monsoon,None,3017
Shiva Parvathi Statue,Hanumakonda,other,2024,July,Monsoon,Bonalu,3309
Shiva Parvathi Statue,Hanumakonda,other,2024,August,Monsoon,"Independence Day, Krishna Janmashtami",3792
Shiva Parvathi Statue,Hanumakonda,other,2024,September,Monsoon,Vinayaka Chavithi,3897
Shiva Parvathi Statue,Hanumakonda,other,2024,October,Post-Monsoon,"Bathukamma, Dussehra",7792
Shiva Parvathi Statue,Hanumakonda,other,2024,November,Winter,Diwali,8789
Shiva Parvathi Statue,Hanumakonda,other,2024,December,Winter,Christmas,9204
Shiva Parvathi Statue,Hanumakonda,other,2025,January,Winter,"Bhogi, Sankranti",10713
Shiva Parvathi Statue,Hanumakonda,other,2025,February,Winter,Maha Shivaratri,9285
Shiva Parvathi Statue,Hanumakonda,other,2025,March,Summer,Holi,5562
Shiva Parvathi Statue,Hanumakonda,other,2025,April,Summer,"Ugadi, Sri Rama Navami",5492
Shiva Parvathi Statue,Hanumakonda,other,2025,May,Summer,Buddha Purnima,4152
Shiva Parvathi Statue,Hanumakonda,other,2025,June,Monsoon,None,3500
Shiva Parvathi Statue,Hanumakonda,other,2025,July,Monsoon,Bonalu,3340
Shiva Parvathi Statue,Hanumakonda,other,2025,August,Monsoon,"Independence Day, Krishna Janmashtami",3810
Shiva Parvathi Statue,Hanumakonda,other,2025,September,Monsoon,Vinayaka Chavithi,4248
Shiva Parvathi Statue,Hanumakonda,other,2025,October,Post-Monsoon,"Bathukamma, Dussehra",8229
Shiva Parvathi Statue,Hanumakonda,other,2025,November,Winter,Diwali,9992
Shiva Parvathi Statue,Hanumakonda,other,2025,December,Winter,Christmas,10597
Yerragattu Gutta,Hanumakonda,nature,2024,January,Winter,"Bhogi, Sankranti",13216
Yerragattu Gutta,Hanumakonda,nature,2024,February,Winter,Maha Shivaratri,10460
Yerragattu Gutta,Hanumakonda,nature,2024,March,Summer,Holi,7108
Yerragattu Gutta,Hanumakonda,nature,2024,April,Summer,"Ugadi, Sri Rama Navami",7054
Yerragattu Gutta,Hanumakonda,nature,2024,May,Summer,Buddha Purnima,5639
Yerragattu Gutta,Hanumakonda,nature,2024,June,Monsoon,None,4125
Yerragattu Gutta,Hanumakonda,nature,2024,July,Monsoon,Bonalu,3849
Yerragattu Gutta,Hanumakonda,nature,2024,August,Monsoon,"Independence Day, Krishna Janmashtami",5016
Yerragattu Gutta,Hanumakonda,nature,2024,September,Monsoon,Vinayaka Chavithi,4808
Yerragattu Gutta,Hanumakonda,nature,2024,October,Post-Monsoon,"Bathukamma, Dussehra",9662
Yerragattu Gutta,Hanumakonda,nature,2024,November,Winter,Diwali,10823
Yerragattu Gutta,Hanumakonda,nature,2024,December,Winter,Christmas,13397
Yerragattu Gutta,Hanumakonda,nature,2025,January,Winter,"Bhogi, Sankranti",13368
Yerragattu Gutta,Hanumakonda,nature,2025,February,Winter,Maha Shivaratri,13054
Yerragattu Gutta,Hanumakonda,nature,2025,March,Summer,Holi,7044
Yerragattu Gutta,Hanumakonda,nature,2025,April,Summer,"Ugadi, Sri Rama Navami",6878
Yerragattu Gutta,Hanumakonda,nature,2025,May,Summer,Buddha Purnima,5858
Yerragattu Gutta,Hanumakonda,nature,2025,June,Monsoon,None,4697
Yerragattu Gutta,Hanumakonda,nature,2025,July,Monsoon,Bonalu,4526
Yerragattu Gutta,Hanumakonda,nature,2025,August,Monsoon,"Independence Day, Krishna Janmashtami",5163
Yerragattu Gutta,Hanumakonda,nature,2025,September,Monsoon,Vinayaka Chavithi,5518
Yerragattu Gutta,Hanumakonda,nature,2025,October,Post-Monsoon,"Bathukamma, Dussehra",11473
Yerragattu Gutta,Hanumakonda,nature,2025,November,Winter,Diwali,13359
Yerragattu Gutta,Hanumakonda,nature,2025,December,Winter,Christmas,14699
Inavolu Mallikarjuna Swamy Temple,Hanumakonda,religious,2024,January,Winter,"Bhogi, Sankranti",18825
Inavolu Mallikarjuna Swamy Temple,Hanumakonda,religious,2024,February,Winter,Maha Shivaratri,15723
Inavolu Mallikarjuna Swamy Temple,Hanumakonda,religious,2024,March,Summer,Holi,9845
Inavolu Mallikarjuna Swamy Temple,Hanumakonda,religious,2024,April,Summer,"Ugadi, Sri Rama Navami",10581
Inavolu Mallikarjuna Swamy Temple,Hanumakonda,religious,2024,May,Summer,Buddha Purnima,8202
Inavolu Mallikarjuna Swamy Temple,Hanumakonda,religious,2024,June,Monsoon,None,5850
Inavolu Mallikarjuna Swamy Temple,Hanumakonda,religious,2024,July,Monsoon,Bonalu,6445
Inavolu Mallikarjuna Swamy Temple,Hanumakonda,religious,2024,August,Monsoon,"Independence Day, Krishna Janmashtami",7355
Inavolu Mallikarjuna Swamy Temple,Hanumakonda,religious,2024,September,Monsoon,Vinayaka Chavithi,7616
Inavolu Mallikarjuna Swamy Temple,Hanumakonda,religious,2024,October,Post-Monsoon,"Bathukamma, Dussehra",14955
Inavolu Mallikarjuna Swamy Temple,Hanumakonda,religious,2024,November,Winter,Diwali,17369
Inavolu Mallikarjuna Swamy Temple,Hanumakonda,religious,2024,December,Winter,Christmas,18157
Inavolu Mallikarjuna Swamy Temple,Hanumakonda,religious,2025,January,Winter,"Bhogi, Sankranti",21624
Inavolu Mallikarjuna Swamy Temple,Hanumakonda,religious,2025,February,Winter,Maha Shivaratri,19128
Inavolu Mallikarjuna Swamy Temple,Hanumakonda,religious,2025,March,Summer,Holi,9855
Inavolu Mallikarjuna Swamy Temple,Hanumakonda,religious,2025,April,Summer,"Ugadi, Sri Rama Navami",10756
Inavolu Mallikarjuna Swamy Temple,Hanumakonda,religious,2025,May,Summer,Buddha Purnima,8610
Inavolu Mallikarjuna Swamy Temple,Hanumakonda,religious,2025,June,Monsoon,None,6420
Inavolu Mallikarjuna Swamy Temple,Hanumakonda,religious,2025,July,Monsoon,Bonalu,6814
Inavolu Mallikarjuna Swamy Temple,Hanumakonda,religious,2025,August,Monsoon,"Independence Day, Krishna Janmashtami",7386
Inavolu Mallikarjuna Swamy Temple,Hanumakonda,religious,2025,September,Monsoon,Vinayaka Chavithi,7833
Inavolu Mallikarjuna Swamy Temple,Hanumakonda,religious,2025,October,Post-Monsoon,"Bathukamma, Dussehra",15945
Inavolu Mallikarjuna Swamy Temple,Hanumakonda,religious,2025,November,Winter,Diwali,19174
Inavolu Mallikarjuna Swamy Temple,Hanumakonda,religious,2025,December,Winter,Christmas,20630
Annamayya Concert Bhavan,Hyderabad,other,2024,January,Winter,"Bhogi, Sankranti",11224
Annamayya Concert Bhavan,Hyderabad,other,2024,February,Winter,Maha Shivaratri,10320
Annamayya Concert Bhavan,Hyderabad,other,2024,March,Summer,Holi,5940
Annamayya Concert Bhavan,Hyderabad,other,2024,April,Summer,"Ugadi, Sri Rama Navami",6259
Annamayya Concert Bhavan,Hyderabad,other,2024,May,Summer,Buddha Purnima,5672
Annamayya Concert Bhavan,Hyderabad,other,2024,June,Monsoon,None,3982
Annamayya Concert Bhavan,Hyderabad,other,2024,July,Monsoon,Bonalu,3599
Annamayya Concert Bhavan,Hyderabad,other,2024,August,Monsoon,"Independence Day, Krishna Janmashtami",4665
Annamayya Concert Bhavan,Hyderabad,other,2024,September,Monsoon,Vinayaka Chavithi,4806
Annamayya Concert Bhavan,Hyderabad,other,2024,October,Post-Monsoon,"Bathukamma, Dussehra",8901
Annamayya Concert Bhavan,Hyderabad,other,2024,November,Winter,Diwali,11111
Annamayya Concert Bhavan,Hyderabad,other,2024,December,Winter,Christmas,12453
Annamayya Concert Bhavan,Hyderabad,other,2025,January,Winter,"Bhogi, Sankranti",11870
Annamayya Concert Bhavan,Hyderabad,other,2025,February,Winter,Maha Shivaratri,10541
Annamayya Concert Bhavan,Hyderabad,other,2025,March,Summer,Holi,6931
Annamayya Concert Bhavan,Hyderabad,other,2025,April,Summer,"Ugadi, Sri Rama Navami",6945
Annamayya Concert Bhavan,Hyderabad,other,2025,May,Summer,Buddha Purnima,5809
Annamayya Concert Bhavan,Hyderabad,other,2025,June,Monsoon,None,4099
Annamayya Concert Bhavan,Hyderabad,other,2025,July,Monsoon,Bonalu,4238
Annamayya Concert Bhavan,Hyderabad,other,2025,August,Monsoon,"Independence Day, Krishna Janmashtami",4516
Annamayya Concert Bhavan,Hyderabad,other,2025,September,Monsoon,Vinayaka Chavithi,5249
Annamayya Concert Bhavan,Hyderabad,other,2025,October,Post-Monsoon,"Bathukamma, Dussehra",10794
Annamayya Concert Bhavan,Hyderabad,other,2025,November,Winter,Diwali,11396
Annamayya Concert Bhavan,Hyderabad,other,2025,December,Winter,Christmas,12462
Annapurna Studios,Hyderabad,other,2024,January,Winter,"Bhogi, Sankranti",10753
Annapurna Studios,Hyderabad,other,2024,February,Winter,Maha Shivaratri,10493
Annapurna Studios,Hyderabad,other,2024,March,Summer,Holi,6282
Annapurna Studios,Hyderabad,other,2024,April,Summer,"Ugadi, Sri Rama Navami",6325
Annapurna Studios,Hyderabad,other,2024,May,Summer,Buddha Purnima,5529
Annapurna Studios,Hyderabad,other,2024,June,Monsoon,None,3670
Annapurna Studios,Hyderabad,other,2024,July,Monsoon,Bonalu,3958
Annapurna Studios,Hyderabad,other,2024,August,Monsoon,"Independence Day, Krishna Janmashtami",4250
Annapurna Studios,Hyderabad,other,2024,September,Monsoon,Vinayaka Chavithi,4613
Annapurna Studios,Hyderabad,other,2024,October,Post-Monsoon,"Bathukamma, Dussehra",9360
Annapurna Studios,Hyderabad,other,2024,November,Winter,Diwali,10795
Annapurna Studios,Hyderabad,other,2024,December,Winter,Christmas,11350
Annapurna Studios,Hyderabad,other,2025,January,Winter,"Bhogi, Sankranti",12494
Annapurna Studios,Hyderabad,other,2025,February,Winter,Maha Shivaratri,11504
Annapurna Studios,Hyderabad,other,2025,March,Summer,Holi,6451
Annapurna Studios,Hyderabad,other,2025,April,Summer,"Ugadi, Sri Rama Navami",6302
Annapurna Studios,Hyderabad,other,2025,May,Summer,Buddha Purnima,6148
Annapurna Studios,Hyderabad,other,2025,June,Monsoon,None,4309
Annapurna Studios,Hyderabad,other,2025,July,Monsoon,Bonalu,3888
Annapurna Studios,Hyderabad,other,2025,August,Monsoon,"Independence Day, Krishna Janmashtami",5004
Annapurna Studios,Hyderabad,other,2025,September,Monsoon,Vinayaka Chavithi,4863
Annapurna Studios,Hyderabad,other,2025,October,Post-Monsoon,"Bathukamma, Dussehra",10332
Annapurna Studios,Hyderabad,other,2025,November,Winter,Diwali,11698
Annapurna Studios,Hyderabad,other,2025,December,Winter,Christmas,12343
Arts College (Osmania University),Hyderabad,heritage,2024,January,Winter,"Bhogi, Sankranti",17715
Arts College (Osmania University),Hyderabad,heritage,2024,February,Winter,Maha Shivaratri,15638
Arts College (Osmania University),Hyderabad,heritage,2024,March,Summer,Holi,9226
Arts College (Osmania University),Hyderabad,heritage,2024,April,Summer,"Ugadi, Sri Rama Navami",9628
Arts College (Osmania University),Hyderabad,heritage,2024,May,Summer,Buddha Purnima,8260
Arts College (Osmania University),Hyderabad,heritage,2024,June,Monsoon,None,5698
Arts College (Osmania University),Hyderabad,heritage,2024,July,Monsoon,Bonalu,6302
Arts College (Osmania University),Hyderabad,heritage,2024,August,Monsoon,"Independence Day, Krishna Janmashtami",7619
Arts College (Osmania University),Hyderabad,heritage,2024,September,Monsoon,Vinayaka Chavithi,7101
Arts College (Osmania University),Hyderabad,heritage,2024,October,Post-Monsoon,"Bathukamma, Dussehra",15130
Arts College (Osmania University),Hyderabad,heritage,2024,November,Winter,Diwali,17323
Arts College (Osmania University),Hyderabad,heritage,2024,December,Winter,Christmas,18741
Arts College (Osmania University),Hyderabad,heritage,2025,January,Winter,"Bhogi, Sankranti",19988
Arts College (Osmania University),Hyderabad,heritage,2025,February,Winter,Maha Shivaratri,18142
Arts College (Osmania University),Hyderabad,heritage,2025,March,Summer,Holi,10695
Arts College (Osmania University),Hyderabad,heritage,2025,April,Summer,"Ugadi, Sri Rama Navami",10178
Arts College (Osmania University),Hyderabad,heritage,2025,May,Summer,Buddha Purnima,9340
Arts College (Osmania University),Hyderabad,heritage,2025,June,Monsoon,None,6665
Arts College (Osmania University),Hyderabad,heritage,2025,July,Monsoon,Bonalu,6330
Arts College (Osmania University),Hyderabad,heritage,2025,August,Monsoon,"Independence Day, Krishna Janmashtami",7673
Arts College (Osmania University),Hyderabad,heritage,2025,September,Monsoon,Vinayaka Chavithi,8168
Arts College (Osmania University),Hyderabad,heritage,2025,October,Post-Monsoon,"Bathukamma, Dussehra",15978
Arts College (Osmania University),Hyderabad,heritage,2025,November,Winter,Diwali,19232
Arts College (Osmania University),Hyderabad,heritage,2025,December,Winter,Christmas,22111
Banjara Lake,Hyderabad,nature,2024,January,Winter,"Bhogi, Sankranti",14916
Banjara Lake,Hyderabad,nature,2024,February,Winter,Maha Shivaratri,12698
Banjara Lake,Hyderabad,nature,2024,March,Summer,Holi,8266
Banjara Lake,Hyderabad,nature,2024,April,Summer,"Ugadi, Sri Rama Navami",8765
Banjara Lake,Hyderabad,nature,2024,May,Summer,Buddha Purnima,6899
Banjara Lake,Hyderabad,nature,2024,June,Monsoon,None,5338
Banjara Lake,Hyderabad,nature,2024,July,Monsoon,Bonalu,4788
Banjara Lake,Hyderabad,nature,2024,August,Monsoon,"Independence Day, Krishna Janmashtami",6179
Banjara Lake,Hyderabad,nature,2024,September,Monsoon,Vinayaka Chavithi,5972
Banjara Lake,Hyderabad,nature,2024,October,Post-Monsoon,"Bathukamma, Dussehra",13673
Banjara Lake,Hyderabad,nature,2024,November,Winter,Diwali,15650
Banjara Lake,Hyderabad,nature,2024,December,Winter,Christmas,14827
Banjara Lake,Hyderabad,nature,2025,January,Winter,"Bhogi, Sankranti",16308
Banjara Lake,Hyderabad,nature,2025,February,Winter,Maha Shivaratri,15364
Banjara Lake,Hyderabad,nature,2025,March,Summer,Holi,8624
Banjara Lake,Hyderabad,nature,2025,April,Summer,"Ugadi, Sri Rama Navami",9116
Banjara Lake,Hyderabad,nature,2025,May,Summer,Buddha Purnima,7547
Banjara Lake,Hyderabad,nature,2025,June,Monsoon,None,4859
Banjara Lake,Hyderabad,nature,2025,July,Monsoon,Bonalu,5539
Banjara Lake,Hyderabad,nature,2025,August,Monsoon,"Independence Day, Krishna Janmashtami",6227
Banjara Lake,Hyderabad,nature,2025,September,Monsoon,Vinayaka Chavithi,6487
Banjara Lake,Hyderabad,nature,2025,October,Post-Monsoon,"Bathukamma, Dussehra",14579
Banjara Lake,Hyderabad,nature,2025,November,Winter,Diwali,14405
Banjara Lake,Hyderabad,nature,2025,December,Winter,Christmas,17329
Bapu Ghat,Hyderabad,other,2024,January,Winter,"Bhogi, Sankranti",11482
Bapu Ghat,Hyderabad,other,2024,February,Winter,Maha Shivaratri,10086
Bapu Ghat,Hyderabad,other,2024,March,Summer,Holi,6348
Bapu Ghat,Hyderabad,other,2024,April,Summer,"Ugadi, Sri Rama Navami",6453
Bapu Ghat,Hyderabad,other,2024,May,Summer,Buddha Purnima,5384
Bapu Ghat,Hyderabad,other,2024,June,Monsoon,None,3913
Bapu Ghat,Hyderabad,other,2024,July,Monsoon,Bonalu,3785
Bapu Ghat,Hyderabad,other,2024,August,Monsoon,"Independence Day, Krishna Janmashtami",4342
Bapu Ghat,Hyderabad,other,2024,September,Monsoon,Vinayaka Chavithi,4368
Bapu Ghat,Hyderabad,other,2024,October,Post-Monsoon,"Bathukamma, Dussehra",9053
Bapu Ghat,Hyderabad,other,2024,November,Winter,Diwali,12248
Bapu Ghat,Hyderabad,other,2024,December,Winter,Christmas,12283
Bapu Ghat,Hyderabad,other,2025,January,Winter,"Bhogi, Sankranti",11727
Bapu Ghat,Hyderabad,other,2025,February,Winter,Maha Shivaratri,10317
Bapu Ghat,Hyderabad,other,2025,March,Summer,Holi,6754
Bapu Ghat,Hyderabad,other,2025,April,Summer,"Ugadi, Sri Rama Navami",7040
Bapu Ghat,Hyderabad,other,2025,May,Summer,Buddha Purnima,5808
Bapu Ghat,Hyderabad,other,2025,June,Monsoon,None,3979
Bapu Ghat,Hyderabad,other,2025,July,Monsoon,Bonalu,4131
Bapu Ghat,Hyderabad,other,2025,August,Monsoon,"Independence Day, Krishna Janmashtami",4916
Bapu Ghat,Hyderabad,other,2025,September,Monsoon,Vinayaka Chavithi,5010
Bapu Ghat,Hyderabad,other,2025,October,Post-Monsoon,"Bathukamma, Dussehra",9066
Bapu Ghat,Hyderabad,other,2025,November,Winter,Diwali,11396
Bapu Ghat,Hyderabad,other,2025,December,Winter,Christmas,11957
Basilica of Our Lady of the Assumption,Hyderabad,religious,2024,January,Winter,"Bhogi, Sankranti",23493
Basilica of Our Lady of the Assumption,Hyderabad,religious,2024,February,Winter,Maha Shivaratri,23513
Basilica of Our Lady of the Assumption,Hyderabad,religious,2024,March,Summer,Holi,12438
Basilica of Our Lady of the Assumption,Hyderabad,religious,2024,April,Summer,"Ugadi, Sri Rama Navami",12491
Basilica of Our Lady of the Assumption,Hyderabad,religious,2024,May,Summer,Buddha Purnima,10952
Basilica of Our Lady of the Assumption,Hyderabad,religious,2024,June,Monsoon,None,7645
Basilica of Our Lady of the Assumption,Hyderabad,religious,2024,July,Monsoon,Bonalu,7860
Basilica of Our Lady of the Assumption,Hyderabad,religious,2024,August,Monsoon,"Independence Day, Krishna Janmashtami",9229
Basilica of Our Lady of the Assumption,Hyderabad,religious,2024,September,Monsoon,Vinayaka Chavithi,10187
Basilica of Our Lady of the Assumption,Hyderabad,religious,2024,October,Post-Monsoon,"Bathukamma, Dussehra",17817
Basilica of Our Lady of the Assumption,Hyderabad,religious,2024,November,Winter,Diwali,21854
Basilica of Our Lady of the Assumption,Hyderabad,religious,2024,December,Winter,Christmas,22056
Basilica of Our Lady of the Assumption,Hyderabad,religious,2025,January,Winter,"Bhogi, Sankranti",25851
Basilica of Our Lady of the Assumption,Hyderabad,religious,2025,February,Winter,Maha Shivaratri,21081
Basilica of Our Lady of the Assumption,Hyderabad,religious,2025,March,Summer,Holi,12916
Basilica of Our Lady of the Assumption,Hyderabad,religious,2025,April,Summer,"Ugadi, Sri Rama Navami",13503
Basilica of Our Lady of the Assumption,Hyderabad,religious,2025,May,Summer,Buddha Purnima,11858
Basilica of Our Lady of the Assumption,Hyderabad,religious,2025,June,Monsoon,None,8432
Basilica of Our Lady of the Assumption,Hyderabad,religious,2025,July,Monsoon,Bonalu,7796
Basilica of Our Lady of the Assumption,Hyderabad,religious,2025,August,Monsoon,"Independence Day, Krishna Janmashtami",9701
Basilica of Our Lady of the Assumption,Hyderabad,religious,2025,September,Monsoon,Vinayaka Chavithi,9622
Basilica of Our Lady of the Assumption,Hyderabad,religious,2025,October,Post-Monsoon,"Bathukamma, Dussehra",19113
Basilica of Our Lady of the Assumption,Hyderabad,religious,2025,November,Winter,Diwali,22806
Basilica of Our Lady of the Assumption,Hyderabad,religious,2025,December,Winter,Christmas,24593
Bhagwan Das Bagh,Hyderabad,heritage,2024,January,Winter,"Bhogi, Sankranti",20675
Bhagwan Das Bagh,Hyderabad,heritage,2024,February,Winter,Maha Shivaratri,16547
Bhagwan Das Bagh,Hyderabad,heritage,2024,March,Summer,Holi,9003
Bhagwan Das Bagh,Hyderabad,heritage,2024,April,Summer,"Ugadi, Sri Rama Navami",9762
Bhagwan Das Bagh,Hyderabad,heritage,2024,May,Summer,Buddha Purnima,8711
Bhagwan Das Bagh,Hyderabad,heritage,2024,June,Monsoon,None,6527
Bhagwan Das Bagh,Hyderabad,heritage,2024,July,Monsoon,Bonalu,5611
Bhagwan Das Bagh,Hyderabad,heritage,2024,August,Monsoon,"Independence Day, Krishna Janmashtami",6425
Bhagwan Das Bagh,Hyderabad,heritage,2024,September,Monsoon,Vinayaka Chavithi,7997
Bhagwan Das Bagh,Hyderabad,heritage,2024,October,Post-Monsoon,"Bathukamma, Dussehra",15242
Bhagwan Das Bagh,Hyderabad,heritage,2024,November,Winter,Diwali,16167
Bhagwan Das Bagh,Hyderabad,heritage,2024,December,Winter,Christmas,18799
Bhagwan Das Bagh,Hyderabad,heritage,2025,January,Winter,"Bhogi, Sankranti",17288
Bhagwan Das Bagh,Hyderabad,heritage,2025,February,Winter,Maha Shivaratri,17495
Bhagwan Das Bagh,Hyderabad,heritage,2025,March,Summer,Holi,10614
Bhagwan Das Bagh,Hyderabad,heritage,2025,April,Summer,"Ugadi, Sri Rama Navami",11351
Bhagwan Das Bagh,Hyderabad,heritage,2025,May,Summer,Buddha Purnima,8497
Bhagwan Das Bagh,Hyderabad,heritage,2025,June,Monsoon,None,6410
Bhagwan Das Bagh,Hyderabad,heritage,2025,July,Monsoon,Bonalu,6277
Bhagwan Das Bagh,Hyderabad,heritage,2025,August,Monsoon,"Independence Day, Krishna Janmashtami",7756
Bhagwan Das Bagh,Hyderabad,heritage,2025,September,Monsoon,Vinayaka Chavithi,7544
Bhagwan Das Bagh,Hyderabad,heritage,2025,October,Post-Monsoon,"Bathukamma, Dussehra",15817
Bhagwan Das Bagh,Hyderabad,heritage,2025,November,Winter,Diwali,17344
Bhagwan Das Bagh,Hyderabad,heritage,2025,December,Winter,Christmas,20418
Biodiversity Park,Hyderabad,leisure,2024,January,Winter,"Bhogi, Sankranti",14169
Biodiversity Park,Hyderabad,leisure,2024,February,Winter,Maha Shivaratri,11794
Biodiversity Park,Hyderabad,leisure,2024,March,Summer,Holi,7138
Biodiversity Park,Hyderabad,leisure,2024,April,Summer,"Ugadi, Sri Rama Navami",6866
Biodiversity Park,Hyderabad,leisure,2024,May,Summer,Buddha Purnima,6015
Biodiversity Park,Hyderabad,leisure,2024,June,Monsoon,None,4343
Biodiversity Park,Hyderabad,leisure,2024,July,Monsoon,Bonalu,5079
Biodiversity Park,Hyderabad,leisure,2024,August,Monsoon,"Independence Day, Krishna Janmashtami",4935
Biodiversity Park,Hyderabad,leisure,2024,September,Monsoon,Vinayaka Chavithi,5783
Biodiversity Park,Hyderabad,leisure,2024,October,Post-Monsoon,"Bathukamma, Dussehra",11566
Biodiversity Park,Hyderabad,leisure,2024,November,Winter,Diwali,12628
Biodiversity Park,Hyderabad,leisure,2024,December,Winter,Christmas,14677
Biodiversity Park,Hyderabad,leisure,2025,January,Winter,"Bhogi, Sankranti",14945
Biodiversity Park,Hyderabad,leisure,2025,February,Winter,Maha Shivaratri,13140
Biodiversity Park,Hyderabad,leisure,2025,March,Summer,Holi,7674
Biodiversity Park,Hyderabad,leisure,2025,April,Summer,"Ugadi, Sri Rama Navami",8484
Biodiversity Park,Hyderabad,leisure,2025,May,Summer,Buddha Purnima,6957
Biodiversity Park,Hyderabad,leisure,2025,June,Monsoon,None,4556
Biodiversity Park,Hyderabad,leisure,2025,July,Monsoon,Bonalu,4530
Biodiversity Park,Hyderabad,leisure,2025,August,Monsoon,"Independence Day, Krishna Janmashtami",5586
Biodiversity Park,Hyderabad,leisure,2025,September,Monsoon,Vinayaka Chavithi,5587
Biodiversity Park,Hyderabad,leisure,2025,October,Post-Monsoon,"Bathukamma, Dussehra",11860
Biodiversity Park,Hyderabad,leisure,2025,November,Winter,Diwali,14282
Biodiversity Park,Hyderabad,leisure,2025,December,Winter,Christmas,14237
British Residency (Koti),Hyderabad,other,2024,January,Winter,"Bhogi, Sankranti",11620
British Residency (Koti),Hyderabad,other,2024,February,Winter,Maha Shivaratri,10259
British Residency (Koti),Hyderabad,other,2024,March,Summer,Holi,6366
British Residency (Koti),Hyderabad,other,2024,April,Summer,"Ugadi, Sri Rama Navami",5632
British Residency (Koti),Hyderabad,other,2024,May,Summer,Buddha Purnima,5076
British Residency (Koti),Hyderabad,other,2024,June,Monsoon,None,3772
British Residency (Koti),Hyderabad,other,2024,July,Monsoon,Bonalu,4080
British Residency (Koti),Hyderabad,other,2024,August,Monsoon,"Independence Day, Krishna Janmashtami",4369
British Residency (Koti),Hyderabad,other,2024,September,Monsoon,Vinayaka Chavithi,4185
British Residency (Koti),Hyderabad,other,2024,October,Post-Monsoon,"Bathukamma, Dussehra",9735
British Residency (Koti),Hyderabad,other,2024,November,Winter,Diwali,10335
British Residency (Koti),Hyderabad,other,2024,December,Winter,Christmas,10876
British Residency (Koti),Hyderabad,other,2025,January,Winter,"Bhogi, Sankranti",12184
British Residency (Koti),Hyderabad,other,2025,February,Winter,Maha Shivaratri,10946
British Residency (Koti),Hyderabad,other,2025,March,Summer,Holi,6396
British Residency (Koti),Hyderabad,other,2025,April,Summer,"Ugadi, Sri Rama Navami",6097
British Residency (Koti),Hyderabad,other,2025,May,Summer,Buddha Purnima,5907
British Residency (Koti),Hyderabad,other,2025,June,Monsoon,None,4288
British Residency (Koti),Hyderabad,other,2025,July,Monsoon,Bonalu,4292
British Residency (Koti),Hyderabad,other,2025,August,Monsoon,"Independence Day, Krishna Janmashtami",4562
British Residency (Koti),Hyderabad,other,2025,September,Monsoon,Vinayaka Chavithi,4938
British Residency (Koti),Hyderabad,other,2025,October,Post-Monsoon,"Bathukamma, Dussehra",10195
British Residency (Koti),Hyderabad,other,2025,November,Winter,Diwali,11873
British Residency (Koti),Hyderabad,other,2025,December,Winter,Christmas,12906
Clock Tower (Secunderabad),Hyderabad,heritage,2024,January,Winter,"Bhogi, Sankranti",17761
Clock Tower (Secunderabad),Hyderabad,heritage,2024,February,Winter,Maha Shivaratri,16263
Clock Tower (Secunderabad),Hyderabad,heritage,2024,March,Summer,Holi,9890
Clock Tower (Secunderabad),Hyderabad,heritage,2024,April,Summer,"Ugadi, Sri Rama Navami",10777
Clock Tower (Secunderabad),Hyderabad,heritage,2024,May,Summer,Buddha Purnima,8580
Clock Tower (Secunderabad),Hyderabad,heritage,2024,June,Monsoon,None,6143
Clock Tower (Secunderabad),Hyderabad,heritage,2024,July,Monsoon,Bonalu,6120
Clock Tower (Secunderabad),Hyderabad,heritage,2024,August,Monsoon,"Independence Day, Krishna Janmashtami",7591
Clock Tower (Secunderabad),Hyderabad,heritage,2024,September,Monsoon,Vinayaka Chavithi,7463
Clock Tower (Secunderabad),Hyderabad,heritage,2024,October,Post-Monsoon,"Bathukamma, Dussehra",14307
Clock Tower (Secunderabad),Hyderabad,heritage,2024,November,Winter,Diwali,18087
Clock Tower (Secunderabad),Hyderabad,heritage,2024,December,Winter,Christmas,18948
Clock Tower (Secunderabad),Hyderabad,heritage,2025,January,Winter,"Bhogi, Sankranti",19471
Clock Tower (Secunderabad),Hyderabad,heritage,2025,February,Winter,Maha Shivaratri,17073
Clock Tower (Secunderabad),Hyderabad,heritage,2025,March,Summer,Holi,10598
Clock Tower (Secunderabad),Hyderabad,heritage,2025,April,Summer,"Ugadi, Sri Rama Navami",11101
Clock Tower (Secunderabad),Hyderabad,heritage,2025,May,Summer,Buddha Purnima,9039
Clock Tower (Secunderabad),Hyderabad,heritage,2025,June,Monsoon,None,6482
Clock Tower (Secunderabad),Hyderabad,heritage,2025,July,Monsoon,Bonalu,7141
Clock Tower (Secunderabad),Hyderabad,heritage,2025,August,Monsoon,"Independence Day, Krishna Janmashtami",8069
Clock Tower (Secunderabad),Hyderabad,heritage,2025,September,Monsoon,Vinayaka Chavithi,7973
Clock Tower (Secunderabad),Hyderabad,heritage,2025,October,Post-Monsoon,"Bathukamma, Dussehra",16907
Clock Tower (Secunderabad),Hyderabad,heritage,2025,November,Winter,Diwali,17311
Clock Tower (Secunderabad),Hyderabad,heritage,2025,December,Winter,Christmas,20168
Dabeerpura Darwaza,Hyderabad,heritage,2024,January,Winter,"Bhogi, Sankranti",20105
Dabeerpura Darwaza,Hyderabad,heritage,2024,February,Winter,Maha Shivaratri,16020
Dabeerpura Darwaza,Hyderabad,heritage,2024,March,Summer,Holi,9260
Dabeerpura Darwaza,Hyderabad,heritage,2024,April,Summer,"Ugadi, Sri Rama Navami",9718
Dabeerpura Darwaza,Hyderabad,heritage,2024,May,Summer,Buddha Purnima,7836
Dabeerpura Darwaza,Hyderabad,heritage,2024,June,Monsoon,None,5678
Dabeerpura Darwaza,Hyderabad,heritage,2024,July,Monsoon,Bonalu,5981
Dabeerpura Darwaza,Hyderabad,heritage,2024,August,Monsoon,"Independence Day, Krishna Janmashtami",6593
Dabeerpura Darwaza,Hyderabad,heritage,2024,September,Monsoon,Vinayaka Chavithi,7319
Dabeerpura Darwaza,Hyderabad,heritage,2024,October,Post-Monsoon,"Bathukamma, Dussehra",15625
Dabeerpura Darwaza,Hyderabad,heritage,2024,November,Winter,Diwali,16134
Dabeerpura Darwaza,Hyderabad,heritage,2024,December,Winter,Christmas,19700
Dabeerpura Darwaza,Hyderabad,heritage,2025,January,Winter,"Bhogi, Sankranti",20421
Dabeerpura Darwaza,Hyderabad,heritage,2025,February,Winter,Maha Shivaratri,18394
Dabeerpura Darwaza,Hyderabad,heritage,2025,March,Summer,Holi,10099
Dabeerpura Darwaza,Hyderabad,heritage,2025,April,Summer,"Ugadi, Sri Rama Navami",11313
Dabeerpura Darwaza,Hyderabad,heritage,2025,May,Summer,Buddha Purnima,8462
Dabeerpura Darwaza,Hyderabad,heritage,2025,June,Monsoon,None,6666
Dabeerpura Darwaza,Hyderabad,heritage,2025,July,Monsoon,Bonalu,6638
Dabeerpura Darwaza,Hyderabad,heritage,2025,August,Monsoon,"Independence Day, Krishna Janmashtami",7870
Dabeerpura Darwaza,Hyderabad,heritage,2025,September,Monsoon,Vinayaka Chavithi,7434
Dabeerpura Darwaza,Hyderabad,heritage,2025,October,Post-Monsoon,"Bathukamma, Dussehra",15424
Dabeerpura Darwaza,Hyderabad,heritage,2025,November,Winter,Diwali,18798
Dabeerpura Darwaza,Hyderabad,heritage,2025,December,Winter,Christmas,18837
Errum Manzil Palace,Hyderabad,other,2024,January,Winter,"Bhogi, Sankranti",11914
Errum Manzil Palace,Hyderabad,other,2024,February,Winter,Maha Shivaratri,9530
Errum Manzil Palace,Hyderabad,other,2024,March,Summer,Holi,6366
Errum Manzil Palace,Hyderabad,other,2024,April,Summer,"Ugadi, Sri Rama Navami",5954
Errum Manzil Palace,Hyderabad,other,2024,May,Summer,Buddha Purnima,5379
Errum Manzil Palace,Hyderabad,other,2024,June,Monsoon,None,3849
Errum Manzil Palace,Hyderabad,other,2024,July,Monsoon,Bonalu,3715
Errum Manzil Palace,Hyderabad,other,2024,August,Monsoon,"Independence Day, Krishna Janmashtami",4609
Errum Manzil Palace,Hyderabad,other,2024,September,Monsoon,Vinayaka Chavithi,4679
Errum Manzil Palace,Hyderabad,other,2024,October,Post-Monsoon,"Bathukamma, Dussehra",9188
Errum Manzil Palace,Hyderabad,other,2024,November,Winter,Diwali,10136
Errum Manzil Palace,Hyderabad,other,2024,December,Winter,Christmas,10429
Errum Manzil Palace,Hyderabad,other,2025,January,Winter,"Bhogi, Sankranti",12796
Errum Manzil Palace,Hyderabad,other,2025,February,Winter,Maha Shivaratri,10184
Errum Manzil Palace,Hyderabad,other,2025,March,Summer,Holi,6627
Errum Manzil Palace,Hyderabad,other,2025,April,Summer,"Ugadi, Sri Rama Navami",6762
Errum Manzil Palace,Hyderabad,other,2025,May,Summer,Buddha Purnima,5845
Errum Manzil Palace,Hyderabad,other,2025,June,Monsoon,None,3970
Errum Manzil Palace,Hyderabad,other,2025,July,Monsoon,Bonalu,4088
Errum Manzil Palace,Hyderabad,other,2025,August,Monsoon,"Independence Day, Krishna Janmashtami",5014
Errum Manzil Palace,Hyderabad,other,2025,September,Monsoon,Vinayaka Chavithi,5072
Errum Manzil Palace,Hyderabad,other,2025,October,Post-Monsoon,"Bathukamma, Dussehra",10359
Errum Manzil Palace,Hyderabad,other,2025,November,Winter,Diwali,11799
Errum Manzil Palace,Hyderabad,other,2025,December,Winter,Christmas,11530
Exhibition Grounds (Numaish),Hyderabad,other,2024,January,Winter,"Bhogi, Sankranti",12085
Exhibition Grounds (Numaish),Hyderabad,other,2024,February,Winter,Maha Shivaratri,10543
Exhibition Grounds (Numaish),Hyderabad,other,2024,March,Summer,Holi,5796
Exhibition Grounds (Numaish),Hyderabad,other,2024,April,Summer,"Ugadi, Sri Rama Navami",6267
Exhibition Grounds (Numaish),Hyderabad,other,2024,May,Summer,Buddha Purnima,5224
Exhibition Grounds (Numaish),Hyderabad,other,2024,June,Monsoon,None,3707
Exhibition Grounds (Numaish),Hyderabad,other,2024,July,Monsoon,Bonalu,3913
Exhibition Grounds (Numaish),Hyderabad,other,2024,August,Monsoon,"Independence Day, Krishna Janmashtami",4799
Exhibition Grounds (Numaish),Hyderabad,other,2024,September,Monsoon,Vinayaka Chavithi,4869
Exhibition Grounds (Numaish),Hyderabad,other,2024,October,Post-Monsoon,"Bathukamma, Dussehra",8823
Exhibition Grounds (Numaish),Hyderabad,other,2024,November,Winter,Diwali,11006
Exhibition Grounds (Numaish),Hyderabad,other,2024,December,Winter,Christmas,12332
Exhibition Grounds (Numaish),Hyderabad,other,2025,January,Winter,"Bhogi, Sankranti",12819
Exhibition Grounds (Numaish),Hyderabad,other,2025,February,Winter,Maha Shivaratri,11651
Exhibition Grounds (Numaish),Hyderabad,other,2025,March,Summer,Holi,7259
Exhibition Grounds (Numaish),Hyderabad,other,2025,April,Summer,"Ugadi, Sri Rama Navami",7203
Exhibition Grounds (Numaish),Hyderabad,other,2025,May,Summer,Buddha Purnima,5724
Exhibition Grounds (Numaish),Hyderabad,other,2025,June,Monsoon,None,4241
Exhibition Grounds (Numaish),Hyderabad,other,2025,July,Monsoon,Bonalu,4187
Exhibition Grounds (Numaish),Hyderabad,other,2025,August,Monsoon,"Independence Day, Krishna Janmashtami",4843
Exhibition Grounds (Numaish),Hyderabad,other,2025,September,Monsoon,Vinayaka Chavithi,4901
Exhibition Grounds (Numaish),Hyderabad,other,2025,October,Post-Monsoon,"Bathukamma, Dussehra",10995
Exhibition Grounds (Numaish),Hyderabad,other,2025,November,Winter,Diwali,11056
Exhibition Grounds (Numaish),Hyderabad,other,2025,December,Winter,Christmas,13446
Fox Sagar Lake,Hyderabad,nature,2024,January,Winter,"Bhogi, Sankranti",15914
Fox Sagar Lake,Hyderabad,nature,2024,February,Winter,Maha Shivaratri,12685
Fox Sagar Lake,Hyderabad,nature,2024,March,Summer,Holi,8292
Fox Sagar Lake,Hyderabad,nature,2024,April,Summer,"Ugadi, Sri Rama Navami",7572
Fox Sagar Lake,Hyderabad,nature,2024,May,Summer,Buddha Purnima,7198
Fox Sagar Lake,Hyderabad,nature,2024,June,Monsoon,None,5197
Fox Sagar Lake,Hyderabad,nature,2024,July,Monsoon,Bonalu,4980
Fox Sagar Lake,Hyderabad,nature,2024,August,Monsoon,"Independence Day, Krishna Janmashtami",6009
Fox Sagar Lake,Hyderabad,nature,2024,September,Monsoon,Vinayaka Chavithi,6760
Fox Sagar Lake,Hyderabad,nature,2024,October,Post-Monsoon,"Bathukamma, Dussehra",12272
Fox Sagar Lake,Hyderabad,nature,2024,November,Winter,Diwali,13479
Fox Sagar Lake,Hyderabad,nature,2024,December,Winter,Christmas,16561
Fox Sagar Lake,Hyderabad,nature,2025,January,Winter,"Bhogi, Sankranti",18414
Fox Sagar Lake,Hyderabad,nature,2025,February,Winter,Maha Shivaratri,14733
Fox Sagar Lake,Hyderabad,nature,2025,March,Summer,Holi,9239
Fox Sagar Lake,Hyderabad,nature,2025,April,Summer,"Ugadi, Sri Rama Navami",9749
Fox Sagar Lake,Hyderabad,nature,2025,May,Summer,Buddha Purnima,7258
Fox Sagar Lake,Hyderabad,nature,2025,June,Monsoon,None,5244
Fox Sagar Lake,Hyderabad,nature,2025,July,Monsoon,Bonalu,5884
Fox Sagar Lake,Hyderabad,nature,2025,August,Monsoon,"Independence Day, Krishna Janmashtami",6993
Fox Sagar Lake,Hyderabad,nature,2025,September,Monsoon,Vinayaka Chavithi,6838
Fox Sagar Lake,Hyderabad,nature,2025,October,Post-Monsoon,"Bathukamma, Dussehra",12999
Fox Sagar Lake,Hyderabad,nature,2025,November,Winter,Diwali,16898
Fox Sagar Lake,Hyderabad,nature,2025,December,Winter,Christmas,16210
High Court of Telangana,Hyderabad,heritage,2024,January,Winter,"Bhogi, Sankranti",18128
High Court of Telangana,Hyderabad,heritage,2024,February,Winter,Maha Shivaratri,16474
High Court of Telangana,Hyderabad,heritage,2024,March,Summer,Holi,10421
High Court of Telangana,Hyderabad,heritage,2024,April,Summer,"Ugadi, Sri Rama Navami",10475
High Court of Telangana,Hyderabad,heritage,2024,May,Summer,Buddha Purnima,8460
High Court of Telangana,Hyderabad,heritage,2024,June,Monsoon,None,6046
High Court of Telangana,Hyderabad,heritage,2024,July,Monsoon,Bonalu,6107
High Court of Telangana,Hyderabad,heritage,2024,August,Monsoon,"Independence Day, Krishna Janmashtami",7289
High Court of Telangana,Hyderabad,heritage,2024,September,Monsoon,Vinayaka Chavithi,6388
High Court of Telangana,Hyderabad,heritage,2024,October,Post-Monsoon,"Bathukamma, Dussehra",14729
High Court of Telangana,Hyderabad,heritage,2024,November,Winter,Diwali,17105
High Court of Telangana,Hyderabad,heritage,2024,December,Winter,Christmas,17256
High Court of Telangana,Hyderabad,heritage,2025,January,Winter,"Bhogi, Sankranti",20297
High Court of Telangana,Hyderabad,heritage,2025,February,Winter,Maha Shivaratri,17314
High Court of Telangana,Hyderabad,heritage,2025,March,Summer,Holi,11359
High Court of Telangana,Hyderabad,heritage,2025,April,Summer,"Ugadi, Sri Rama Navami",11703
High Court of Telangana,Hyderabad,heritage,2025,May,Summer,Buddha Purnima,8743
High Court of Telangana,Hyderabad,heritage,2025,June,Monsoon,None,6334
High Court of Telangana,Hyderabad,heritage,2025,July,Monsoon,Bonalu,6557
High Court of Telangana,Hyderabad,heritage,2025,August,Monsoon,"Independence Day, Krishna Janmashtami",7486
High Court of Telangana,Hyderabad,heritage,2025,September,Monsoon,Vinayaka Chavithi,7975
High Court of Telangana,Hyderabad,heritage,2025,October,Post-Monsoon,"Bathukamma, Dussehra",15535
High Court of Telangana,Hyderabad,heritage,2025,November,Winter,Diwali,17221
High Court of Telangana,Hyderabad,heritage,2025,December,Winter,Christmas,20390
Hill Fort Palace,Hyderabad,heritage,2024,January,Winter,"Bhogi, Sankranti",19018
Hill Fort Palace,Hyderabad,heritage,2024,February,Winter,Maha Shivaratri,15545
Hill Fort Palace,Hyderabad,heritage,2024,March,Summer,Holi,10102
Hill Fort Palace,Hyderabad,heritage,2024,April,Summer,"Ugadi, Sri Rama Navami",9729
Hill Fort Palace,Hyderabad,heritage,2024,May,Summer,Buddha Purnima,8393
Hill Fort Palace,Hyderabad,heritage,2024,June,Monsoon,None,6152
Hill Fort Palace,Hyderabad,heritage,2024,July,Monsoon,Bonalu,6084
Hill Fort Palace,Hyderabad,heritage,2024,August,Monsoon,"Independence Day, Krishna Janmashtami",7253
Hill Fort Palace,Hyderabad,heritage,2024,September,Monsoon,Vinayaka Chavithi,7124
Hill Fort Palace,Hyderabad,heritage,2024,October,Post-Monsoon,"Bathukamma, Dussehra",14804
Hill Fort Palace,Hyderabad,heritage,2024,November,Winter,Diwali,16727
Hill Fort Palace,Hyderabad,heritage,2024,December,Winter,Christmas,17626
Hill Fort Palace,Hyderabad,heritage,2025,January,Winter,"Bhogi, Sankranti",19736
Hill Fort Palace,Hyderabad,heritage,2025,February,Winter,Maha Shivaratri,16138
Hill Fort Palace,Hyderabad,heritage,2025,March,Summer,Holi,10186
Hill Fort Palace,Hyderabad,heritage,2025,April,Summer,"Ugadi, Sri Rama Navami",10695
Hill Fort Palace,Hyderabad,heritage,2025,May,Summer,Buddha Purnima,8836
Hill Fort Palace,Hyderabad,heritage,2025,June,Monsoon,None,6305
Hill Fort Palace,Hyderabad,heritage,2025,July,Monsoon,Bonalu,6561
Hill Fort Palace,Hyderabad,heritage,2025,August,Monsoon,"Independence Day, Krishna Janmashtami",7842
Hill Fort Palace,Hyderabad,heritage,2025,September,Monsoon,Vinayaka Chavithi,8243
Hill Fort Palace,Hyderabad,heritage,2025,October,Post-Monsoon,"Bathukamma, Dussehra",15622
Hill Fort Palace,Hyderabad,heritage,2025,November,Winter,Diwali,17155
Hill Fort Palace,Hyderabad,heritage,2025,December,Winter,Christmas,18744
Horticulture Museum,Hyderabad,heritage,2024,January,Winter,"Bhogi, Sankranti",17988
Horticulture Museum,Hyderabad,heritage,2024,February,Winter,Maha Shivaratri,15912
Horticulture Museum,Hyderabad,heritage,2024,March,Summer,Holi,9297
Horticulture Museum,Hyderabad,heritage,2024,April,Summer,"Ugadi, Sri Rama Navami",9395
Horticulture Museum,Hyderabad,heritage,2024,May,Summer,Buddha Purnima,8099
Horticulture Museum,Hyderabad,heritage,2024,June,Monsoon,None,5963
Horticulture Museum,Hyderabad,heritage,2024,July,Monsoon,Bonalu,6275
Horticulture Museum,Hyderabad,heritage,2024,August,Monsoon,"Independence Day, Krishna Janmashtami",6894
Horticulture Museum,Hyderabad,heritage,2024,September,Monsoon,Vinayaka Chavithi,7162
Horticulture Museum,Hyderabad,heritage,2024,October,Post-Monsoon,"Bathukamma, Dussehra",14258
Horticulture Museum,Hyderabad,heritage,2024,November,Winter,Diwali,16874
Horticulture Museum,Hyderabad,heritage,2024,December,Winter,Christmas,17533
Horticulture Museum,Hyderabad,heritage,2025,January,Winter,"Bhogi, Sankranti",20483
Horticulture Museum,Hyderabad,heritage,2025,February,Winter,Maha Shivaratri,15931
Horticulture Museum,Hyderabad,heritage,2025,March,Summer,Holi,10255
Horticulture Museum,Hyderabad,heritage,2025,April,Summer,"Ugadi, Sri Rama Navami",11013
Horticulture Museum,Hyderabad,heritage,2025,May,Summer,Buddha Purnima,9033
Horticulture Museum,Hyderabad,heritage,2025,June,Monsoon,None,7242
Horticulture Museum,Hyderabad,heritage,2025,July,Monsoon,Bonalu,6697
Horticulture Museum,Hyderabad,heritage,2025,August,Monsoon,"Independence Day, Krishna Janmashtami",7274
Horticulture Museum,Hyderabad,heritage,2025,September,Monsoon,Vinayaka Chavithi,7860
Horticulture Museum,Hyderabad,heritage,2025,October,Post-Monsoon,"Bathukamma, Dussehra",14713
Horticulture Museum,Hyderabad,heritage,2025,November,Winter,Diwali,18179
Horticulture Museum,Hyderabad,heritage,2025,December,Winter,Christmas,18950
Jalavihar Water Park,Hyderabad,leisure,2024,January,Winter,"Bhogi, Sankranti",14207
Jalavihar Water Park,Hyderabad,leisure,2024,February,Winter,Maha Shivaratri,11607
Jalavihar Water Park,Hyderabad,leisure,2024,March,Summer,Holi,7083
Jalavihar Water Park,Hyderabad,leisure,2024,April,Summer,"Ugadi, Sri Rama Navami",7167
Jalavihar Water Park,Hyderabad,leisure,2024,May,Summer,Buddha Purnima,6638
Jalavihar Water Park,Hyderabad,leisure,2024,June,Monsoon,None,4284
Jalavihar Water Park,Hyderabad,leisure,2024,July,Monsoon,Bonalu,4902
Jalavihar Water Park,Hyderabad,leisure,2024,August,Monsoon,"Independence Day, Krishna Janmashtami",5438
Jalavihar Water Park,Hyderabad,leisure,2024,September,Monsoon,Vinayaka Chavithi,5518
Jalavihar Water Park,Hyderabad,leisure,2024,October,Post-Monsoon,"Bathukamma, Dussehra",11220
Jalavihar Water Park,Hyderabad,leisure,2024,November,Winter,Diwali,12699
Jalavihar Water Park,Hyderabad,leisure,2024,December,Winter,Christmas,12191
Jalavihar Water Park,Hyderabad,leisure,2025,January,Winter,"Bhogi, Sankranti",14468
Jalavihar Water Park,Hyderabad,leisure,2025,February,Winter,Maha Shivaratri,13434
Jalavihar Water Park,Hyderabad,leisure,2025,March,Summer,Holi,7676
Jalavihar Water Park,Hyderabad,leisure,2025,April,Summer,"Ugadi, Sri Rama Navami",7433
Jalavihar Water Park,Hyderabad,leisure,2025,May,Summer,Buddha Purnima,6578
Jalavihar Water Park,Hyderabad,leisure,2025,June,Monsoon,None,5103
Jalavihar Water Park,Hyderabad,leisure,2025,July,Monsoon,Bonalu,5152
Jalavihar Water Park,Hyderabad,leisure,2025,August,Monsoon,"Independence Day, Krishna Janmashtami",5626
Jalavihar Water Park,Hyderabad,leisure,2025,September,Monsoon,Vinayaka Chavithi,6096
Jalavihar Water Park,Hyderabad,leisure,2025,October,Post-Monsoon,"Bathukamma, Dussehra",11680
Jalavihar Water Park,Hyderabad,leisure,2025,November,Winter,Diwali,12304
Jalavihar Water Park,Hyderabad,leisure,2025,December,Winter,Christmas,13897
Kalakriti Art Gallery,Hyderabad,heritage,2024,January,Winter,"Bhogi, Sankranti",19878
Kalakriti Art Gallery,Hyderabad,heritage,2024,February,Winter,Maha Shivaratri,15975
Kalakriti Art Gallery,Hyderabad,heritage,2024,March,Summer,Holi,9552
Kalakriti Art Gallery,Hyderabad,heritage,2024,April,Summer,"Ugadi, Sri Rama Navami",9895
Kalakriti Art Gallery,Hyderabad,heritage,2024,May,Summer,Buddha Purnima,9077
Kalakriti Art Gallery,Hyderabad,heritage,2024,June,Monsoon,None,6390
Kalakriti Art Gallery,Hyderabad,heritage,2024,July,Monsoon,Bonalu,6770
Kalakriti Art Gallery,Hyderabad,heritage,2024,August,Monsoon,"Independence Day, Krishna Janmashtami",7035
Kalakriti Art Gallery,Hyderabad,heritage,2024,September,Monsoon,Vinayaka Chavithi,7421
Kalakriti Art Gallery,Hyderabad,heritage,2024,October,Post-Monsoon,"Bathukamma, Dussehra",13817
Kalakriti Art Gallery,Hyderabad,heritage,2024,November,Winter,Diwali,18149
Kalakriti Art Gallery,Hyderabad,heritage,2024,December,Winter,Christmas,17240
Kalakriti Art Gallery,Hyderabad,heritage,2025,January,Winter,"Bhogi, Sankranti",20128
Kalakriti Art Gallery,Hyderabad,heritage,2025,February,Winter,Maha Shivaratri,16533
Kalakriti Art Gallery,Hyderabad,heritage,2025,March,Summer,Holi,10135
Kalakriti Art Gallery,Hyderabad,heritage,2025,April,Summer,"Ugadi, Sri Rama Navami",10396
Kalakriti Art Gallery,Hyderabad,heritage,2025,May,Summer,Buddha Purnima,8679
Kalakriti Art Gallery,Hyderabad,heritage,2025,June,Monsoon,None,6210
Kalakriti Art Gallery,Hyderabad,heritage,2025,July,Monsoon,Bonalu,6401
Kalakriti Art Gallery,Hyderabad,heritage,2025,August,Monsoon,"Independence Day, Krishna Janmashtami",7978
Kalakriti Art Gallery,Hyderabad,heritage,2025,September,Monsoon,Vinayaka Chavithi,7462
Kalakriti Art Gallery,Hyderabad,heritage,2025,October,Post-Monsoon,"Bathukamma, Dussehra",16325
Kalakriti Art Gallery,Hyderabad,heritage,2025,November,Winter,Diwali,19365
Kalakriti Art Gallery,Hyderabad,heritage,2025,December,Winter,Christmas,19267
Khairunnisa Tomb,Hyderabad,heritage,2024,January,Winter,"Bhogi, Sankranti",17776
Khairunnisa Tomb,Hyderabad,heritage,2024,February,Winter,Maha Shivaratri,16010
Khairunnisa Tomb,Hyderabad,heritage,2024,March,Summer,Holi,10240
Khairunnisa Tomb,Hyderabad,heritage,2024,April,Summer,"Ugadi, Sri Rama Navami",10144
Khairunnisa Tomb,Hyderabad,heritage,2024,May,Summer,Buddha Purnima,8068
Khairunnisa Tomb,Hyderabad,heritage,2024,June,Monsoon,None,6052
Khairunnisa Tomb,Hyderabad,heritage,2024,July,Monsoon,Bonalu,5758
Khairunnisa Tomb,Hyderabad,heritage,2024,August,Monsoon,"Independence Day, Krishna Janmashtami",7333
Khairunnisa Tomb,Hyderabad,heritage,2024,September,Monsoon,Vinayaka Chavithi,7462
Khairunnisa Tomb,Hyderabad,heritage,2024,October,Post-Monsoon,"Bathukamma, Dussehra",14721
Khairunnisa Tomb,Hyderabad,heritage,2024,November,Winter,Diwali,16192
Khairunnisa Tomb,Hyderabad,heritage,2024,December,Winter,Christmas,17498
Khairunnisa Tomb,Hyderabad,heritage,2025,January,Winter,"Bhogi, Sankranti",20445
Khairunnisa Tomb,Hyderabad,heritage,2025,February,Winter,Maha Shivaratri,18567
Khairunnisa Tomb,Hyderabad,heritage,2025,March,Summer,Holi,10110
Khairunnisa Tomb,Hyderabad,heritage,2025,April,Summer,"Ugadi, Sri Rama Navami",11098
Khairunnisa Tomb,Hyderabad,heritage,2025,May,Summer,Buddha Purnima,8017
Khairunnisa Tomb,Hyderabad,heritage,2025,June,Monsoon,None,6196
Khairunnisa Tomb,Hyderabad,heritage,2025,July,Monsoon,Bonalu,6571
Khairunnisa Tomb,Hyderabad,heritage,2025,August,Monsoon,"Independence Day, Krishna Janmashtami",7310
Khairunnisa Tomb,Hyderabad,heritage,2025,September,Monsoon,Vinayaka Chavithi,7528
Khairunnisa Tomb,Hyderabad,heritage,2025,October,Post-Monsoon,"Bathukamma, Dussehra",15608
Khairunnisa Tomb,Hyderabad,heritage,2025,November,Winter,Diwali,18520
Khairunnisa Tomb,Hyderabad,heritage,2025,December,Winter,Christmas,19589
Khajaguda Lake,Hyderabad,nature,2024,January,Winter,"Bhogi, Sankranti",13789
Khajaguda Lake,Hyderabad,nature,2024,February,Winter,Maha Shivaratri,12193
Khajaguda Lake,Hyderabad,nature,2024,March,Summer,Holi,7896
Khajaguda Lake,Hyderabad,nature,2024,April,Summer,"Ugadi, Sri Rama Navami",8653
Khajaguda Lake,Hyderabad,nature,2024,May,Summer,Buddha Purnima,6021
Khajaguda Lake,Hyderabad,nature,2024,June,Monsoon,None,4852
Khajaguda Lake,Hyderabad,nature,2024,July,Monsoon,Bonalu,4997
Khajaguda Lake,Hyderabad,nature,2024,August,Monsoon,"Independence Day, Krishna Janmashtami",6386
Khajaguda Lake,Hyderabad,nature,2024,September,Monsoon,Vinayaka Chavithi,6040
Khajaguda Lake,Hyderabad,nature,2024,October,Post-Monsoon,"Bathukamma, Dussehra",12831
Khajaguda Lake,Hyderabad,nature,2024,November,Winter,Diwali,14333
Khajaguda Lake,Hyderabad,nature,2024,December,Winter,Christmas,13776
Khajaguda Lake,Hyderabad,nature,2025,January,Winter,"Bhogi, Sankranti",17412
Khajaguda Lake,Hyderabad,nature,2025,February,Winter,Maha Shivaratri,14889
Khajaguda Lake,Hyderabad,nature,2025,March,Summer,Holi,9017
Khajaguda Lake,Hyderabad,nature,2025,April,Summer,"Ugadi, Sri Rama Navami",10930
Khajaguda Lake,Hyderabad,nature,2025,May,Summer,Buddha Purnima,6752
Khajaguda Lake,Hyderabad,nature,2025,June,Monsoon,None,5838
Khajaguda Lake,Hyderabad,nature,2025,July,Monsoon,Bonalu,5463
Khajaguda Lake,Hyderabad,nature,2025,August,Monsoon,"Independence Day, Krishna Janmashtami",6542
Khajaguda Lake,Hyderabad,nature,2025,September,Monsoon,Vinayaka Chavithi,6636
Khajaguda Lake,Hyderabad,nature,2025,October,Post-Monsoon,"Bathukamma, Dussehra",13309
Khajaguda Lake,Hyderabad,nature,2025,November,Winter,Diwali,14933
Khajaguda Lake,Hyderabad,nature,2025,December,Winter,Christmas,16926
Machli Kaman,Hyderabad,heritage,2024,January,Winter,"Bhogi, Sankranti",17039
Machli Kaman,Hyderabad,heritage,2024,February,Winter,Maha Shivaratri,16805
Machli Kaman,Hyderabad,heritage,2024,March,Summer,Holi,9468
Machli Kaman,Hyderabad,heritage,2024,April,Summer,"Ugadi, Sri Rama Navami",9478
Machli Kaman,Hyderabad,heritage,2024,May,Summer,Buddha Purnima,8101
Machli Kaman,Hyderabad,heritage,2024,June,Monsoon,None,6281
Machli Kaman,Hyderabad,heritage,2024,July,Monsoon,Bonalu,5931
Machli Kaman,Hyderabad,heritage,2024,August,Monsoon,"Independence Day, Krishna Janmashtami",7218
Machli Kaman,Hyderabad,heritage,2024,September,Monsoon,Vinayaka Chavithi,7046
Machli Kaman,Hyderabad,heritage,2024,October,Post-Monsoon,"Bathukamma, Dussehra",15517
Machli Kaman,Hyderabad,heritage,2024,November,Winter,Diwali,17480
Machli Kaman,Hyderabad,heritage,2024,December,Winter,Christmas,20002
Machli Kaman,Hyderabad,heritage,2025,January,Winter,"Bhogi, Sankranti",19738
Machli Kaman,Hyderabad,heritage,2025,February,Winter,Maha Shivaratri,18077
Machli Kaman,Hyderabad,heritage,2025,March,Summer,Holi,10494
Machli Kaman,Hyderabad,heritage,2025,April,Summer,"Ugadi, Sri Rama Navami",11553
Machli Kaman,Hyderabad,heritage,2025,May,Summer,Buddha Purnima,8629
Machli Kaman,Hyderabad,heritage,2025,June,Monsoon,None,6620
Machli Kaman,Hyderabad,heritage,2025,July,Monsoon,Bonalu,6518
Machli Kaman,Hyderabad,heritage,2025,August,Monsoon,"Independence Day, Krishna Janmashtami",7634
Machli Kaman,Hyderabad,heritage,2025,September,Monsoon,Vinayaka Chavithi,7934
Machli Kaman,Hyderabad,heritage,2025,October,Post-Monsoon,"Bathukamma, Dussehra",16351
Machli Kaman,Hyderabad,heritage,2025,November,Winter,Diwali,18147
Machli Kaman,Hyderabad,heritage,2025,December,Winter,Christmas,19986
Megalithic Burial Site,Hyderabad,heritage,2024,January,Winter,"Bhogi, Sankranti",19892
Megalithic Burial Site,Hyderabad,heritage,2024,February,Winter,Maha Shivaratri,16995
Megalithic Burial Site,Hyderabad,heritage,2024,March,Summer,Holi,10090
Megalithic Burial Site,Hyderabad,heritage,2024,April,Summer,"Ugadi, Sri Rama Navami",9817
Megalithic Burial Site,Hyderabad,heritage,2024,May,Summer,Buddha Purnima,7919
Megalithic Burial Site,Hyderabad,heritage,2024,June,Monsoon,None,6192
Megalithic Burial Site,Hyderabad,heritage,2024,July,Monsoon,Bonalu,6361
Megalithic Burial Site,Hyderabad,heritage,2024,August,Monsoon,"Independence Day, Krishna Janmashtami",7613
Megalithic Burial Site,Hyderabad,heritage,2024,September,Monsoon,Vinayaka Chavithi,7092
Megalithic Burial Site,Hyderabad,heritage,2024,October,Post-Monsoon,"Bathukamma, Dussehra",14779
Megalithic Burial Site,Hyderabad,heritage,2024,November,Winter,Diwali,15516
Megalithic Burial Site,Hyderabad,heritage,2024,December,Winter,Christmas,17950
Megalithic Burial Site,Hyderabad,heritage,2025,January,Winter,"Bhogi, Sankranti",20905
Megalithic Burial Site,Hyderabad,heritage,2025,February,Winter,Maha Shivaratri,17085
Megalithic Burial Site,Hyderabad,heritage,2025,March,Summer,Holi,10777
Megalithic Burial Site,Hyderabad,heritage,2025,April,Summer,"Ugadi, Sri Rama Navami",10746
Megalithic Burial Site,Hyderabad,heritage,2025,May,Summer,Buddha Purnima,9096
Megalithic Burial Site,Hyderabad,heritage,2025,June,Monsoon,None,6016
Megalithic Burial Site,Hyderabad,heritage,2025,July,Monsoon,Bonalu,6610
Megalithic Burial Site,Hyderabad,heritage,2025,August,Monsoon,"Independence Day, Krishna Janmashtami",6513
Megalithic Burial Site,Hyderabad,heritage,2025,September,Monsoon,Vinayaka Chavithi,7824
Megalithic Burial Site,Hyderabad,heritage,2025,October,Post-Monsoon,"Bathukamma, Dussehra",14831
Megalithic Burial Site,Hyderabad,heritage,2025,November,Winter,Diwali,19354
Megalithic Burial Site,Hyderabad,heritage,2025,December,Winter,Christmas,20543
Mehboob Chowk Clock Tower,Hyderabad,heritage,2024,January,Winter,"Bhogi, Sankranti",18868
Mehboob Chowk Clock Tower,Hyderabad,heritage,2024,February,Winter,Maha Shivaratri,17429
Mehboob Chowk Clock Tower,Hyderabad,heritage,2024,March,Summer,Holi,9211
Mehboob Chowk Clock Tower,Hyderabad,heritage,2024,April,Summer,"Ugadi, Sri Rama Navami",10924
Mehboob Chowk Clock Tower,Hyderabad,heritage,2024,May,Summer,Buddha Purnima,8674
Mehboob Chowk Clock Tower,Hyderabad,heritage,2024,June,Monsoon,None,5840
Mehboob Chowk Clock Tower,Hyderabad,heritage,2024,July,Monsoon,Bonalu,6440
Mehboob Chowk Clock Tower,Hyderabad,heritage,2024,August,Monsoon,"Independence Day, Krishna Janmashtami",6699
Mehboob Chowk Clock Tower,Hyderabad,heritage,2024,September,Monsoon,Vinayaka Chavithi,7011
Mehboob Chowk Clock Tower,Hyderabad,heritage,2024,October,Post-Monsoon,"Bathukamma, Dussehra",14496
Mehboob Chowk Clock Tower,Hyderabad,heritage,2024,November,Winter,Diwali,16454
Mehboob Chowk Clock Tower,Hyderabad,heritage,2024,December,Winter,Christmas,17342
Mehboob Chowk Clock Tower,Hyderabad,heritage,2025,January,Winter,"Bhogi, Sankranti",21130
Mehboob Chowk Clock Tower,Hyderabad,heritage,2025,February,Winter,Maha Shivaratri,17266
Mehboob Chowk Clock Tower,Hyderabad,heritage,2025,March,Summer,Holi,10627
Mehboob Chowk Clock Tower,Hyderabad,heritage,2025,April,Summer,"Ugadi, Sri Rama Navami",10540
Mehboob Chowk Clock Tower,Hyderabad,heritage,2025,May,Summer,Buddha Purnima,8136
Mehboob Chowk Clock Tower,Hyderabad,heritage,2025,June,Monsoon,None,6468
Mehboob Chowk Clock Tower,Hyderabad,heritage,2025,July,Monsoon,Bonalu,5952
Mehboob Chowk Clock Tower,Hyderabad,heritage,2025,August,Monsoon,"Independence Day, Krishna Janmashtami",7632
Mehboob Chowk Clock Tower,Hyderabad,heritage,2025,September,Monsoon,Vinayaka Chavithi,7358
Mehboob Chowk Clock Tower,Hyderabad,heritage,2025,October,Post-Monsoon,"Bathukamma, Dussehra",17751
Mehboob Chowk Clock Tower,Hyderabad,heritage,2025,November,Winter,Diwali,19085
Mehboob Chowk Clock Tower,Hyderabad,heritage,2025,December,Winter,Christmas,19879
Mir Alam Tank,Hyderabad,nature,2024,January,Winter,"Bhogi, Sankranti",16507
Mir Alam Tank,Hyderabad,nature,2024,February,Winter,Maha Shivaratri,13062
Mir Alam Tank,Hyderabad,nature,2024,March,Summer,Holi,8364
Mir Alam Tank,Hyderabad,nature,2024,April,Summer,"Ugadi, Sri Rama Navami",8544
Mir Alam Tank,Hyderabad,nature,2024,May,Summer,Buddha Purnima,7071
Mir Alam Tank,Hyderabad,nature,2024,June,Monsoon,None,5293
Mir Alam Tank,Hyderabad,nature,2024,July,Monsoon,Bonalu,5320
Mir Alam Tank,Hyderabad,nature,2024,August,Monsoon,"Independence Day, Krishna Janmashtami",6058
Mir Alam Tank,Hyderabad,nature,2024,September,Monsoon,Vinayaka Chavithi,5649
Mir Alam Tank,Hyderabad,nature,2024,October,Post-Monsoon,"Bathukamma, Dussehra",11986
Mir Alam Tank,Hyderabad,nature,2024,November,Winter,Diwali,14145
Mir Alam Tank,Hyderabad,nature,2024,December,Winter,Christmas,15490
Mir Alam Tank,Hyderabad,nature,2025,January,Winter,"Bhogi, Sankranti",15821
Mir Alam Tank,Hyderabad,nature,2025,February,Winter,Maha Shivaratri,16507
Mir Alam Tank,Hyderabad,nature,2025,March,Summer,Holi,9461
Mir Alam Tank,Hyderabad,nature,2025,April,Summer,"Ugadi, Sri Rama Navami",9412
Mir Alam Tank,Hyderabad,nature,2025,May,Summer,Buddha Purnima,7565
Mir Alam Tank,Hyderabad,nature,2025,June,Monsoon,None,5317
Mir Alam Tank,Hyderabad,nature,2025,July,Monsoon,Bonalu,5279
Mir Alam Tank,Hyderabad,nature,2025,August,Monsoon,"Independence Day, Krishna Janmashtami",6474
Mir Alam Tank,Hyderabad,nature,2025,September,Monsoon,Vinayaka Chavithi,6737
Mir Alam Tank,Hyderabad,nature,2025,October,Post-Monsoon,"Bathukamma, Dussehra",12753
Mir Alam Tank,Hyderabad,nature,2025,November,Winter,Diwali,15628
Mir Alam Tank,Hyderabad,nature,2025,December,Winter,Christmas,16523
Moula Ali Dargah,Hyderabad,religious,2024,January,Winter,"Bhogi, Sankranti",21068
Moula Ali Dargah,Hyderabad,religious,2024,February,Winter,Maha Shivaratri,19579
Moula Ali Dargah,Hyderabad,religious,2024,March,Summer,Holi,11961
Moula Ali Dargah,Hyderabad,religious,2024,April,Summer,"Ugadi, Sri Rama Navami",13887
Moula Ali Dargah,Hyderabad,religious,2024,May,Summer,Buddha Purnima,10760
Moula Ali Dargah,Hyderabad,religious,2024,June,Monsoon,None,6966
Moula Ali Dargah,Hyderabad,religious,2024,July,Monsoon,Bonalu,7885
Moula Ali Dargah,Hyderabad,religious,2024,August,Monsoon,"Independence Day, Krishna Janmashtami",8264
Moula Ali Dargah,Hyderabad,religious,2024,September,Monsoon,Vinayaka Chavithi,9737
Moula Ali Dargah,Hyderabad,religious,2024,October,Post-Monsoon,"Bathukamma, Dussehra",18440
Moula Ali Dargah,Hyderabad,religious,2024,November,Winter,Diwali,21249
Moula Ali Dargah,Hyderabad,religious,2024,December,Winter,Christmas,24661
Moula Ali Dargah,Hyderabad,religious,2025,January,Winter,"Bhogi, Sankranti",23534
Moula Ali Dargah,Hyderabad,religious,2025,February,Winter,Maha Shivaratri,20552
Moula Ali Dargah,Hyderabad,religious,2025,March,Summer,Holi,12806
Moula Ali Dargah,Hyderabad,religious,2025,April,Summer,"Ugadi, Sri Rama Navami",14416
Moula Ali Dargah,Hyderabad,religious,2025,May,Summer,Buddha Purnima,10448
Moula Ali Dargah,Hyderabad,religious,2025,June,Monsoon,None,6920
Moula Ali Dargah,Hyderabad,religious,2025,July,Monsoon,Bonalu,8126
Moula Ali Dargah,Hyderabad,religious,2025,August,Monsoon,"Independence Day, Krishna Janmashtami",9941
Moula Ali Dargah,Hyderabad,religious,2025,September,Monsoon,Vinayaka Chavithi,10575
Moula Ali Dargah,Hyderabad,religious,2025,October,Post-Monsoon,"Bathukamma, Dussehra",19924
Moula Ali Dargah,Hyderabad,religious,2025,November,Winter,Diwali,22582
Moula Ali Dargah,Hyderabad,religious,2025,December,Winter,Christmas,26419
Qutb Shahi Tombs,Hyderabad,heritage,2024,January,Winter,"Bhogi, Sankranti",16714
Qutb Shahi Tombs,Hyderabad,heritage,2024,February,Winter,Maha Shivaratri,15882
Qutb Shahi Tombs,Hyderabad,heritage,2024,March,Summer,Holi,9761
Qutb Shahi Tombs,Hyderabad,heritage,2024,April,Summer,"Ugadi, Sri Rama Navami",10272
Qutb Shahi Tombs,Hyderabad,heritage,2024,May,Summer,Buddha Purnima,8077
Qutb Shahi Tombs,Hyderabad,heritage,2024,June,Monsoon,None,5920
Qutb Shahi Tombs,Hyderabad,heritage,2024,July,Monsoon,Bonalu,5336
Qutb Shahi Tombs,Hyderabad,heritage,2024,August,Monsoon,"Independence Day, Krishna Janmashtami",6858
Qutb Shahi Tombs,Hyderabad,heritage,2024,September,Monsoon,Vinayaka Chavithi,7479
Qutb Shahi Tombs,Hyderabad,heritage,2024,October,Post-Monsoon,"Bathukamma, Dussehra",14217
Qutb Shahi Tombs,Hyderabad,heritage,2024,November,Winter,Diwali,16951
Qutb Shahi Tombs,Hyderabad,heritage,2024,December,Winter,Christmas,18718
Qutb Shahi Tombs,Hyderabad,heritage,2025,January,Winter,"Bhogi, Sankranti",19571
Qutb Shahi Tombs,Hyderabad,heritage,2025,February,Winter,Maha Shivaratri,17642
Qutb Shahi Tombs,Hyderabad,heritage,2025,March,Summer,Holi,9940
Qutb Shahi Tombs,Hyderabad,heritage,2025,April,Summer,"Ugadi, Sri Rama Navami",10738
Qutb Shahi Tombs,Hyderabad,heritage,2025,May,Summer,Buddha Purnima,9224
Qutb Shahi Tombs,Hyderabad,heritage,2025,June,Monsoon,None,6432
Qutb Shahi Tombs,Hyderabad,heritage,2025,July,Monsoon,Bonalu,6389
Qutb Shahi Tombs,Hyderabad,heritage,2025,August,Monsoon,"Independence Day, Krishna Janmashtami",7744
Qutb Shahi Tombs,Hyderabad,heritage,2025,September,Monsoon,Vinayaka Chavithi,8180
Qutb Shahi Tombs,Hyderabad,heritage,2025,October,Post-Monsoon,"Bathukamma, Dussehra",14492
Qutb Shahi Tombs,Hyderabad,heritage,2025,November,Winter,Diwali,19311
Qutb Shahi Tombs,Hyderabad,heritage,2025,December,Winter,Christmas,19442
Railway Museum,Hyderabad,heritage,2024,January,Winter,"Bhogi, Sankranti",18830
Railway Museum,Hyderabad,heritage,2024,February,Winter,Maha Shivaratri,17166
Railway Museum,Hyderabad,heritage,2024,March,Summer,Holi,9006
Railway Museum,Hyderabad,heritage,2024,April,Summer,"Ugadi, Sri Rama Navami",9690
Railway Museum,Hyderabad,heritage,2024,May,Summer,Buddha Purnima,8168
Railway Museum,Hyderabad,heritage,2024,June,Monsoon,None,5678
Railway Museum,Hyderabad,heritage,2024,July,Monsoon,Bonalu,6623
Railway Museum,Hyderabad,heritage,2024,August,Monsoon,"Independence Day, Krishna Janmashtami",6788
Railway Museum,Hyderabad,heritage,2024,September,Monsoon,Vinayaka Chavithi,7110
Railway Museum,Hyderabad,heritage,2024,October,Post-Monsoon,"Bathukamma, Dussehra",15104
Railway Museum,Hyderabad,heritage,2024,November,Winter,Diwali,15885
Railway Museum,Hyderabad,heritage,2024,December,Winter,Christmas,17947
Railway Museum,Hyderabad,heritage,2025,January,Winter,"Bhogi, Sankranti",20228
Railway Museum,Hyderabad,heritage,2025,February,Winter,Maha Shivaratri,17201
Railway Museum,Hyderabad,heritage,2025,March,Summer,Holi,10394
Railway Museum,Hyderabad,heritage,2025,April,Summer,"Ugadi, Sri Rama Navami",10563
Railway Museum,Hyderabad,heritage,2025,May,Summer,Buddha Purnima,8273
Railway Museum,Hyderabad,heritage,2025,June,Monsoon,None,6485
Railway Museum,Hyderabad,heritage,2025,July,Monsoon,Bonalu,7159
Railway Museum,Hyderabad,heritage,2025,August,Monsoon,"Independence Day, Krishna Janmashtami",7666
Railway Museum,Hyderabad,heritage,2025,September,Monsoon,Vinayaka Chavithi,7987
Railway Museum,Hyderabad,heritage,2025,October,Post-Monsoon,"Bathukamma, Dussehra",16706
Railway Museum,Hyderabad,heritage,2025,November,Winter,Diwali,17095
Railway Museum,Hyderabad,heritage,2025,December,Winter,Christmas,21457
Sanjeevaiah Park,Hyderabad,leisure,2024,January,Winter,"Bhogi, Sankranti",13723
Sanjeevaiah Park,Hyderabad,leisure,2024,February,Winter,Maha Shivaratri,12908
Sanjeevaiah Park,Hyderabad,leisure,2024,March,Summer,Holi,6864
Sanjeevaiah Park,Hyderabad,leisure,2024,April,Summer,"Ugadi, Sri Rama Navami",8075
Sanjeevaiah Park,Hyderabad,leisure,2024,May,Summer,Buddha Purnima,6344
Sanjeevaiah Park,Hyderabad,leisure,2024,June,Monsoon,None,4475
Sanjeevaiah Park,Hyderabad,leisure,2024,July,Monsoon,Bonalu,4543
Sanjeevaiah Park,Hyderabad,leisure,2024,August,Monsoon,"Independence Day, Krishna Janmashtami",5160
Sanjeevaiah Park,Hyderabad,leisure,2024,September,Monsoon,Vinayaka Chavithi,5712
Sanjeevaiah Park,Hyderabad,leisure,2024,October,Post-Monsoon,"Bathukamma, Dussehra",11094
Sanjeevaiah Park,Hyderabad,leisure,2024,November,Winter,Diwali,11229
Sanjeevaiah Park,Hyderabad,leisure,2024,December,Winter,Christmas,12738
Sanjeevaiah Park,Hyderabad,leisure,2025,January,Winter,"Bhogi, Sankranti",14536
Sanjeevaiah Park,Hyderabad,leisure,2025,February,Winter,Maha Shivaratri,13089
Sanjeevaiah Park,Hyderabad,leisure,2025,March,Summer,Holi,7673
Sanjeevaiah Park,Hyderabad,leisure,2025,April,Summer,"Ugadi, Sri Rama Navami",8482
Sanjeevaiah Park,Hyderabad,leisure,2025,May,Summer,Buddha Purnima,5952
Sanjeevaiah Park,Hyderabad,leisure,2025,June,Monsoon,None,4736
Sanjeevaiah Park,Hyderabad,leisure,2025,July,Monsoon,Bonalu,4409
Sanjeevaiah Park,Hyderabad,leisure,2025,August,Monsoon,"Independence Day, Krishna Janmashtami",5858
Sanjeevaiah Park,Hyderabad,leisure,2025,September,Monsoon,Vinayaka Chavithi,5792
Sanjeevaiah Park,Hyderabad,leisure,2025,October,Post-Monsoon,"Bathukamma, Dussehra",12147
Sanjeevaiah Park,Hyderabad,leisure,2025,November,Winter,Diwali,12869
Sanjeevaiah Park,Hyderabad,leisure,2025,December,Winter,Christmas,15503
Shilpa Kala Vedika,Hyderabad,other,2024,January,Winter,"Bhogi, Sankranti",12251
Shilpa Kala Vedika,Hyderabad,other,2024,February,Winter,Maha Shivaratri,10528
Shilpa Kala Vedika,Hyderabad,other,2024,March,Summer,Holi,6067
Shilpa Kala Vedika,Hyderabad,other,2024,April,Summer,"Ugadi, Sri Rama Navami",6529
Shilpa Kala Vedika,Hyderabad,other,2024,May,Summer,Buddha Purnima,5050
Shilpa Kala Vedika,Hyderabad,other,2024,June,Monsoon,None,3892
Shilpa Kala Vedika,Hyderabad,other,2024,July,Monsoon,Bonalu,4166
Shilpa Kala Vedika,Hyderabad,other,2024,August,Monsoon,"Independence Day, Krishna Janmashtami",4718
Shilpa Kala Vedika,Hyderabad,other,2024,September,Monsoon,Vinayaka Chavithi,4450
Shilpa Kala Vedika,Hyderabad,other,2024,October,Post-Monsoon,"Bathukamma, Dussehra",9613
Shilpa Kala Vedika,Hyderabad,other,2024,November,Winter,Diwali,9984
Shilpa Kala Vedika,Hyderabad,other,2024,December,Winter,Christmas,11895
Shilpa Kala Vedika,Hyderabad,other,2025,January,Winter,"Bhogi, Sankranti",12860
Shilpa Kala Vedika,Hyderabad,other,2025,February,Winter,Maha Shivaratri,10015
Shilpa Kala Vedika,Hyderabad,other,2025,March,Summer,Holi,6212
Shilpa Kala Vedika,Hyderabad,other,2025,April,Summer,"Ugadi, Sri Rama Navami",6755
Shilpa Kala Vedika,Hyderabad,other,2025,May,Summer,Buddha Purnima,5568
Shilpa Kala Vedika,Hyderabad,other,2025,June,Monsoon,None,3787
Shilpa Kala Vedika,Hyderabad,other,2025,July,Monsoon,Bonalu,4238
Shilpa Kala Vedika,Hyderabad,other,2025,August,Monsoon,"Independence Day, Krishna Janmashtami",4898
Shilpa Kala Vedika,Hyderabad,other,2025,September,Monsoon,Vinayaka Chavithi,4940
Shilpa Kala Vedika,Hyderabad,other,2025,October,Post-Monsoon,"Bathukamma, Dussehra",9813
Shilpa Kala Vedika,Hyderabad,other,2025,November,Winter,Diwali,12133
Shilpa Kala Vedika,Hyderabad,other,2025,December,Winter,Christmas,13523
Spanish Mosque,Hyderabad,religious,2024,January,Winter,"Bhogi, Sankranti",22726
Spanish Mosque,Hyderabad,religious,2024,February,Winter,Maha Shivaratri,19833
Spanish Mosque,Hyderabad,religious,2024,March,Summer,Holi,12514
Spanish Mosque,Hyderabad,religious,2024,April,Summer,"Ugadi, Sri Rama Navami",12463
Spanish Mosque,Hyderabad,religious,2024,May,Summer,Buddha Purnima,10396
Spanish Mosque,Hyderabad,religious,2024,June,Monsoon,None,7741
Spanish Mosque,Hyderabad,religious,2024,July,Monsoon,Bonalu,6963
Spanish Mosque,Hyderabad,religious,2024,August,Monsoon,"Independence Day, Krishna Janmashtami",9548
Spanish Mosque,Hyderabad,religious,2024,September,Monsoon,Vinayaka Chavithi,9271
Spanish Mosque,Hyderabad,religious,2024,October,Post-Monsoon,"Bathukamma, Dussehra",18497
Spanish Mosque,Hyderabad,religious,2024,November,Winter,Diwali,21253
Spanish Mosque,Hyderabad,religious,2024,December,Winter,Christmas,23084
Spanish Mosque,Hyderabad,religious,2025,January,Winter,"Bhogi, Sankranti",22975
Spanish Mosque,Hyderabad,religious,2025,February,Winter,Maha Shivaratri,23747
Spanish Mosque,Hyderabad,religious,2025,March,Summer,Holi,13218
Spanish Mosque,Hyderabad,religious,2025,April,Summer,"Ugadi, Sri Rama Navami",14008
Spanish Mosque,Hyderabad,religious,2025,May,Summer,Buddha Purnima,11844
Spanish Mosque,Hyderabad,religious,2025,June,Monsoon,None,7650
Spanish Mosque,Hyderabad,religious,2025,July,Monsoon,Bonalu,8510
Spanish Mosque,Hyderabad,religious,2025,August,Monsoon,"Independence Day, Krishna Janmashtami",9545
Spanish Mosque,Hyderabad,religious,2025,September,Monsoon,Vinayaka Chavithi,10399
Spanish Mosque,Hyderabad,religious,2025,October,Post-Monsoon,"Bathukamma, Dussehra",18227
Spanish Mosque,Hyderabad,religious,2025,November,Winter,Diwali,22942
Spanish Mosque,Hyderabad,religious,2025,December,Winter,Christmas,24225
State Art Gallery,Hyderabad,heritage,2024,January,Winter,"Bhogi, Sankranti",18836
State Art Gallery,Hyderabad,heritage,2024,February,Winter,Maha Shivaratri,16577
State Art Gallery,Hyderabad,heritage,2024,March,Summer,Holi,9327
State Art Gallery,Hyderabad,heritage,2024,April,Summer,"Ugadi, Sri Rama Navami",9688
State Art Gallery,Hyderabad,heritage,2024,May,Summer,Buddha Purnima,8242
State Art Gallery,Hyderabad,heritage,2024,June,Monsoon,None,5645
State Art Gallery,Hyderabad,heritage,2024,July,Monsoon,Bonalu,6351
State Art Gallery,Hyderabad,heritage,2024,August,Monsoon,"Independence Day, Krishna Janmashtami",6960
State Art Gallery,Hyderabad,heritage,2024,September,Monsoon,Vinayaka Chavithi,6250
State Art Gallery,Hyderabad,heritage,2024,October,Post-Monsoon,"Bathukamma, Dussehra",14671
State Art Gallery,Hyderabad,heritage,2024,November,Winter,Diwali,16023
State Art Gallery,Hyderabad,heritage,2024,December,Winter,Christmas,16816
State Art Gallery,Hyderabad,heritage,2025,January,Winter,"Bhogi, Sankranti",18680
State Art Gallery,Hyderabad,heritage,2025,February,Winter,Maha Shivaratri,17588
State Art Gallery,Hyderabad,heritage,2025,March,Summer,Holi,11137
State Art Gallery,Hyderabad,heritage,2025,April,Summer,"Ugadi, Sri Rama Navami",11020
State Art Gallery,Hyderabad,heritage,2025,May,Summer,Buddha Purnima,8680
State Art Gallery,Hyderabad,heritage,2025,June,Monsoon,None,6528
State Art Gallery,Hyderabad,heritage,2025,July,Monsoon,Bonalu,6431
State Art Gallery,Hyderabad,heritage,2025,August,Monsoon,"Independence Day, Krishna Janmashtami",7393
State Art Gallery,Hyderabad,heritage,2025,September,Monsoon,Vinayaka Chavithi,7442
State Art Gallery,Hyderabad,heritage,2025,October,Post-Monsoon,"Bathukamma, Dussehra",14733
State Art Gallery,Hyderabad,heritage,2025,November,Winter,Diwali,17897
State Art Gallery,Hyderabad,heritage,2025,December,Winter,Christmas,19930
Sudha Cars Museum,Hyderabad,heritage,2024,January,Winter,"Bhogi, Sankranti",18348
Sudha Cars Museum,Hyderabad,heritage,2024,February,Winter,Maha Shivaratri,15860
Sudha Cars Museum,Hyderabad,heritage,2024,March,Summer,Holi,9212
Sudha Cars Museum,Hyderabad,heritage,2024,April,Summer,"Ugadi, Sri Rama Navami",10352
Sudha Cars Museum,Hyderabad,heritage,2024,May,Summer,Buddha Purnima,7742
Sudha Cars Museum,Hyderabad,heritage,2024,June,Monsoon,None,6139
Sudha Cars Museum,Hyderabad,heritage,2024,July,Monsoon,Bonalu,5789
Sudha Cars Museum,Hyderabad,heritage,2024,August,Monsoon,"Independence Day, Krishna Janmashtami",6825
Sudha Cars Museum,Hyderabad,heritage,2024,September,Monsoon,Vinayaka Chavithi,6777
Sudha Cars Museum,Hyderabad,heritage,2024,October,Post-Monsoon,"Bathukamma, Dussehra",14576
Sudha Cars Museum,Hyderabad,heritage,2024,November,Winter,Diwali,17725
Sudha Cars Museum,Hyderabad,heritage,2024,December,Winter,Christmas,18781
Sudha Cars Museum,Hyderabad,heritage,2025,January,Winter,"Bhogi, Sankranti",20887
Sudha Cars Museum,Hyderabad,heritage,2025,February,Winter,Maha Shivaratri,17949
Sudha Cars Museum,Hyderabad,heritage,2025,March,Summer,Holi,9867
Sudha Cars Museum,Hyderabad,heritage,2025,April,Summer,"Ugadi, Sri Rama Navami",10670
Sudha Cars Museum,Hyderabad,heritage,2025,May,Summer,Buddha Purnima,8602
Sudha Cars Museum,Hyderabad,heritage,2025,June,Monsoon,None,6807
Sudha Cars Museum,Hyderabad,heritage,2025,July,Monsoon,Bonalu,6188
Sudha Cars Museum,Hyderabad,heritage,2025,August,Monsoon,"Independence Day, Krishna Janmashtami",8001
Sudha Cars Museum,Hyderabad,heritage,2025,September,Monsoon,Vinayaka Chavithi,8251
Sudha Cars Museum,Hyderabad,heritage,2025,October,Post-Monsoon,"Bathukamma, Dussehra",17624
Sudha Cars Museum,Hyderabad,heritage,2025,November,Winter,Diwali,17879
Sudha Cars Museum,Hyderabad,heritage,2025,December,Winter,Christmas,20478
Taramati Baradari,Hyderabad,other,2024,January,Winter,"Bhogi, Sankranti",12973
Taramati Baradari,Hyderabad,other,2024,February,Winter,Maha Shivaratri,9914
Taramati Baradari,Hyderabad,other,2024,March,Summer,Holi,5638
Taramati Baradari,Hyderabad,other,2024,April,Summer,"Ugadi, Sri Rama Navami",5748
Taramati Baradari,Hyderabad,other,2024,May,Summer,Buddha Purnima,5421
Taramati Baradari,Hyderabad,other,2024,June,Monsoon,None,3381
Taramati Baradari,Hyderabad,other,2024,July,Monsoon,Bonalu,3777
Taramati Baradari,Hyderabad,other,2024,August,Monsoon,"Independence Day, Krishna Janmashtami",4577
Taramati Baradari,Hyderabad,other,2024,September,Monsoon,Vinayaka Chavithi,4661
Taramati Baradari,Hyderabad,other,2024,October,Post-Monsoon,"Bathukamma, Dussehra",9644
Taramati Baradari,Hyderabad,other,2024,November,Winter,Diwali,10793
Taramati Baradari,Hyderabad,other,2024,December,Winter,Christmas,12303
Taramati Baradari,Hyderabad,other,2025,January,Winter,"Bhogi, Sankranti",11977
Taramati Baradari,Hyderabad,other,2025,February,Winter,Maha Shivaratri,10674
Taramati Baradari,Hyderabad,other,2025,March,Summer,Holi,6341
Taramati Baradari,Hyderabad,other,2025,April,Summer,"Ugadi, Sri Rama Navami",7137
Taramati Baradari,Hyderabad,other,2025,May,Summer,Buddha Purnima,5908
Taramati Baradari,Hyderabad,other,2025,June,Monsoon,None,4122
Taramati Baradari,Hyderabad,other,2025,July,Monsoon,Bonalu,4403
Taramati Baradari,Hyderabad,other,2025,August,Monsoon,"Independence Day, Krishna Janmashtami",4552
Taramati Baradari,Hyderabad,other,2025,September,Monsoon,Vinayaka Chavithi,5404
Taramati Baradari,Hyderabad,other,2025,October,Post-Monsoon,"Bathukamma, Dussehra",10975
Taramati Baradari,Hyderabad,other,2025,November,Winter,Diwali,11952
Taramati Baradari,Hyderabad,other,2025,December,Winter,Christmas,13602
Telangana Martyrs Memorial,Hyderabad,heritage,2024,January,Winter,"Bhogi, Sankranti",16910
Telangana Martyrs Memorial,Hyderabad,heritage,2024,February,Winter,Maha Shivaratri,15772
Telangana Martyrs Memorial,Hyderabad,heritage,2024,March,Summer,Holi,9314
Telangana Martyrs Memorial,Hyderabad,heritage,2024,April,Summer,"Ugadi, Sri Rama Navami",10408
Telangana Martyrs Memorial,Hyderabad,heritage,2024,May,Summer,Buddha Purnima,7853
Telangana Martyrs Memorial,Hyderabad,heritage,2024,June,Monsoon,None,6133
Telangana Martyrs Memorial,Hyderabad,heritage,2024,July,Monsoon,Bonalu,6512
Telangana Martyrs Memorial,Hyderabad,heritage,2024,August,Monsoon,"Independence Day, Krishna Janmashtami",7338
Telangana Martyrs Memorial,Hyderabad,heritage,2024,September,Monsoon,Vinayaka Chavithi,7417
Telangana Martyrs Memorial,Hyderabad,heritage,2024,October,Post-Monsoon,"Bathukamma, Dussehra",14212
Telangana Martyrs Memorial,Hyderabad,heritage,2024,November,Winter,Diwali,16185
Telangana Martyrs Memorial,Hyderabad,heritage,2024,December,Winter,Christmas,19453
Telangana Martyrs Memorial,Hyderabad,heritage,2025,January,Winter,"Bhogi, Sankranti",20688
Telangana Martyrs Memorial,Hyderabad,heritage,2025,February,Winter,Maha Shivaratri,17458
Telangana Martyrs Memorial,Hyderabad,heritage,2025,March,Summer,Holi,10225
Telangana Martyrs Memorial,Hyderabad,heritage,2025,April,Summer,"Ugadi, Sri Rama Navami",9751
Telangana Martyrs Memorial,Hyderabad,heritage,2025,May,Summer,Buddha Purnima,8472
Telangana Martyrs Memorial,Hyderabad,heritage,2025,June,Monsoon,None,6992
Telangana Martyrs Memorial,Hyderabad,heritage,2025,July,Monsoon,Bonalu,6160
Telangana Martyrs Memorial,Hyderabad,heritage,2025,August,Monsoon,"Independence Day, Krishna Janmashtami",7731
Telangana Martyrs Memorial,Hyderabad,heritage,2025,September,Monsoon,Vinayaka Chavithi,8296
Telangana Martyrs Memorial,Hyderabad,heritage,2025,October,Post-Monsoon,"Bathukamma, Dussehra",15134
Telangana Martyrs Memorial,Hyderabad,heritage,2025,November,Winter,Diwali,18422
Telangana Martyrs Memorial,Hyderabad,heritage,2025,December,Winter,Christmas,20701
Tribal Museum,Hyderabad,heritage,2024,January,Winter,"Bhogi, Sankranti",18449
Tribal Museum,Hyderabad,heritage,2024,February,Winter,Maha Shivaratri,18520
Tribal Museum,Hyderabad,heritage,2024,March,Summer,Holi,8863
Tribal Museum,Hyderabad,heritage,2024,April,Summer,"Ugadi, Sri Rama Navami",10578
Tribal Museum,Hyderabad,heritage,2024,May,Summer,Buddha Purnima,8216
Tribal Museum,Hyderabad,heritage,2024,June,Monsoon,None,6138
Tribal Museum,Hyderabad,heritage,2024,July,Monsoon,Bonalu,6229
Tribal Museum,Hyderabad,heritage,2024,August,Monsoon,"Independence Day, Krishna Janmashtami",6831
Tribal Museum,Hyderabad,heritage,2024,September,Monsoon,Vinayaka Chavithi,7397
Tribal Museum,Hyderabad,heritage,2024,October,Post-Monsoon,"Bathukamma, Dussehra",13562
Tribal Museum,Hyderabad,heritage,2024,November,Winter,Diwali,17411
Tribal Museum,Hyderabad,heritage,2024,December,Winter,Christmas,18582
Tribal Museum,Hyderabad,heritage,2025,January,Winter,"Bhogi, Sankranti",20548
Tribal Museum,Hyderabad,heritage,2025,February,Winter,Maha Shivaratri,18418
Tribal Museum,Hyderabad,heritage,2025,March,Summer,Holi,10635
Tribal Museum,Hyderabad,heritage,2025,April,Summer,"Ugadi, Sri Rama Navami",10930
Tribal Museum,Hyderabad,heritage,2025,May,Summer,Buddha Purnima,8557
Tribal Museum,Hyderabad,heritage,2025,June,Monsoon,None,6155
Tribal Museum,Hyderabad,heritage,2025,July,Monsoon,Bonalu,6972
Tribal Museum,Hyderabad,heritage,2025,August,Monsoon,"Independence Day, Krishna Janmashtami",8209
Tribal Museum,Hyderabad,heritage,2025,September,Monsoon,Vinayaka Chavithi,7804
Tribal Museum,Hyderabad,heritage,2025,October,Post-Monsoon,"Bathukamma, Dussehra",16184
Tribal Museum,Hyderabad,heritage,2025,November,Winter,Diwali,17427
Tribal Museum,Hyderabad,heritage,2025,December,Winter,Christmas,20934
Yellamma Temple (Balkampet),Hyderabad,religious,2024,January,Winter,"Bhogi, Sankranti",24064
Yellamma Temple (Balkampet),Hyderabad,religious,2024,February,Winter,Maha Shivaratri,22445
Yellamma Temple (Balkampet),Hyderabad,religious,2024,March,Summer,Holi,11677
Yellamma Temple (Balkampet),Hyderabad,religious,2024,April,Summer,"Ugadi, Sri Rama Navami",12450
Yellamma Temple (Balkampet),Hyderabad,religious,2024,May,Summer,Buddha Purnima,10590
Yellamma Temple (Balkampet),Hyderabad,religious,2024,June,Monsoon,None,7706
Yellamma Temple (Balkampet),Hyderabad,religious,2024,July,Monsoon,Bonalu,7615
Yellamma Temple (Balkampet),Hyderabad,religious,2024,August,Monsoon,"Independence Day, Krishna Janmashtami",8566
Yellamma Temple (Balkampet),Hyderabad,religious,2024,September,Monsoon,Vinayaka Chavithi,9644
Yellamma Temple (Balkampet),Hyderabad,religious,2024,October,Post-Monsoon,"Bathukamma, Dussehra",19566
Yellamma Temple (Balkampet),Hyderabad,religious,2024,November,Winter,Diwali,20371
Yellamma Temple (Balkampet),Hyderabad,religious,2024,December,Winter,Christmas,24695
Yellamma Temple (Balkampet),Hyderabad,religious,2025,January,Winter,"Bhogi, Sankranti",26624
Yellamma Temple (Balkampet),Hyderabad,religious,2025,February,Winter,Maha Shivaratri,22244
Yellamma Temple (Balkampet),Hyderabad,religious,2025,March,Summer,Holi,13243
Yellamma Temple (Balkampet),Hyderabad,religious,2025,April,Summer,"Ugadi, Sri Rama Navami",14085
Yellamma Temple (Balkampet),Hyderabad,religious,2025,May,Summer,Buddha Purnima,10819
Yellamma Temple (Balkampet),Hyderabad,religious,2025,June,Monsoon,None,8074
Yellamma Temple (Balkampet),Hyderabad,religious,2025,July,Monsoon,Bonalu,7419
Yellamma Temple (Balkampet),Hyderabad,religious,2025,August,Monsoon,"Independence Day, Krishna Janmashtami",10098
Yellamma Temple (Balkampet),Hyderabad,religious,2025,September,Monsoon,Vinayaka Chavithi,9197
Yellamma Temple (Balkampet),Hyderabad,religious,2025,October,Post-Monsoon,"Bathukamma, Dussehra",21929
Yellamma Temple (Balkampet),Hyderabad,religious,2025,November,Winter,Diwali,22676
Yellamma Temple (Balkampet),Hyderabad,religious,2025,December,Winter,Christmas,24714
Purani Haveli,Hyderabad,other,2024,January,Winter,"Bhogi, Sankranti",11279
Purani Haveli,Hyderabad,other,2024,February,Winter,Maha Shivaratri,10082
Purani Haveli,Hyderabad,other,2024,March,Summer,Holi,6540
Purani Haveli,Hyderabad,other,2024,April,Summer,"Ugadi, Sri Rama Navami",5556
Purani Haveli,Hyderabad,other,2024,May,Summer,Buddha Purnima,5569
Purani Haveli,Hyderabad,other,2024,June,Monsoon,None,3795
Purani Haveli,Hyderabad,other,2024,July,Monsoon,Bonalu,3617
Purani Haveli,Hyderabad,other,2024,August,Monsoon,"Independence Day, Krishna Janmashtami",4238
Purani Haveli,Hyderabad,other,2024,September,Monsoon,Vinayaka Chavithi,5006
Purani Haveli,Hyderabad,other,2024,October,Post-Monsoon,"Bathukamma, Dussehra",8996
Purani Haveli,Hyderabad,other,2024,November,Winter,Diwali,10059
Purani Haveli,Hyderabad,other,2024,December,Winter,Christmas,12221
Purani Haveli,Hyderabad,other,2025,January,Winter,"Bhogi, Sankranti",12789
Purani Haveli,Hyderabad,other,2025,February,Winter,Maha Shivaratri,10530
Purani Haveli,Hyderabad,other,2025,March,Summer,Holi,6667
Purani Haveli,Hyderabad,other,2025,April,Summer,"Ugadi, Sri Rama Navami",6501
Purani Haveli,Hyderabad,other,2025,May,Summer,Buddha Purnima,5964
Purani Haveli,Hyderabad,other,2025,June,Monsoon,None,4245
Purani Haveli,Hyderabad,other,2025,July,Monsoon,Bonalu,4267
Purani Haveli,Hyderabad,other,2025,August,Monsoon,"Independence Day, Krishna Janmashtami",4924
Purani Haveli,Hyderabad,other,2025,September,Monsoon,Vinayaka Chavithi,5427
Purani Haveli,Hyderabad,other,2025,October,Post-Monsoon,"Bathukamma, Dussehra",10198
Purani Haveli,Hyderabad,other,2025,November,Winter,Diwali,10847
Purani Haveli,Hyderabad,other,2025,December,Winter,Christmas,12770
Dharmapuri Lakshmi Narasimha Swamy Temple,Jagtial,religious,2024,January,Winter,"Bhogi, Sankranti",20590
Dharmapuri Lakshmi Narasimha Swamy Temple,Jagtial,religious,2024,February,Winter,Maha Shivaratri,15548
Dharmapuri Lakshmi Narasimha Swamy Temple,Jagtial,religious,2024,March,Summer,Holi,9601
Dharmapuri Lakshmi Narasimha Swamy Temple,Jagtial,religious,2024,April,Summer,"Ugadi, Sri Rama Navami",10371
Dharmapuri Lakshmi Narasimha Swamy Temple,Jagtial,religious,2024,May,Summer,Buddha Purnima,8359
Dharmapuri Lakshmi Narasimha Swamy Temple,Jagtial,religious,2024,June,Monsoon,None,5682
Dharmapuri Lakshmi Narasimha Swamy Temple,Jagtial,religious,2024,July,Monsoon,Bonalu,6508
Dharmapuri Lakshmi Narasimha Swamy Temple,Jagtial,religious,2024,August,Monsoon,"Independence Day, Krishna Janmashtami",8003
Dharmapuri Lakshmi Narasimha Swamy Temple,Jagtial,religious,2024,September,Monsoon,Vinayaka Chavithi,7468
Dharmapuri Lakshmi Narasimha Swamy Temple,Jagtial,religious,2024,October,Post-Monsoon,"Bathukamma, Dussehra",14436
Dharmapuri Lakshmi Narasimha Swamy Temple,Jagtial,religious,2024,November,Winter,Diwali,15768
Dharmapuri Lakshmi Narasimha Swamy Temple,Jagtial,religious,2024,December,Winter,Christmas,18754
Dharmapuri Lakshmi Narasimha Swamy Temple,Jagtial,religious,2025,January,Winter,"Bhogi, Sankranti",21248
Dharmapuri Lakshmi Narasimha Swamy Temple,Jagtial,religious,2025,February,Winter,Maha Shivaratri,18110
Dharmapuri Lakshmi Narasimha Swamy Temple,Jagtial,religious,2025,March,Summer,Holi,10559
Dharmapuri Lakshmi Narasimha Swamy Temple,Jagtial,religious,2025,April,Summer,"Ugadi, Sri Rama Navami",10649
Dharmapuri Lakshmi Narasimha Swamy Temple,Jagtial,religious,2025,May,Summer,Buddha Purnima,8557
Dharmapuri Lakshmi Narasimha Swamy Temple,Jagtial,religious,2025,June,Monsoon,None,6723
Dharmapuri Lakshmi Narasimha Swamy Temple,Jagtial,religious,2025,July,Monsoon,Bonalu,6960
Dharmapuri Lakshmi Narasimha Swamy Temple,Jagtial,religious,2025,August,Monsoon,"Independence Day, Krishna Janmashtami",7146
Dharmapuri Lakshmi Narasimha Swamy Temple,Jagtial,religious,2025,September,Monsoon,Vinayaka Chavithi,8622
Dharmapuri Lakshmi Narasimha Swamy Temple,Jagtial,religious,2025,October,Post-Monsoon,"Bathukamma, Dussehra",16797
Dharmapuri Lakshmi Narasimha Swamy Temple,Jagtial,religious,2025,November,Winter,Diwali,19750
Dharmapuri Lakshmi Narasimha Swamy Temple,Jagtial,religious,2025,December,Winter,Christmas,18655
Jagtial Fort,Jagtial,heritage,2024,January,Winter,"Bhogi, Sankranti",13753
Jagtial Fort,Jagtial,heritage,2024,February,Winter,Maha Shivaratri,12870
Jagtial Fort,Jagtial,heritage,2024,March,Summer,Holi,7936
Jagtial Fort,Jagtial,heritage,2024,April,Summer,"Ugadi, Sri Rama Navami",8765
Jagtial Fort,Jagtial,heritage,2024,May,Summer,Buddha Purnima,6869
Jagtial Fort,Jagtial,heritage,2024,June,Monsoon,None,4674
Jagtial Fort,Jagtial,heritage,2024,July,Monsoon,Bonalu,4628
Jagtial Fort,Jagtial,heritage,2024,August,Monsoon,"Independence Day, Krishna Janmashtami",6026
Jagtial Fort,Jagtial,heritage,2024,September,Monsoon,Vinayaka Chavithi,5572
Jagtial Fort,Jagtial,heritage,2024,October,Post-Monsoon,"Bathukamma, Dussehra",12944
Jagtial Fort,Jagtial,heritage,2024,November,Winter,Diwali,13338
Jagtial Fort,Jagtial,heritage,2024,December,Winter,Christmas,15824
Jagtial Fort,Jagtial,heritage,2025,January,Winter,"Bhogi, Sankranti",16483
Jagtial Fort,Jagtial,heritage,2025,February,Winter,Maha Shivaratri,13908
Jagtial Fort,Jagtial,heritage,2025,March,Summer,Holi,8143
Jagtial Fort,Jagtial,heritage,2025,April,Summer,"Ugadi, Sri Rama Navami",8538
Jagtial Fort,Jagtial,heritage,2025,May,Summer,Buddha Purnima,7319
Jagtial Fort,Jagtial,heritage,2025,June,Monsoon,None,5129
Jagtial Fort,Jagtial,heritage,2025,July,Monsoon,Bonalu,5113
Jagtial Fort,Jagtial,heritage,2025,August,Monsoon,"Independence Day, Krishna Janmashtami",6081
Jagtial Fort,Jagtial,heritage,2025,September,Monsoon,Vinayaka Chavithi,6348
Jagtial Fort,Jagtial,heritage,2025,October,Post-Monsoon,"Bathukamma, Dussehra",11551
Jagtial Fort,Jagtial,heritage,2025,November,Winter,Diwali,14948
Jagtial Fort,Jagtial,heritage,2025,December,Winter,Christmas,15055
Kondagattu Anjaneya Swamy Temple,Jagtial,religious,2024,January,Winter,"Bhogi, Sankranti",17570
Kondagattu Anjaneya Swamy Temple,Jagtial,religious,2024,February,Winter,Maha Shivaratri,14997
Kondagattu Anjaneya Swamy Temple,Jagtial,religious,2024,March,Summer,Holi,8901
Kondagattu Anjaneya Swamy Temple,Jagtial,religious,2024,April,Summer,"Ugadi, Sri Rama Navami",9471
Kondagattu Anjaneya Swamy Temple,Jagtial,religious,2024,May,Summer,Buddha Purnima,8084
Kondagattu Anjaneya Swamy Temple,Jagtial,religious,2024,June,Monsoon,None,6560
Kondagattu Anjaneya Swamy Temple,Jagtial,religious,2024,July,Monsoon,Bonalu,6001
Kondagattu Anjaneya Swamy Temple,Jagtial,religious,2024,August,Monsoon,"Independence Day, Krishna Janmashtami",7235
Kondagattu Anjaneya Swamy Temple,Jagtial,religious,2024,September,Monsoon,Vinayaka Chavithi,7543
Kondagattu Anjaneya Swamy Temple,Jagtial,religious,2024,October,Post-Monsoon,"Bathukamma, Dussehra",15218
Kondagattu Anjaneya Swamy Temple,Jagtial,religious,2024,November,Winter,Diwali,17025
Kondagattu Anjaneya Swamy Temple,Jagtial,religious,2024,December,Winter,Christmas,17409
Kondagattu Anjaneya Swamy Temple,Jagtial,religious,2025,January,Winter,"Bhogi, Sankranti",21597
Kondagattu Anjaneya Swamy Temple,Jagtial,religious,2025,February,Winter,Maha Shivaratri,19288
Kondagattu Anjaneya Swamy Temple,Jagtial,religious,2025,March,Summer,Holi,9672
Kondagattu Anjaneya Swamy Temple,Jagtial,religious,2025,April,Summer,"Ugadi, Sri Rama Navami",10410
Kondagattu Anjaneya Swamy Temple,Jagtial,religious,2025,May,Summer,Buddha Purnima,8925
Kondagattu Anjaneya Swamy Temple,Jagtial,religious,2025,June,Monsoon,None,6143
Kondagattu Anjaneya Swamy Temple,Jagtial,religious,2025,July,Monsoon,Bonalu,6824
Kondagattu Anjaneya Swamy Temple,Jagtial,religious,2025,August,Monsoon,"Independence Day, Krishna Janmashtami",7463
Kondagattu Anjaneya Swamy Temple,Jagtial,religious,2025,September,Monsoon,Vinayaka Chavithi,8851
Kondagattu Anjaneya Swamy Temple,Jagtial,religious,2025,October,Post-Monsoon,"Bathukamma, Dussehra",17301
Kondagattu Anjaneya Swamy Temple,Jagtial,religious,2025,November,Winter,Diwali,18655
Kondagattu Anjaneya Swamy Temple,Jagtial,religious,2025,December,Winter,Christmas,21024
Ramalingeshwara Temple,Jagtial,religious,2024,January,Winter,"Bhogi, Sankranti",19676
Ramalingeshwara Temple,Jagtial,religious,2024,February,Winter,Maha Shivaratri,15917
Ramalingeshwara Temple,Jagtial,religious,2024,March,Summer,Holi,9379
Ramalingeshwara Temple,Jagtial,religious,2024,April,Summer,"Ugadi, Sri Rama Navami",10199
Ramalingeshwara Temple,Jagtial,religious,2024,May,Summer,Buddha Purnima,8742
Ramalingeshwara Temple,Jagtial,religious,2024,June,Monsoon,None,6018
Ramalingeshwara Temple,Jagtial,religious,2024,July,Monsoon,Bonalu,5677
Ramalingeshwara Temple,Jagtial,religious,2024,August,Monsoon,"Independence Day, Krishna Janmashtami",6883
Ramalingeshwara Temple,Jagtial,religious,2024,September,Monsoon,Vinayaka Chavithi,7368
Ramalingeshwara Temple,Jagtial,religious,2024,October,Post-Monsoon,"Bathukamma, Dussehra",15062
Ramalingeshwara Temple,Jagtial,religious,2024,November,Winter,Diwali,18777
Ramalingeshwara Temple,Jagtial,religious,2024,December,Winter,Christmas,17232
Ramalingeshwara Temple,Jagtial,religious,2025,January,Winter,"Bhogi, Sankranti",20646
Ramalingeshwara Temple,Jagtial,religious,2025,February,Winter,Maha Shivaratri,19007
Ramalingeshwara Temple,Jagtial,religious,2025,March,Summer,Holi,11760
Ramalingeshwara Temple,Jagtial,religious,2025,April,Summer,"Ugadi, Sri Rama Navami",10750
Ramalingeshwara Temple,Jagtial,religious,2025,May,Summer,Buddha Purnima,9274
Ramalingeshwara Temple,Jagtial,religious,2025,June,Monsoon,None,6638
Ramalingeshwara Temple,Jagtial,religious,2025,July,Monsoon,Bonalu,6721
Ramalingeshwara Temple,Jagtial,religious,2025,August,Monsoon,"Independence Day, Krishna Janmashtami",7707
Ramalingeshwara Temple,Jagtial,religious,2025,September,Monsoon,Vinayaka Chavithi,8161
Ramalingeshwara Temple,Jagtial,religious,2025,October,Post-Monsoon,"Bathukamma, Dussehra",14261
Ramalingeshwara Temple,Jagtial,religious,2025,November,Winter,Diwali,19088
Ramalingeshwara Temple,Jagtial,religious,2025,December,Winter,Christmas,20123
Kotilingala,Jagtial,other,2024,January,Winter,"Bhogi, Sankranti",9219
Kotilingala,Jagtial,other,2024,February,Winter,Maha Shivaratri,9028
Kotilingala,Jagtial,other,2024,March,Summer,Holi,4724
Kotilingala,Jagtial,other,2024,April,Summer,"Ugadi, Sri Rama Navami",4977
Kotilingala,Jagtial,other,2024,May,Summer,Buddha Purnima,4608
Kotilingala,Jagtial,other,2024,June,Monsoon,None,2864
Kotilingala,Jagtial,other,2024,July,Monsoon,Bonalu,2997
Kotilingala,Jagtial,other,2024,August,Monsoon,"Independence Day, Krishna Janmashtami",3559
Kotilingala,Jagtial,other,2024,September,Monsoon,Vinayaka Chavithi,3853
Kotilingala,Jagtial,other,2024,October,Post-Monsoon,"Bathukamma, Dussehra",7638
Kotilingala,Jagtial,other,2024,November,Winter,Diwali,7993
Kotilingala,Jagtial,other,2024,December,Winter,Christmas,9011
Kotilingala,Jagtial,other,2025,January,Winter,"Bhogi, Sankranti",9763
Kotilingala,Jagtial,other,2025,February,Winter,Maha Shivaratri,8811
Kotilingala,Jagtial,other,2025,March,Summer,Holi,5393
Kotilingala,Jagtial,other,2025,April,Summer,"Ugadi, Sri Rama Navami",5601
Kotilingala,Jagtial,other,2025,May,Summer,Buddha Purnima,4124
Kotilingala,Jagtial,other,2025,June,Monsoon,None,3399
Kotilingala,Jagtial,other,2025,July,Monsoon,Bonalu,3370
Kotilingala,Jagtial,other,2025,August,Monsoon,"Independence Day, Krishna Janmashtami",4140
Kotilingala,Jagtial,other,2025,September,Monsoon,Vinayaka Chavithi,4082
Kotilingala,Jagtial,other,2025,October,Post-Monsoon,"Bathukamma, Dussehra",8614
Kotilingala,Jagtial,other,2025,November,Winter,Diwali,9445
Kotilingala,Jagtial,other,2025,December,Winter,Christmas,10671
Arya VYyasha  Satram,Jangaon,leisure,2024,January,Winter,"Bhogi, Sankranti",11071
Arya VYyasha  Satram,Jangaon,leisure,2024,February,Winter,Maha Shivaratri,9431
Arya VYyasha  Satram,Jangaon,leisure,2024,March,Summer,Holi,6301
Arya VYyasha  Satram,Jangaon,leisure,2024,April,Summer,"Ugadi, Sri Rama Navami",6140
Arya VYyasha  Satram,Jangaon,leisure,2024,May,Summer,Buddha Purnima,4989
Arya VYyasha  Satram,Jangaon,leisure,2024,June,Monsoon,None,3237
Arya VYyasha  Satram,Jangaon,leisure,2024,July,Monsoon,Bonalu,3336
Arya VYyasha  Satram,Jangaon,leisure,2024,August,Monsoon,"Independence Day, Krishna Janmashtami",4210
Arya VYyasha  Satram,Jangaon,leisure,2024,September,Monsoon,Vinayaka Chavithi,4310
Arya VYyasha  Satram,Jangaon,leisure,2024,October,Post-Monsoon,"Bathukamma, Dussehra",8480
Arya VYyasha  Satram,Jangaon,leisure,2024,November,Winter,Diwali,9959
Arya VYyasha  Satram,Jangaon,leisure,2024,December,Winter,Christmas,11565
Arya VYyasha  Satram,Jangaon,leisure,2025,January,Winter,"Bhogi, Sankranti",12057
Arya VYyasha  Satram,Jangaon,leisure,2025,February,Winter,Maha Shivaratri,9652
Arya VYyasha  Satram,Jangaon,leisure,2025,March,Summer,Holi,6077
Arya VYyasha  Satram,Jangaon,leisure,2025,April,Summer,"Ugadi, Sri Rama Navami",6093
Arya VYyasha  Satram,Jangaon,leisure,2025,May,Summer,Buddha Purnima,5136
Arya VYyasha  Satram,Jangaon,leisure,2025,June,Monsoon,None,3657
Arya VYyasha  Satram,Jangaon,leisure,2025,July,Monsoon,Bonalu,3759
Arya VYyasha  Satram,Jangaon,leisure,2025,August,Monsoon,"Independence Day, Krishna Janmashtami",4200
Arya VYyasha  Satram,Jangaon,leisure,2025,September,Monsoon,Vinayaka Chavithi,4592
Arya VYyasha  Satram,Jangaon,leisure,2025,October,Post-Monsoon,"Bathukamma, Dussehra",9184
Arya VYyasha  Satram,Jangaon,leisure,2025,November,Winter,Diwali,9116
Arya VYyasha  Satram,Jangaon,leisure,2025,December,Winter,Christmas,12759
Pembarthi Metal Crafts Village,Jangaon,heritage,2024,January,Winter,"Bhogi, Sankranti",15439
Pembarthi Metal Crafts Village,Jangaon,heritage,2024,February,Winter,Maha Shivaratri,12621
Pembarthi Metal Crafts Village,Jangaon,heritage,2024,March,Summer,Holi,7686
Pembarthi Metal Crafts Village,Jangaon,heritage,2024,April,Summer,"Ugadi, Sri Rama Navami",7511
Pembarthi Metal Crafts Village,Jangaon,heritage,2024,May,Summer,Buddha Purnima,7140
Pembarthi Metal Crafts Village,Jangaon,heritage,2024,June,Monsoon,None,5138
Pembarthi Metal Crafts Village,Jangaon,heritage,2024,July,Monsoon,Bonalu,4878
Pembarthi Metal Crafts Village,Jangaon,heritage,2024,August,Monsoon,"Independence Day, Krishna Janmashtami",5920
Pembarthi Metal Crafts Village,Jangaon,heritage,2024,September,Monsoon,Vinayaka Chavithi,5858
Pembarthi Metal Crafts Village,Jangaon,heritage,2024,October,Post-Monsoon,"Bathukamma, Dussehra",11080
Pembarthi Metal Crafts Village,Jangaon,heritage,2024,November,Winter,Diwali,13145
Pembarthi Metal Crafts Village,Jangaon,heritage,2024,December,Winter,Christmas,14636
Pembarthi Metal Crafts Village,Jangaon,heritage,2025,January,Winter,"Bhogi, Sankranti",15454
Pembarthi Metal Crafts Village,Jangaon,heritage,2025,February,Winter,Maha Shivaratri,13740
Pembarthi Metal Crafts Village,Jangaon,heritage,2025,March,Summer,Holi,8255
Pembarthi Metal Crafts Village,Jangaon,heritage,2025,April,Summer,"Ugadi, Sri Rama Navami",8581
Pembarthi Metal Crafts Village,Jangaon,heritage,2025,May,Summer,Buddha Purnima,7127
Pembarthi Metal Crafts Village,Jangaon,heritage,2025,June,Monsoon,None,4800
Pembarthi Metal Crafts Village,Jangaon,heritage,2025,July,Monsoon,Bonalu,5039
Pembarthi Metal Crafts Village,Jangaon,heritage,2025,August,Monsoon,"Independence Day, Krishna Janmashtami",5691
Pembarthi Metal Crafts Village,Jangaon,heritage,2025,September,Monsoon,Vinayaka Chavithi,6579
Pembarthi Metal Crafts Village,Jangaon,heritage,2025,October,Post-Monsoon,"Bathukamma, Dussehra",11473
Pembarthi Metal Crafts Village,Jangaon,heritage,2025,November,Winter,Diwali,15332
Pembarthi Metal Crafts Village,Jangaon,heritage,2025,December,Winter,Christmas,16792
Khilla Ghanpur (Ghanpur Fort),Jangaon,heritage,2024,January,Winter,"Bhogi, Sankranti",14421
Khilla Ghanpur (Ghanpur Fort),Jangaon,heritage,2024,February,Winter,Maha Shivaratri,11188
Khilla Ghanpur (Ghanpur Fort),Jangaon,heritage,2024,March,Summer,Holi,7540
Khilla Ghanpur (Ghanpur Fort),Jangaon,heritage,2024,April,Summer,"Ugadi, Sri Rama Navami",7952
Khilla Ghanpur (Ghanpur Fort),Jangaon,heritage,2024,May,Summer,Buddha Purnima,6249
Khilla Ghanpur (Ghanpur Fort),Jangaon,heritage,2024,June,Monsoon,None,4572
Khilla Ghanpur (Ghanpur Fort),Jangaon,heritage,2024,July,Monsoon,Bonalu,5210
Khilla Ghanpur (Ghanpur Fort),Jangaon,heritage,2024,August,Monsoon,"Independence Day, Krishna Janmashtami",5819
Khilla Ghanpur (Ghanpur Fort),Jangaon,heritage,2024,September,Monsoon,Vinayaka Chavithi,5539
Khilla Ghanpur (Ghanpur Fort),Jangaon,heritage,2024,October,Post-Monsoon,"Bathukamma, Dussehra",10925
Khilla Ghanpur (Ghanpur Fort),Jangaon,heritage,2024,November,Winter,Diwali,13202
Khilla Ghanpur (Ghanpur Fort),Jangaon,heritage,2024,December,Winter,Christmas,14385
Khilla Ghanpur (Ghanpur Fort),Jangaon,heritage,2025,January,Winter,"Bhogi, Sankranti",16206
Khilla Ghanpur (Ghanpur Fort),Jangaon,heritage,2025,February,Winter,Maha Shivaratri,13520
Khilla Ghanpur (Ghanpur Fort),Jangaon,heritage,2025,March,Summer,Holi,8505
Khilla Ghanpur (Ghanpur Fort),Jangaon,heritage,2025,April,Summer,"Ugadi, Sri Rama Navami",9450
Khilla Ghanpur (Ghanpur Fort),Jangaon,heritage,2025,May,Summer,Buddha Purnima,7398
Khilla Ghanpur (Ghanpur Fort),Jangaon,heritage,2025,June,Monsoon,None,5056
Khilla Ghanpur (Ghanpur Fort),Jangaon,heritage,2025,July,Monsoon,Bonalu,5179
Khilla Ghanpur (Ghanpur Fort),Jangaon,heritage,2025,August,Monsoon,"Independence Day, Krishna Janmashtami",5974
Khilla Ghanpur (Ghanpur Fort),Jangaon,heritage,2025,September,Monsoon,Vinayaka Chavithi,6642
Khilla Ghanpur (Ghanpur Fort),Jangaon,heritage,2025,October,Post-Monsoon,"Bathukamma, Dussehra",12421
Khilla Ghanpur (Ghanpur Fort),Jangaon,heritage,2025,November,Winter,Diwali,14528
Khilla Ghanpur (Ghanpur Fort),Jangaon,heritage,2025,December,Winter,Christmas,15744
Kaleshwaram Temple,Jayashankar Bhupalpally,religious,2024,January,Winter,"Bhogi, Sankranti",17958
Kaleshwaram Temple,Jayashankar Bhupalpally,religious,2024,February,Winter,Maha Shivaratri,15071
Kaleshwaram Temple,Jayashankar Bhupalpally,religious,2024,March,Summer,Holi,9816
Kaleshwaram Temple,Jayashankar Bhupalpally,religious,2024,April,Summer,"Ugadi, Sri Rama Navami",10006
Kaleshwaram Temple,Jayashankar Bhupalpally,religious,2024,May,Summer,Buddha Purnima,8487
Kaleshwaram Temple,Jayashankar Bhupalpally,religious,2024,June,Monsoon,None,5746
Kaleshwaram Temple,Jayashankar Bhupalpally,religious,2024,July,Monsoon,Bonalu,6460
Kaleshwaram Temple,Jayashankar Bhupalpally,religious,2024,August,Monsoon,"Independence Day, Krishna Janmashtami",6774
Kaleshwaram Temple,Jayashankar Bhupalpally,religious,2024,September,Monsoon,Vinayaka Chavithi,7932
Kaleshwaram Temple,Jayashankar Bhupalpally,religious,2024,October,Post-Monsoon,"Bathukamma, Dussehra",13632
Kaleshwaram Temple,Jayashankar Bhupalpally,religious,2024,November,Winter,Diwali,17252
Kaleshwaram Temple,Jayashankar Bhupalpally,religious,2024,December,Winter,Christmas,18727
Kaleshwaram Temple,Jayashankar Bhupalpally,religious,2025,January,Winter,"Bhogi, Sankranti",19103
Kaleshwaram Temple,Jayashankar Bhupalpally,religious,2025,February,Winter,Maha Shivaratri,17847
Kaleshwaram Temple,Jayashankar Bhupalpally,religious,2025,March,Summer,Holi,11101
Kaleshwaram Temple,Jayashankar Bhupalpally,religious,2025,April,Summer,"Ugadi, Sri Rama Navami",9638
Kaleshwaram Temple,Jayashankar Bhupalpally,religious,2025,May,Summer,Buddha Purnima,9167
Kaleshwaram Temple,Jayashankar Bhupalpally,religious,2025,June,Monsoon,None,5581
Kaleshwaram Temple,Jayashankar Bhupalpally,religious,2025,July,Monsoon,Bonalu,6258
Kaleshwaram Temple,Jayashankar Bhupalpally,religious,2025,August,Monsoon,"Independence Day, Krishna Janmashtami",8275
Kaleshwaram Temple,Jayashankar Bhupalpally,religious,2025,September,Monsoon,Vinayaka Chavithi,7661
Kaleshwaram Temple,Jayashankar Bhupalpally,religious,2025,October,Post-Monsoon,"Bathukamma, Dussehra",15185
Kaleshwaram Temple,Jayashankar Bhupalpally,religious,2025,November,Winter,Diwali,18056
Kaleshwaram Temple,Jayashankar Bhupalpally,religious,2025,December,Winter,Christmas,21798
Ramappa Lake,Mulugu,nature,2024,January,Winter,"Bhogi, Sankranti",11564
Ramappa Lake,Mulugu,nature,2024,February,Winter,Maha Shivaratri,10595
Ramappa Lake,Mulugu,nature,2024,March,Summer,Holi,7176
Ramappa Lake,Mulugu,nature,2024,April,Summer,"Ugadi, Sri Rama Navami",7580
Ramappa Lake,Mulugu,nature,2024,May,Summer,Buddha Purnima,5693
Ramappa Lake,Mulugu,nature,2024,June,Monsoon,None,3827
Ramappa Lake,Mulugu,nature,2024,July,Monsoon,Bonalu,4648
Ramappa Lake,Mulugu,nature,2024,August,Monsoon,"Independence Day, Krishna Janmashtami",5286
Ramappa Lake,Mulugu,nature,2024,September,Monsoon,Vinayaka Chavithi,5220
Ramappa Lake,Mulugu,nature,2024,October,Post-Monsoon,"Bathukamma, Dussehra",9903
Ramappa Lake,Mulugu,nature,2024,November,Winter,Diwali,11640
Ramappa Lake,Mulugu,nature,2024,December,Winter,Christmas,12540
Ramappa Lake,Mulugu,nature,2025,January,Winter,"Bhogi, Sankranti",13975
Ramappa Lake,Mulugu,nature,2025,February,Winter,Maha Shivaratri,12953
Ramappa Lake,Mulugu,nature,2025,March,Summer,Holi,7527
Ramappa Lake,Mulugu,nature,2025,April,Summer,"Ugadi, Sri Rama Navami",7087
Ramappa Lake,Mulugu,nature,2025,May,Summer,Buddha Purnima,6605
Ramappa Lake,Mulugu,nature,2025,June,Monsoon,None,4475
Ramappa Lake,Mulugu,nature,2025,July,Monsoon,Bonalu,4700
Ramappa Lake,Mulugu,nature,2025,August,Monsoon,"Independence Day, Krishna Janmashtami",5675
Ramappa Lake,Mulugu,nature,2025,September,Monsoon,Vinayaka Chavithi,5150
Ramappa Lake,Mulugu,nature,2025,October,Post-Monsoon,"Bathukamma, Dussehra",11128
Ramappa Lake,Mulugu,nature,2025,November,Winter,Diwali,12267
Ramappa Lake,Mulugu,nature,2025,December,Winter,Christmas,12582
Alampur Jogulamba Temple,Jogulamba Gadwal,religious,2024,January,Winter,"Bhogi, Sankranti",18968
Alampur Jogulamba Temple,Jogulamba Gadwal,religious,2024,February,Winter,Maha Shivaratri,18436
Alampur Jogulamba Temple,Jogulamba Gadwal,religious,2024,March,Summer,Holi,8879
Alampur Jogulamba Temple,Jogulamba Gadwal,religious,2024,April,Summer,"Ugadi, Sri Rama Navami",10143
Alampur Jogulamba Temple,Jogulamba Gadwal,religious,2024,May,Summer,Buddha Purnima,8650
Alampur Jogulamba Temple,Jogulamba Gadwal,religious,2024,June,Monsoon,None,6013
Alampur Jogulamba Temple,Jogulamba Gadwal,religious,2024,July,Monsoon,Bonalu,6128
Alampur Jogulamba Temple,Jogulamba Gadwal,religious,2024,August,Monsoon,"Independence Day, Krishna Janmashtami",6705
Alampur Jogulamba Temple,Jogulamba Gadwal,religious,2024,September,Monsoon,Vinayaka Chavithi,7481
Alampur Jogulamba Temple,Jogulamba Gadwal,religious,2024,October,Post-Monsoon,"Bathukamma, Dussehra",14547
Alampur Jogulamba Temple,Jogulamba Gadwal,religious,2024,November,Winter,Diwali,15220
Alampur Jogulamba Temple,Jogulamba Gadwal,religious,2024,December,Winter,Christmas,19621
Alampur Jogulamba Temple,Jogulamba Gadwal,religious,2025,January,Winter,"Bhogi, Sankranti",21102
Alampur Jogulamba Temple,Jogulamba Gadwal,religious,2025,February,Winter,Maha Shivaratri,17735
Alampur Jogulamba Temple,Jogulamba Gadwal,religious,2025,March,Summer,Holi,10681
Alampur Jogulamba Temple,Jogulamba Gadwal,religious,2025,April,Summer,"Ugadi, Sri Rama Navami",11561
Alampur Jogulamba Temple,Jogulamba Gadwal,religious,2025,May,Summer,Buddha Purnima,9153
Alampur Jogulamba Temple,Jogulamba Gadwal,religious,2025,June,Monsoon,None,6746
Alampur Jogulamba Temple,Jogulamba Gadwal,religious,2025,July,Monsoon,Bonalu,6557
Alampur Jogulamba Temple,Jogulamba Gadwal,religious,2025,August,Monsoon,"Independence Day, Krishna Janmashtami",8253
Alampur Jogulamba Temple,Jogulamba Gadwal,religious,2025,September,Monsoon,Vinayaka Chavithi,8115
Alampur Jogulamba Temple,Jogulamba Gadwal,religious,2025,October,Post-Monsoon,"Bathukamma, Dussehra",16487
Alampur Jogulamba Temple,Jogulamba Gadwal,religious,2025,November,Winter,Diwali,17286
Alampur Jogulamba Temple,Jogulamba Gadwal,religious,2025,December,Winter,Christmas,20284
Gadwal Fort,Jogulamba Gadwal,heritage,2024,January,Winter,"Bhogi, Sankranti",14147
Gadwal Fort,Jogulamba Gadwal,heritage,2024,February,Winter,Maha Shivaratri,12553
Gadwal Fort,Jogulamba Gadwal,heritage,2024,March,Summer,Holi,7425
Gadwal Fort,Jogulamba Gadwal,heritage,2024,April,Summer,"Ugadi, Sri Rama Navami",7614
Gadwal Fort,Jogulamba Gadwal,heritage,2024,May,Summer,Buddha Purnima,7340
Gadwal Fort,Jogulamba Gadwal,heritage,2024,June,Monsoon,None,5046
Gadwal Fort,Jogulamba Gadwal,heritage,2024,July,Monsoon,Bonalu,5347
Gadwal Fort,Jogulamba Gadwal,heritage,2024,August,Monsoon,"Independence Day, Krishna Janmashtami",5330
Gadwal Fort,Jogulamba Gadwal,heritage,2024,September,Monsoon,Vinayaka Chavithi,5875
Gadwal Fort,Jogulamba Gadwal,heritage,2024,October,Post-Monsoon,"Bathukamma, Dussehra",11195
Gadwal Fort,Jogulamba Gadwal,heritage,2024,November,Winter,Diwali,13060
Gadwal Fort,Jogulamba Gadwal,heritage,2024,December,Winter,Christmas,13985
Gadwal Fort,Jogulamba Gadwal,heritage,2025,January,Winter,"Bhogi, Sankranti",16930
Gadwal Fort,Jogulamba Gadwal,heritage,2025,February,Winter,Maha Shivaratri,13727
Gadwal Fort,Jogulamba Gadwal,heritage,2025,March,Summer,Holi,8807
Gadwal Fort,Jogulamba Gadwal,heritage,2025,April,Summer,"Ugadi, Sri Rama Navami",8948
Gadwal Fort,Jogulamba Gadwal,heritage,2025,May,Summer,Buddha Purnima,7991
Gadwal Fort,Jogulamba Gadwal,heritage,2025,June,Monsoon,None,4731
Gadwal Fort,Jogulamba Gadwal,heritage,2025,July,Monsoon,Bonalu,5601
Gadwal Fort,Jogulamba Gadwal,heritage,2025,August,Monsoon,"Independence Day, Krishna Janmashtami",6483
Gadwal Fort,Jogulamba Gadwal,heritage,2025,September,Monsoon,Vinayaka Chavithi,6015
Gadwal Fort,Jogulamba Gadwal,heritage,2025,October,Post-Monsoon,"Bathukamma, Dussehra",13578
Gadwal Fort,Jogulamba Gadwal,heritage,2025,November,Winter,Diwali,14859
Gadwal Fort,Jogulamba Gadwal,heritage,2025,December,Winter,Christmas,15651
Guddemdoddi Balancing Reservoir Dam(not a major tourism spot),Jogulamba Gadwal,nature,2024,January,Winter,"Bhogi, Sankranti",11918
Guddemdoddi Balancing Reservoir Dam(not a major tourism spot),Jogulamba Gadwal,nature,2024,February,Winter,Maha Shivaratri,10527
Guddemdoddi Balancing Reservoir Dam(not a major tourism spot),Jogulamba Gadwal,nature,2024,March,Summer,Holi,7187
Guddemdoddi Balancing Reservoir Dam(not a major tourism spot),Jogulamba Gadwal,nature,2024,April,Summer,"Ugadi, Sri Rama Navami",6773
Guddemdoddi Balancing Reservoir Dam(not a major tourism spot),Jogulamba Gadwal,nature,2024,May,Summer,Buddha Purnima,5806
Guddemdoddi Balancing Reservoir Dam(not a major tourism spot),Jogulamba Gadwal,nature,2024,June,Monsoon,None,3826
Guddemdoddi Balancing Reservoir Dam(not a major tourism spot),Jogulamba Gadwal,nature,2024,July,Monsoon,Bonalu,3948
Guddemdoddi Balancing Reservoir Dam(not a major tourism spot),Jogulamba Gadwal,nature,2024,August,Monsoon,"Independence Day, Krishna Janmashtami",5039
Guddemdoddi Balancing Reservoir Dam(not a major tourism spot),Jogulamba Gadwal,nature,2024,September,Monsoon,Vinayaka Chavithi,4597
Guddemdoddi Balancing Reservoir Dam(not a major tourism spot),Jogulamba Gadwal,nature,2024,October,Post-Monsoon,"Bathukamma, Dussehra",9870
Guddemdoddi Balancing Reservoir Dam(not a major tourism spot),Jogulamba Gadwal,nature,2024,November,Winter,Diwali,11414
Guddemdoddi Balancing Reservoir Dam(not a major tourism spot),Jogulamba Gadwal,nature,2024,December,Winter,Christmas,12412
Guddemdoddi Balancing Reservoir Dam(not a major tourism spot),Jogulamba Gadwal,nature,2025,January,Winter,"Bhogi, Sankranti",13304
Guddemdoddi Balancing Reservoir Dam(not a major tourism spot),Jogulamba Gadwal,nature,2025,February,Winter,Maha Shivaratri,12026
Guddemdoddi Balancing Reservoir Dam(not a major tourism spot),Jogulamba Gadwal,nature,2025,March,Summer,Holi,7284
Guddemdoddi Balancing Reservoir Dam(not a major tourism spot),Jogulamba Gadwal,nature,2025,April,Summer,"Ugadi, Sri Rama Navami",7583
Guddemdoddi Balancing Reservoir Dam(not a major tourism spot),Jogulamba Gadwal,nature,2025,May,Summer,Buddha Purnima,5737
Guddemdoddi Balancing Reservoir Dam(not a major tourism spot),Jogulamba Gadwal,nature,2025,June,Monsoon,None,4242
Guddemdoddi Balancing Reservoir Dam(not a major tourism spot),Jogulamba Gadwal,nature,2025,July,Monsoon,Bonalu,4702
Guddemdoddi Balancing Reservoir Dam(not a major tourism spot),Jogulamba Gadwal,nature,2025,August,Monsoon,"Independence Day, Krishna Janmashtami",5394
Guddemdoddi Balancing Reservoir Dam(not a major tourism spot),Jogulamba Gadwal,nature,2025,September,Monsoon,Vinayaka Chavithi,4959
Guddemdoddi Balancing Reservoir Dam(not a major tourism spot),Jogulamba Gadwal,nature,2025,October,Post-Monsoon,"Bathukamma, Dussehra",11077
Guddemdoddi Balancing Reservoir Dam(not a major tourism spot),Jogulamba Gadwal,nature,2025,November,Winter,Diwali,11089
Guddemdoddi Balancing Reservoir Dam(not a major tourism spot),Jogulamba Gadwal,nature,2025,December,Winter,Christmas,13362
Priyadarshini Jurala Dam,Jogulamba Gadwal,nature,2024,January,Winter,"Bhogi, Sankranti",13609
Priyadarshini Jurala Dam,Jogulamba Gadwal,nature,2024,February,Winter,Maha Shivaratri,10402
Priyadarshini Jurala Dam,Jogulamba Gadwal,nature,2024,March,Summer,Holi,6247
Priyadarshini Jurala Dam,Jogulamba Gadwal,nature,2024,April,Summer,"Ugadi, Sri Rama Navami",7031
Priyadarshini Jurala Dam,Jogulamba Gadwal,nature,2024,May,Summer,Buddha Purnima,5156
Priyadarshini Jurala Dam,Jogulamba Gadwal,nature,2024,June,Monsoon,None,3858
Priyadarshini Jurala Dam,Jogulamba Gadwal,nature,2024,July,Monsoon,Bonalu,4231
Priyadarshini Jurala Dam,Jogulamba Gadwal,nature,2024,August,Monsoon,"Independence Day, Krishna Janmashtami",4629
Priyadarshini Jurala Dam,Jogulamba Gadwal,nature,2024,September,Monsoon,Vinayaka Chavithi,4872
Priyadarshini Jurala Dam,Jogulamba Gadwal,nature,2024,October,Post-Monsoon,"Bathukamma, Dussehra",10454
Priyadarshini Jurala Dam,Jogulamba Gadwal,nature,2024,November,Winter,Diwali,11634
Priyadarshini Jurala Dam,Jogulamba Gadwal,nature,2024,December,Winter,Christmas,12508
Priyadarshini Jurala Dam,Jogulamba Gadwal,nature,2025,January,Winter,"Bhogi, Sankranti",13197
Priyadarshini Jurala Dam,Jogulamba Gadwal,nature,2025,February,Winter,Maha Shivaratri,12011
Priyadarshini Jurala Dam,Jogulamba Gadwal,nature,2025,March,Summer,Holi,6997
Priyadarshini Jurala Dam,Jogulamba Gadwal,nature,2025,April,Summer,"Ugadi, Sri Rama Navami",7482
Priyadarshini Jurala Dam,Jogulamba Gadwal,nature,2025,May,Summer,Buddha Purnima,5885
Priyadarshini Jurala Dam,Jogulamba Gadwal,nature,2025,June,Monsoon,None,4263
Priyadarshini Jurala Dam,Jogulamba Gadwal,nature,2025,July,Monsoon,Bonalu,4218
Priyadarshini Jurala Dam,Jogulamba Gadwal,nature,2025,August,Monsoon,"Independence Day, Krishna Janmashtami",5154
Priyadarshini Jurala Dam,Jogulamba Gadwal,nature,2025,September,Monsoon,Vinayaka Chavithi,5109
Priyadarshini Jurala Dam,Jogulamba Gadwal,nature,2025,October,Post-Monsoon,"Bathukamma, Dussehra",10279
Priyadarshini Jurala Dam,Jogulamba Gadwal,nature,2025,November,Winter,Diwali,12465
Priyadarshini Jurala Dam,Jogulamba Gadwal,nature,2025,December,Winter,Christmas,13473
Relampadu Balancing Reservoir Dam,Jogulamba Gadwal,nature,2024,January,Winter,"Bhogi, Sankranti",12917
Relampadu Balancing Reservoir Dam,Jogulamba Gadwal,nature,2024,February,Winter,Maha Shivaratri,10684
Relampadu Balancing Reservoir Dam,Jogulamba Gadwal,nature,2024,March,Summer,Holi,6652
Relampadu Balancing Reservoir Dam,Jogulamba Gadwal,nature,2024,April,Summer,"Ugadi, Sri Rama Navami",6959
Relampadu Balancing Reservoir Dam,Jogulamba Gadwal,nature,2024,May,Summer,Buddha Purnima,5712
Relampadu Balancing Reservoir Dam,Jogulamba Gadwal,nature,2024,June,Monsoon,None,3820
Relampadu Balancing Reservoir Dam,Jogulamba Gadwal,nature,2024,July,Monsoon,Bonalu,4139
Relampadu Balancing Reservoir Dam,Jogulamba Gadwal,nature,2024,August,Monsoon,"Independence Day, Krishna Janmashtami",4868
Relampadu Balancing Reservoir Dam,Jogulamba Gadwal,nature,2024,September,Monsoon,Vinayaka Chavithi,4932
Relampadu Balancing Reservoir Dam,Jogulamba Gadwal,nature,2024,October,Post-Monsoon,"Bathukamma, Dussehra",9028
Relampadu Balancing Reservoir Dam,Jogulamba Gadwal,nature,2024,November,Winter,Diwali,11486
Relampadu Balancing Reservoir Dam,Jogulamba Gadwal,nature,2024,December,Winter,Christmas,13709
Relampadu Balancing Reservoir Dam,Jogulamba Gadwal,nature,2025,January,Winter,"Bhogi, Sankranti",13183
Relampadu Balancing Reservoir Dam,Jogulamba Gadwal,nature,2025,February,Winter,Maha Shivaratri,11364
Relampadu Balancing Reservoir Dam,Jogulamba Gadwal,nature,2025,March,Summer,Holi,7172
Relampadu Balancing Reservoir Dam,Jogulamba Gadwal,nature,2025,April,Summer,"Ugadi, Sri Rama Navami",7429
Relampadu Balancing Reservoir Dam,Jogulamba Gadwal,nature,2025,May,Summer,Buddha Purnima,6394
Relampadu Balancing Reservoir Dam,Jogulamba Gadwal,nature,2025,June,Monsoon,None,4032
Relampadu Balancing Reservoir Dam,Jogulamba Gadwal,nature,2025,July,Monsoon,Bonalu,4599
Relampadu Balancing Reservoir Dam,Jogulamba Gadwal,nature,2025,August,Monsoon,"Independence Day, Krishna Janmashtami",5316
Relampadu Balancing Reservoir Dam,Jogulamba Gadwal,nature,2025,September,Monsoon,Vinayaka Chavithi,5287
Relampadu Balancing Reservoir Dam,Jogulamba Gadwal,nature,2025,October,Post-Monsoon,"Bathukamma, Dussehra",11070
Relampadu Balancing Reservoir Dam,Jogulamba Gadwal,nature,2025,November,Winter,Diwali,12939
Relampadu Balancing Reservoir Dam,Jogulamba Gadwal,nature,2025,December,Winter,Christmas,13913
Domakonda Fort,Kamareddy,heritage,2024,January,Winter,"Bhogi, Sankranti",13973
Domakonda Fort,Kamareddy,heritage,2024,February,Winter,Maha Shivaratri,13553
Domakonda Fort,Kamareddy,heritage,2024,March,Summer,Holi,7747
Domakonda Fort,Kamareddy,heritage,2024,April,Summer,"Ugadi, Sri Rama Navami",8104
Domakonda Fort,Kamareddy,heritage,2024,May,Summer,Buddha Purnima,6686
Domakonda Fort,Kamareddy,heritage,2024,June,Monsoon,None,4714
Domakonda Fort,Kamareddy,heritage,2024,July,Monsoon,Bonalu,5190
Domakonda Fort,Kamareddy,heritage,2024,August,Monsoon,"Independence Day, Krishna Janmashtami",5676
Domakonda Fort,Kamareddy,heritage,2024,September,Monsoon,Vinayaka Chavithi,5549
Domakonda Fort,Kamareddy,heritage,2024,October,Post-Monsoon,"Bathukamma, Dussehra",11781
Domakonda Fort,Kamareddy,heritage,2024,November,Winter,Diwali,13706
Domakonda Fort,Kamareddy,heritage,2024,December,Winter,Christmas,15622
Domakonda Fort,Kamareddy,heritage,2025,January,Winter,"Bhogi, Sankranti",16488
Domakonda Fort,Kamareddy,heritage,2025,February,Winter,Maha Shivaratri,13462
Domakonda Fort,Kamareddy,heritage,2025,March,Summer,Holi,9437
Domakonda Fort,Kamareddy,heritage,2025,April,Summer,"Ugadi, Sri Rama Navami",8836
Domakonda Fort,Kamareddy,heritage,2025,May,Summer,Buddha Purnima,7654
Domakonda Fort,Kamareddy,heritage,2025,June,Monsoon,None,5091
Domakonda Fort,Kamareddy,heritage,2025,July,Monsoon,Bonalu,5431
Domakonda Fort,Kamareddy,heritage,2025,August,Monsoon,"Independence Day, Krishna Janmashtami",6414
Domakonda Fort,Kamareddy,heritage,2025,September,Monsoon,Vinayaka Chavithi,6735
Domakonda Fort,Kamareddy,heritage,2025,October,Post-Monsoon,"Bathukamma, Dussehra",13665
Domakonda Fort,Kamareddy,heritage,2025,November,Winter,Diwali,15312
Domakonda Fort,Kamareddy,heritage,2025,December,Winter,Christmas,15644
Issaipet Dam,Kamareddy,nature,2024,January,Winter,"Bhogi, Sankranti",12123
Issaipet Dam,Kamareddy,nature,2024,February,Winter,Maha Shivaratri,11146
Issaipet Dam,Kamareddy,nature,2024,March,Summer,Holi,6850
Issaipet Dam,Kamareddy,nature,2024,April,Summer,"Ugadi, Sri Rama Navami",6724
Issaipet Dam,Kamareddy,nature,2024,May,Summer,Buddha Purnima,5909
Issaipet Dam,Kamareddy,nature,2024,June,Monsoon,None,4291
Issaipet Dam,Kamareddy,nature,2024,July,Monsoon,Bonalu,3936
Issaipet Dam,Kamareddy,nature,2024,August,Monsoon,"Independence Day, Krishna Janmashtami",4599
Issaipet Dam,Kamareddy,nature,2024,September,Monsoon,Vinayaka Chavithi,4915
Issaipet Dam,Kamareddy,nature,2024,October,Post-Monsoon,"Bathukamma, Dussehra",10276
Issaipet Dam,Kamareddy,nature,2024,November,Winter,Diwali,11140
Issaipet Dam,Kamareddy,nature,2024,December,Winter,Christmas,13231
Issaipet Dam,Kamareddy,nature,2025,January,Winter,"Bhogi, Sankranti",13764
Issaipet Dam,Kamareddy,nature,2025,February,Winter,Maha Shivaratri,11864
Issaipet Dam,Kamareddy,nature,2025,March,Summer,Holi,6561
Issaipet Dam,Kamareddy,nature,2025,April,Summer,"Ugadi, Sri Rama Navami",6861
Issaipet Dam,Kamareddy,nature,2025,May,Summer,Buddha Purnima,6144
Issaipet Dam,Kamareddy,nature,2025,June,Monsoon,None,3859
Issaipet Dam,Kamareddy,nature,2025,July,Monsoon,Bonalu,4681
Issaipet Dam,Kamareddy,nature,2025,August,Monsoon,"Independence Day, Krishna Janmashtami",5143
Issaipet Dam,Kamareddy,nature,2025,September,Monsoon,Vinayaka Chavithi,6213
Issaipet Dam,Kamareddy,nature,2025,October,Post-Monsoon,"Bathukamma, Dussehra",12191
Issaipet Dam,Kamareddy,nature,2025,November,Winter,Diwali,12243
Issaipet Dam,Kamareddy,nature,2025,December,Winter,Christmas,13314
Kaulas Fort,Kamareddy,heritage,2024,January,Winter,"Bhogi, Sankranti",15558
Kaulas Fort,Kamareddy,heritage,2024,February,Winter,Maha Shivaratri,14128
Kaulas Fort,Kamareddy,heritage,2024,March,Summer,Holi,7136
Kaulas Fort,Kamareddy,heritage,2024,April,Summer,"Ugadi, Sri Rama Navami",7354
Kaulas Fort,Kamareddy,heritage,2024,May,Summer,Buddha Purnima,6455
Kaulas Fort,Kamareddy,heritage,2024,June,Monsoon,None,4888
Kaulas Fort,Kamareddy,heritage,2024,July,Monsoon,Bonalu,5020
Kaulas Fort,Kamareddy,heritage,2024,August,Monsoon,"Independence Day, Krishna Janmashtami",6005
Kaulas Fort,Kamareddy,heritage,2024,September,Monsoon,Vinayaka Chavithi,5525
Kaulas Fort,Kamareddy,heritage,2024,October,Post-Monsoon,"Bathukamma, Dussehra",10626
Kaulas Fort,Kamareddy,heritage,2024,November,Winter,Diwali,14168
Kaulas Fort,Kamareddy,heritage,2024,December,Winter,Christmas,14108
Kaulas Fort,Kamareddy,heritage,2025,January,Winter,"Bhogi, Sankranti",14390
Kaulas Fort,Kamareddy,heritage,2025,February,Winter,Maha Shivaratri,14162
Kaulas Fort,Kamareddy,heritage,2025,March,Summer,Holi,8727
Kaulas Fort,Kamareddy,heritage,2025,April,Summer,"Ugadi, Sri Rama Navami",8668
Kaulas Fort,Kamareddy,heritage,2025,May,Summer,Buddha Purnima,7030
Kaulas Fort,Kamareddy,heritage,2025,June,Monsoon,None,5089
Kaulas Fort,Kamareddy,heritage,2025,July,Monsoon,Bonalu,5192
Kaulas Fort,Kamareddy,heritage,2025,August,Monsoon,"Independence Day, Krishna Janmashtami",5741
Kaulas Fort,Kamareddy,heritage,2025,September,Monsoon,Vinayaka Chavithi,6121
Kaulas Fort,Kamareddy,heritage,2025,October,Post-Monsoon,"Bathukamma, Dussehra",13317
Kaulas Fort,Kamareddy,heritage,2025,November,Winter,Diwali,14908
Kaulas Fort,Kamareddy,heritage,2025,December,Winter,Christmas,16028
Nizam Sagar Dam,Kamareddy,nature,2024,January,Winter,"Bhogi, Sankranti",11859
Nizam Sagar Dam,Kamareddy,nature,2024,February,Winter,Maha Shivaratri,10864
Nizam Sagar Dam,Kamareddy,nature,2024,March,Summer,Holi,5833
Nizam Sagar Dam,Kamareddy,nature,2024,April,Summer,"Ugadi, Sri Rama Navami",6861
Nizam Sagar Dam,Kamareddy,nature,2024,May,Summer,Buddha Purnima,6011
Nizam Sagar Dam,Kamareddy,nature,2024,June,Monsoon,None,3705
Nizam Sagar Dam,Kamareddy,nature,2024,July,Monsoon,Bonalu,4004
Nizam Sagar Dam,Kamareddy,nature,2024,August,Monsoon,"Independence Day, Krishna Janmashtami",4879
Nizam Sagar Dam,Kamareddy,nature,2024,September,Monsoon,Vinayaka Chavithi,5260
Nizam Sagar Dam,Kamareddy,nature,2024,October,Post-Monsoon,"Bathukamma, Dussehra",9893
Nizam Sagar Dam,Kamareddy,nature,2024,November,Winter,Diwali,11044
Nizam Sagar Dam,Kamareddy,nature,2024,December,Winter,Christmas,11173
Nizam Sagar Dam,Kamareddy,nature,2025,January,Winter,"Bhogi, Sankranti",13548
Nizam Sagar Dam,Kamareddy,nature,2025,February,Winter,Maha Shivaratri,13049
Nizam Sagar Dam,Kamareddy,nature,2025,March,Summer,Holi,7167
Nizam Sagar Dam,Kamareddy,nature,2025,April,Summer,"Ugadi, Sri Rama Navami",7336
Nizam Sagar Dam,Kamareddy,nature,2025,May,Summer,Buddha Purnima,6156
Nizam Sagar Dam,Kamareddy,nature,2025,June,Monsoon,None,4318
Nizam Sagar Dam,Kamareddy,nature,2025,July,Monsoon,Bonalu,4274
Nizam Sagar Dam,Kamareddy,nature,2025,August,Monsoon,"Independence Day, Krishna Janmashtami",5397
Nizam Sagar Dam,Kamareddy,nature,2025,September,Monsoon,Vinayaka Chavithi,5406
Nizam Sagar Dam,Kamareddy,nature,2025,October,Post-Monsoon,"Bathukamma, Dussehra",10939
Nizam Sagar Dam,Kamareddy,nature,2025,November,Winter,Diwali,11753
Nizam Sagar Dam,Kamareddy,nature,2025,December,Winter,Christmas,14257
Nizam Sagar Reservoir,Kamareddy,nature,2024,January,Winter,"Bhogi, Sankranti",12895
Nizam Sagar Reservoir,Kamareddy,nature,2024,February,Winter,Maha Shivaratri,10660
Nizam Sagar Reservoir,Kamareddy,nature,2024,March,Summer,Holi,6873
Nizam Sagar Reservoir,Kamareddy,nature,2024,April,Summer,"Ugadi, Sri Rama Navami",6631
Nizam Sagar Reservoir,Kamareddy,nature,2024,May,Summer,Buddha Purnima,5391
Nizam Sagar Reservoir,Kamareddy,nature,2024,June,Monsoon,None,3848
Nizam Sagar Reservoir,Kamareddy,nature,2024,July,Monsoon,Bonalu,3760
Nizam Sagar Reservoir,Kamareddy,nature,2024,August,Monsoon,"Independence Day, Krishna Janmashtami",4913
Nizam Sagar Reservoir,Kamareddy,nature,2024,September,Monsoon,Vinayaka Chavithi,4497
Nizam Sagar Reservoir,Kamareddy,nature,2024,October,Post-Monsoon,"Bathukamma, Dussehra",9498
Nizam Sagar Reservoir,Kamareddy,nature,2024,November,Winter,Diwali,10253
Nizam Sagar Reservoir,Kamareddy,nature,2024,December,Winter,Christmas,12340
Nizam Sagar Reservoir,Kamareddy,nature,2025,January,Winter,"Bhogi, Sankranti",13377
Nizam Sagar Reservoir,Kamareddy,nature,2025,February,Winter,Maha Shivaratri,11647
Nizam Sagar Reservoir,Kamareddy,nature,2025,March,Summer,Holi,6700
Nizam Sagar Reservoir,Kamareddy,nature,2025,April,Summer,"Ugadi, Sri Rama Navami",6914
Nizam Sagar Reservoir,Kamareddy,nature,2025,May,Summer,Buddha Purnima,6199
Nizam Sagar Reservoir,Kamareddy,nature,2025,June,Monsoon,None,4201
Nizam Sagar Reservoir,Kamareddy,nature,2025,July,Monsoon,Bonalu,4525
Nizam Sagar Reservoir,Kamareddy,nature,2025,August,Monsoon,"Independence Day, Krishna Janmashtami",4955
Nizam Sagar Reservoir,Kamareddy,nature,2025,September,Monsoon,Vinayaka Chavithi,5394
Nizam Sagar Reservoir,Kamareddy,nature,2025,October,Post-Monsoon,"Bathukamma, Dussehra",11642
Nizam Sagar Reservoir,Kamareddy,nature,2025,November,Winter,Diwali,12717
Nizam Sagar Reservoir,Kamareddy,nature,2025,December,Winter,Christmas,13109
Pocharam Wildlife Sanctuary,Kamareddy,nature,2024,January,Winter,"Bhogi, Sankranti",12640
Pocharam Wildlife Sanctuary,Kamareddy,nature,2024,February,Winter,Maha Shivaratri,10831
Pocharam Wildlife Sanctuary,Kamareddy,nature,2024,March,Summer,Holi,6548
Pocharam Wildlife Sanctuary,Kamareddy,nature,2024,April,Summer,"Ugadi, Sri Rama Navami",6689
Pocharam Wildlife Sanctuary,Kamareddy,nature,2024,May,Summer,Buddha Purnima,5564
Pocharam Wildlife Sanctuary,Kamareddy,nature,2024,June,Monsoon,None,4042
Pocharam Wildlife Sanctuary,Kamareddy,nature,2024,July,Monsoon,Bonalu,3920
Pocharam Wildlife Sanctuary,Kamareddy,nature,2024,August,Monsoon,"Independence Day, Krishna Janmashtami",4556
Pocharam Wildlife Sanctuary,Kamareddy,nature,2024,September,Monsoon,Vinayaka Chavithi,4606
Pocharam Wildlife Sanctuary,Kamareddy,nature,2024,October,Post-Monsoon,"Bathukamma, Dussehra",9310
Pocharam Wildlife Sanctuary,Kamareddy,nature,2024,November,Winter,Diwali,10744
Pocharam Wildlife Sanctuary,Kamareddy,nature,2024,December,Winter,Christmas,12492
Pocharam Wildlife Sanctuary,Kamareddy,nature,2025,January,Winter,"Bhogi, Sankranti",12877
Pocharam Wildlife Sanctuary,Kamareddy,nature,2025,February,Winter,Maha Shivaratri,12144
Pocharam Wildlife Sanctuary,Kamareddy,nature,2025,March,Summer,Holi,7081
Pocharam Wildlife Sanctuary,Kamareddy,nature,2025,April,Summer,"Ugadi, Sri Rama Navami",6621
Pocharam Wildlife Sanctuary,Kamareddy,nature,2025,May,Summer,Buddha Purnima,6257
Pocharam Wildlife Sanctuary,Kamareddy,nature,2025,June,Monsoon,None,4495
Pocharam Wildlife Sanctuary,Kamareddy,nature,2025,July,Monsoon,Bonalu,4234
Pocharam Wildlife Sanctuary,Kamareddy,nature,2025,August,Monsoon,"Independence Day, Krishna Janmashtami",5293
Pocharam Wildlife Sanctuary,Kamareddy,nature,2025,September,Monsoon,Vinayaka Chavithi,5117
Pocharam Wildlife Sanctuary,Kamareddy,nature,2025,October,Post-Monsoon,"Bathukamma, Dussehra",10983
Pocharam Wildlife Sanctuary,Kamareddy,nature,2025,November,Winter,Diwali,11574
Pocharam Wildlife Sanctuary,Kamareddy,nature,2025,December,Winter,Christmas,12185
Elgandal Fort,Karimnagar,heritage,2024,January,Winter,"Bhogi, Sankranti",14536
Elgandal Fort,Karimnagar,heritage,2024,February,Winter,Maha Shivaratri,12938
Elgandal Fort,Karimnagar,heritage,2024,March,Summer,Holi,7618
Elgandal Fort,Karimnagar,heritage,2024,April,Summer,"Ugadi, Sri Rama Navami",7597
Elgandal Fort,Karimnagar,heritage,2024,May,Summer,Buddha Purnima,6529
Elgandal Fort,Karimnagar,heritage,2024,June,Monsoon,None,4814
Elgandal Fort,Karimnagar,heritage,2024,July,Monsoon,Bonalu,4887
Elgandal Fort,Karimnagar,heritage,2024,August,Monsoon,"Independence Day, Krishna Janmashtami",5752
Elgandal Fort,Karimnagar,heritage,2024,September,Monsoon,Vinayaka Chavithi,5681
Elgandal Fort,Karimnagar,heritage,2024,October,Post-Monsoon,"Bathukamma, Dussehra",12721
Elgandal Fort,Karimnagar,heritage,2024,November,Winter,Diwali,12786
Elgandal Fort,Karimnagar,heritage,2024,December,Winter,Christmas,15076
Elgandal Fort,Karimnagar,heritage,2025,January,Winter,"Bhogi, Sankranti",16951
Elgandal Fort,Karimnagar,heritage,2025,February,Winter,Maha Shivaratri,14398
Elgandal Fort,Karimnagar,heritage,2025,March,Summer,Holi,8309
Elgandal Fort,Karimnagar,heritage,2025,April,Summer,"Ugadi, Sri Rama Navami",8491
Elgandal Fort,Karimnagar,heritage,2025,May,Summer,Buddha Purnima,7568
Elgandal Fort,Karimnagar,heritage,2025,June,Monsoon,None,4765
Elgandal Fort,Karimnagar,heritage,2025,July,Monsoon,Bonalu,5034
Elgandal Fort,Karimnagar,heritage,2025,August,Monsoon,"Independence Day, Krishna Janmashtami",6034
Elgandal Fort,Karimnagar,heritage,2025,September,Monsoon,Vinayaka Chavithi,6741
Elgandal Fort,Karimnagar,heritage,2025,October,Post-Monsoon,"Bathukamma, Dussehra",13225
Elgandal Fort,Karimnagar,heritage,2025,November,Winter,Diwali,13962
Elgandal Fort,Karimnagar,heritage,2025,December,Winter,Christmas,15648
Karimnagar Deer Park,Karimnagar,leisure,2024,January,Winter,"Bhogi, Sankranti",10585
Karimnagar Deer Park,Karimnagar,leisure,2024,February,Winter,Maha Shivaratri,9252
Karimnagar Deer Park,Karimnagar,leisure,2024,March,Summer,Holi,6007
Karimnagar Deer Park,Karimnagar,leisure,2024,April,Summer,"Ugadi, Sri Rama Navami",5542
Karimnagar Deer Park,Karimnagar,leisure,2024,May,Summer,Buddha Purnima,5304
Karimnagar Deer Park,Karimnagar,leisure,2024,June,Monsoon,None,3645
Karimnagar Deer Park,Karimnagar,leisure,2024,July,Monsoon,Bonalu,3806
Karimnagar Deer Park,Karimnagar,leisure,2024,August,Monsoon,"Independence Day, Krishna Janmashtami",4103
Karimnagar Deer Park,Karimnagar,leisure,2024,September,Monsoon,Vinayaka Chavithi,4299
Karimnagar Deer Park,Karimnagar,leisure,2024,October,Post-Monsoon,"Bathukamma, Dussehra",8220
Karimnagar Deer Park,Karimnagar,leisure,2024,November,Winter,Diwali,9747
Karimnagar Deer Park,Karimnagar,leisure,2024,December,Winter,Christmas,11112
Karimnagar Deer Park,Karimnagar,leisure,2025,January,Winter,"Bhogi, Sankranti",12558
Karimnagar Deer Park,Karimnagar,leisure,2025,February,Winter,Maha Shivaratri,9787
Karimnagar Deer Park,Karimnagar,leisure,2025,March,Summer,Holi,6072
Karimnagar Deer Park,Karimnagar,leisure,2025,April,Summer,"Ugadi, Sri Rama Navami",6377
Karimnagar Deer Park,Karimnagar,leisure,2025,May,Summer,Buddha Purnima,4931
Karimnagar Deer Park,Karimnagar,leisure,2025,June,Monsoon,None,3892
Karimnagar Deer Park,Karimnagar,leisure,2025,July,Monsoon,Bonalu,3757
Karimnagar Deer Park,Karimnagar,leisure,2025,August,Monsoon,"Independence Day, Krishna Janmashtami",4492
Karimnagar Deer Park,Karimnagar,leisure,2025,September,Monsoon,Vinayaka Chavithi,4572
Karimnagar Deer Park,Karimnagar,leisure,2025,October,Post-Monsoon,"Bathukamma, Dussehra",9186
Karimnagar Deer Park,Karimnagar,leisure,2025,November,Winter,Diwali,10807
Karimnagar Deer Park,Karimnagar,leisure,2025,December,Winter,Christmas,11585
Ujwala Park,Karimnagar,leisure,2024,January,Winter,"Bhogi, Sankranti",10717
Ujwala Park,Karimnagar,leisure,2024,February,Winter,Maha Shivaratri,9243
Ujwala Park,Karimnagar,leisure,2024,March,Summer,Holi,5818
Ujwala Park,Karimnagar,leisure,2024,April,Summer,"Ugadi, Sri Rama Navami",6442
Ujwala Park,Karimnagar,leisure,2024,May,Summer,Buddha Purnima,4943
Ujwala Park,Karimnagar,leisure,2024,June,Monsoon,None,3674
Ujwala Park,Karimnagar,leisure,2024,July,Monsoon,Bonalu,3358
Ujwala Park,Karimnagar,leisure,2024,August,Monsoon,"Independence Day, Krishna Janmashtami",4233
Ujwala Park,Karimnagar,leisure,2024,September,Monsoon,Vinayaka Chavithi,4094
Ujwala Park,Karimnagar,leisure,2024,October,Post-Monsoon,"Bathukamma, Dussehra",8201
Ujwala Park,Karimnagar,leisure,2024,November,Winter,Diwali,9640
Ujwala Park,Karimnagar,leisure,2024,December,Winter,Christmas,11490
Ujwala Park,Karimnagar,leisure,2025,January,Winter,"Bhogi, Sankranti",12354
Ujwala Park,Karimnagar,leisure,2025,February,Winter,Maha Shivaratri,10486
Ujwala Park,Karimnagar,leisure,2025,March,Summer,Holi,5711
Ujwala Park,Karimnagar,leisure,2025,April,Summer,"Ugadi, Sri Rama Navami",6363
Ujwala Park,Karimnagar,leisure,2025,May,Summer,Buddha Purnima,5381
Ujwala Park,Karimnagar,leisure,2025,June,Monsoon,None,3813
Ujwala Park,Karimnagar,leisure,2025,July,Monsoon,Bonalu,3539
Ujwala Park,Karimnagar,leisure,2025,August,Monsoon,"Independence Day, Krishna Janmashtami",4334
Ujwala Park,Karimnagar,leisure,2025,September,Monsoon,Vinayaka Chavithi,4663
Ujwala Park,Karimnagar,leisure,2025,October,Post-Monsoon,"Bathukamma, Dussehra",9820
Ujwala Park,Karimnagar,leisure,2025,November,Winter,Diwali,9624
Ujwala Park,Karimnagar,leisure,2025,December,Winter,Christmas,11617
lower maneru dam,Karimnagar,nature,2024,January,Winter,"Bhogi, Sankranti",12569
lower maneru dam,Karimnagar,nature,2024,February,Winter,Maha Shivaratri,11429
lower maneru dam,Karimnagar,nature,2024,March,Summer,Holi,6772
lower maneru dam,Karimnagar,nature,2024,April,Summer,"Ugadi, Sri Rama Navami",6998
lower maneru dam,Karimnagar,nature,2024,May,Summer,Buddha Purnima,5386
lower maneru dam,Karimnagar,nature,2024,June,Monsoon,None,3618
lower maneru dam,Karimnagar,nature,2024,July,Monsoon,Bonalu,4044
lower maneru dam,Karimnagar,nature,2024,August,Monsoon,"Independence Day, Krishna Janmashtami",5040
lower maneru dam,Karimnagar,nature,2024,September,Monsoon,Vinayaka Chavithi,5295
lower maneru dam,Karimnagar,nature,2024,October,Post-Monsoon,"Bathukamma, Dussehra",10479
lower maneru dam,Karimnagar,nature,2024,November,Winter,Diwali,11686
lower maneru dam,Karimnagar,nature,2024,December,Winter,Christmas,12629
lower maneru dam,Karimnagar,nature,2025,January,Winter,"Bhogi, Sankranti",13104
lower maneru dam,Karimnagar,nature,2025,February,Winter,Maha Shivaratri,11763
lower maneru dam,Karimnagar,nature,2025,March,Summer,Holi,7658
lower maneru dam,Karimnagar,nature,2025,April,Summer,"Ugadi, Sri Rama Navami",6998
lower maneru dam,Karimnagar,nature,2025,May,Summer,Buddha Purnima,6548
lower maneru dam,Karimnagar,nature,2025,June,Monsoon,None,4250
lower maneru dam,Karimnagar,nature,2025,July,Monsoon,Bonalu,4750
lower maneru dam,Karimnagar,nature,2025,August,Monsoon,"Independence Day, Krishna Janmashtami",4819
lower maneru dam,Karimnagar,nature,2025,September,Monsoon,Vinayaka Chavithi,5503
lower maneru dam,Karimnagar,nature,2025,October,Post-Monsoon,"Bathukamma, Dussehra",10527
lower maneru dam,Karimnagar,nature,2025,November,Winter,Diwali,11481
lower maneru dam,Karimnagar,nature,2025,December,Winter,Christmas,13531
Nagunur Fort and Temples,Karimnagar,religious,2024,January,Winter,"Bhogi, Sankranti",19665
Nagunur Fort and Temples,Karimnagar,religious,2024,February,Winter,Maha Shivaratri,15750
Nagunur Fort and Temples,Karimnagar,religious,2024,March,Summer,Holi,9082
Nagunur Fort and Temples,Karimnagar,religious,2024,April,Summer,"Ugadi, Sri Rama Navami",10153
Nagunur Fort and Temples,Karimnagar,religious,2024,May,Summer,Buddha Purnima,8378
Nagunur Fort and Temples,Karimnagar,religious,2024,June,Monsoon,None,6164
Nagunur Fort and Temples,Karimnagar,religious,2024,July,Monsoon,Bonalu,6481
Nagunur Fort and Temples,Karimnagar,religious,2024,August,Monsoon,"Independence Day, Krishna Janmashtami",7179
Nagunur Fort and Temples,Karimnagar,religious,2024,September,Monsoon,Vinayaka Chavithi,8114
Nagunur Fort and Temples,Karimnagar,religious,2024,October,Post-Monsoon,"Bathukamma, Dussehra",15350
Nagunur Fort and Temples,Karimnagar,religious,2024,November,Winter,Diwali,16863
Nagunur Fort and Temples,Karimnagar,religious,2024,December,Winter,Christmas,17092
Nagunur Fort and Temples,Karimnagar,religious,2025,January,Winter,"Bhogi, Sankranti",19952
Nagunur Fort and Temples,Karimnagar,religious,2025,February,Winter,Maha Shivaratri,17462
Nagunur Fort and Temples,Karimnagar,religious,2025,March,Summer,Holi,11112
Nagunur Fort and Temples,Karimnagar,religious,2025,April,Summer,"Ugadi, Sri Rama Navami",11271
Nagunur Fort and Temples,Karimnagar,religious,2025,May,Summer,Buddha Purnima,8552
Nagunur Fort and Temples,Karimnagar,religious,2025,June,Monsoon,None,6536
Nagunur Fort and Temples,Karimnagar,religious,2025,July,Monsoon,Bonalu,6907
Nagunur Fort and Temples,Karimnagar,religious,2025,August,Monsoon,"Independence Day, Krishna Janmashtami",8370
Nagunur Fort and Temples,Karimnagar,religious,2025,September,Monsoon,Vinayaka Chavithi,8375
Nagunur Fort and Temples,Karimnagar,religious,2025,October,Post-Monsoon,"Bathukamma, Dussehra",17018
Nagunur Fort and Temples,Karimnagar,religious,2025,November,Winter,Diwali,18588
Nagunur Fort and Temples,Karimnagar,religious,2025,December,Winter,Christmas,20467
Molangur Fort,Karimnagar,heritage,2024,January,Winter,"Bhogi, Sankranti",15746
Molangur Fort,Karimnagar,heritage,2024,February,Winter,Maha Shivaratri,12151
Molangur Fort,Karimnagar,heritage,2024,March,Summer,Holi,7636
Molangur Fort,Karimnagar,heritage,2024,April,Summer,"Ugadi, Sri Rama Navami",7763
Molangur Fort,Karimnagar,heritage,2024,May,Summer,Buddha Purnima,6788
Molangur Fort,Karimnagar,heritage,2024,June,Monsoon,None,5042
Molangur Fort,Karimnagar,heritage,2024,July,Monsoon,Bonalu,4752
Molangur Fort,Karimnagar,heritage,2024,August,Monsoon,"Independence Day, Krishna Janmashtami",5019
Molangur Fort,Karimnagar,heritage,2024,September,Monsoon,Vinayaka Chavithi,5757
Molangur Fort,Karimnagar,heritage,2024,October,Post-Monsoon,"Bathukamma, Dussehra",12566
Molangur Fort,Karimnagar,heritage,2024,November,Winter,Diwali,13950
Molangur Fort,Karimnagar,heritage,2024,December,Winter,Christmas,15032
Molangur Fort,Karimnagar,heritage,2025,January,Winter,"Bhogi, Sankranti",15781
Molangur Fort,Karimnagar,heritage,2025,February,Winter,Maha Shivaratri,13161
Molangur Fort,Karimnagar,heritage,2025,March,Summer,Holi,8610
Molangur Fort,Karimnagar,heritage,2025,April,Summer,"Ugadi, Sri Rama Navami",8357
Molangur Fort,Karimnagar,heritage,2025,May,Summer,Buddha Purnima,7980
Molangur Fort,Karimnagar,heritage,2025,June,Monsoon,None,5276
Molangur Fort,Karimnagar,heritage,2025,July,Monsoon,Bonalu,5137
Molangur Fort,Karimnagar,heritage,2025,August,Monsoon,"Independence Day, Krishna Janmashtami",5968
Molangur Fort,Karimnagar,heritage,2025,September,Monsoon,Vinayaka Chavithi,6319
Molangur Fort,Karimnagar,heritage,2025,October,Post-Monsoon,"Bathukamma, Dussehra",12823
Molangur Fort,Karimnagar,heritage,2025,November,Winter,Diwali,15491
Molangur Fort,Karimnagar,heritage,2025,December,Winter,Christmas,16043
Amudalu Gutta,Khammam,nature,2024,January,Winter,"Bhogi, Sankranti",12264
Amudalu Gutta,Khammam,nature,2024,February,Winter,Maha Shivaratri,12240
Amudalu Gutta,Khammam,nature,2024,March,Summer,Holi,6692
Amudalu Gutta,Khammam,nature,2024,April,Summer,"Ugadi, Sri Rama Navami",7203
Amudalu Gutta,Khammam,nature,2024,May,Summer,Buddha Purnima,5548
Amudalu Gutta,Khammam,nature,2024,June,Monsoon,None,4154
Amudalu Gutta,Khammam,nature,2024,July,Monsoon,Bonalu,4273
Amudalu Gutta,Khammam,nature,2024,August,Monsoon,"Independence Day, Krishna Janmashtami",4433
Amudalu Gutta,Khammam,nature,2024,September,Monsoon,Vinayaka Chavithi,5558
Amudalu Gutta,Khammam,nature,2024,October,Post-Monsoon,"Bathukamma, Dussehra",10989
Amudalu Gutta,Khammam,nature,2024,November,Winter,Diwali,11437
Amudalu Gutta,Khammam,nature,2024,December,Winter,Christmas,11945
Amudalu Gutta,Khammam,nature,2025,January,Winter,"Bhogi, Sankranti",13987
Amudalu Gutta,Khammam,nature,2025,February,Winter,Maha Shivaratri,12130
Amudalu Gutta,Khammam,nature,2025,March,Summer,Holi,7338
Amudalu Gutta,Khammam,nature,2025,April,Summer,"Ugadi, Sri Rama Navami",7563
Amudalu Gutta,Khammam,nature,2025,May,Summer,Buddha Purnima,6336
Amudalu Gutta,Khammam,nature,2025,June,Monsoon,None,4725
Amudalu Gutta,Khammam,nature,2025,July,Monsoon,Bonalu,4673
Amudalu Gutta,Khammam,nature,2025,August,Monsoon,"Independence Day, Krishna Janmashtami",5010
Amudalu Gutta,Khammam,nature,2025,September,Monsoon,Vinayaka Chavithi,5824
Amudalu Gutta,Khammam,nature,2025,October,Post-Monsoon,"Bathukamma, Dussehra",12063
Amudalu Gutta,Khammam,nature,2025,November,Winter,Diwali,14589
Amudalu Gutta,Khammam,nature,2025,December,Winter,Christmas,12886
Jalari Gutta,Khammam,nature,2024,January,Winter,"Bhogi, Sankranti",12884
Jalari Gutta,Khammam,nature,2024,February,Winter,Maha Shivaratri,10018
Jalari Gutta,Khammam,nature,2024,March,Summer,Holi,6861
Jalari Gutta,Khammam,nature,2024,April,Summer,"Ugadi, Sri Rama Navami",6746
Jalari Gutta,Khammam,nature,2024,May,Summer,Buddha Purnima,6273
Jalari Gutta,Khammam,nature,2024,June,Monsoon,None,3922
Jalari Gutta,Khammam,nature,2024,July,Monsoon,Bonalu,3852
Jalari Gutta,Khammam,nature,2024,August,Monsoon,"Independence Day, Krishna Janmashtami",4781
Jalari Gutta,Khammam,nature,2024,September,Monsoon,Vinayaka Chavithi,4550
Jalari Gutta,Khammam,nature,2024,October,Post-Monsoon,"Bathukamma, Dussehra",10710
Jalari Gutta,Khammam,nature,2024,November,Winter,Diwali,10464
Jalari Gutta,Khammam,nature,2024,December,Winter,Christmas,12659
Jalari Gutta,Khammam,nature,2025,January,Winter,"Bhogi, Sankranti",12320
Jalari Gutta,Khammam,nature,2025,February,Winter,Maha Shivaratri,11884
Jalari Gutta,Khammam,nature,2025,March,Summer,Holi,7802
Jalari Gutta,Khammam,nature,2025,April,Summer,"Ugadi, Sri Rama Navami",7626
Jalari Gutta,Khammam,nature,2025,May,Summer,Buddha Purnima,5913
Jalari Gutta,Khammam,nature,2025,June,Monsoon,None,4400
Jalari Gutta,Khammam,nature,2025,July,Monsoon,Bonalu,4548
Jalari Gutta,Khammam,nature,2025,August,Monsoon,"Independence Day, Krishna Janmashtami",5413
Jalari Gutta,Khammam,nature,2025,September,Monsoon,Vinayaka Chavithi,5080
Jalari Gutta,Khammam,nature,2025,October,Post-Monsoon,"Bathukamma, Dussehra",11479
Jalari Gutta,Khammam,nature,2025,November,Winter,Diwali,10898
Jalari Gutta,Khammam,nature,2025,December,Winter,Christmas,13223
Kattaleru Check Dam,Khammam,nature,2024,January,Winter,"Bhogi, Sankranti",12419
Kattaleru Check Dam,Khammam,nature,2024,February,Winter,Maha Shivaratri,11537
Kattaleru Check Dam,Khammam,nature,2024,March,Summer,Holi,6683
Kattaleru Check Dam,Khammam,nature,2024,April,Summer,"Ugadi, Sri Rama Navami",6449
Kattaleru Check Dam,Khammam,nature,2024,May,Summer,Buddha Purnima,5440
Kattaleru Check Dam,Khammam,nature,2024,June,Monsoon,None,4121
Kattaleru Check Dam,Khammam,nature,2024,July,Monsoon,Bonalu,4191
Kattaleru Check Dam,Khammam,nature,2024,August,Monsoon,"Independence Day, Krishna Janmashtami",4754
Kattaleru Check Dam,Khammam,nature,2024,September,Monsoon,Vinayaka Chavithi,4928
Kattaleru Check Dam,Khammam,nature,2024,October,Post-Monsoon,"Bathukamma, Dussehra",10682
Kattaleru Check Dam,Khammam,nature,2024,November,Winter,Diwali,11367
Kattaleru Check Dam,Khammam,nature,2024,December,Winter,Christmas,12586
Kattaleru Check Dam,Khammam,nature,2025,January,Winter,"Bhogi, Sankranti",15240
Kattaleru Check Dam,Khammam,nature,2025,February,Winter,Maha Shivaratri,11218
Kattaleru Check Dam,Khammam,nature,2025,March,Summer,Holi,6542
Kattaleru Check Dam,Khammam,nature,2025,April,Summer,"Ugadi, Sri Rama Navami",7784
Kattaleru Check Dam,Khammam,nature,2025,May,Summer,Buddha Purnima,5970
Kattaleru Check Dam,Khammam,nature,2025,June,Monsoon,None,4336
Kattaleru Check Dam,Khammam,nature,2025,July,Monsoon,Bonalu,4367
Kattaleru Check Dam,Khammam,nature,2025,August,Monsoon,"Independence Day, Krishna Janmashtami",5219
Kattaleru Check Dam,Khammam,nature,2025,September,Monsoon,Vinayaka Chavithi,5889
Kattaleru Check Dam,Khammam,nature,2025,October,Post-Monsoon,"Bathukamma, Dussehra",11595
Kattaleru Check Dam,Khammam,nature,2025,November,Winter,Diwali,13146
Kattaleru Check Dam,Khammam,nature,2025,December,Winter,Christmas,12686
Khammam Fort,Khammam,heritage,2024,January,Winter,"Bhogi, Sankranti",14246
Khammam Fort,Khammam,heritage,2024,February,Winter,Maha Shivaratri,11394
Khammam Fort,Khammam,heritage,2024,March,Summer,Holi,7607
Khammam Fort,Khammam,heritage,2024,April,Summer,"Ugadi, Sri Rama Navami",8631
Khammam Fort,Khammam,heritage,2024,May,Summer,Buddha Purnima,6971
Khammam Fort,Khammam,heritage,2024,June,Monsoon,None,4791
Khammam Fort,Khammam,heritage,2024,July,Monsoon,Bonalu,4991
Khammam Fort,Khammam,heritage,2024,August,Monsoon,"Independence Day, Krishna Janmashtami",5614
Khammam Fort,Khammam,heritage,2024,September,Monsoon,Vinayaka Chavithi,6057
Khammam Fort,Khammam,heritage,2024,October,Post-Monsoon,"Bathukamma, Dussehra",12727
Khammam Fort,Khammam,heritage,2024,November,Winter,Diwali,12737
Khammam Fort,Khammam,heritage,2024,December,Winter,Christmas,15236
Khammam Fort,Khammam,heritage,2025,January,Winter,"Bhogi, Sankranti",17087
Khammam Fort,Khammam,heritage,2025,February,Winter,Maha Shivaratri,14044
Khammam Fort,Khammam,heritage,2025,March,Summer,Holi,8862
Khammam Fort,Khammam,heritage,2025,April,Summer,"Ugadi, Sri Rama Navami",10147
Khammam Fort,Khammam,heritage,2025,May,Summer,Buddha Purnima,7300
Khammam Fort,Khammam,heritage,2025,June,Monsoon,None,5336
Khammam Fort,Khammam,heritage,2025,July,Monsoon,Bonalu,5197
Khammam Fort,Khammam,heritage,2025,August,Monsoon,"Independence Day, Krishna Janmashtami",6336
Khammam Fort,Khammam,heritage,2025,September,Monsoon,Vinayaka Chavithi,6624
Khammam Fort,Khammam,heritage,2025,October,Post-Monsoon,"Bathukamma, Dussehra",13367
Khammam Fort,Khammam,heritage,2025,November,Winter,Diwali,14202
Khammam Fort,Khammam,heritage,2025,December,Winter,Christmas,16380
Kondakodima Hill,Khammam,nature,2024,January,Winter,"Bhogi, Sankranti",13660
Kondakodima Hill,Khammam,nature,2024,February,Winter,Maha Shivaratri,11433
Kondakodima Hill,Khammam,nature,2024,March,Summer,Holi,6997
Kondakodima Hill,Khammam,nature,2024,April,Summer,"Ugadi, Sri Rama Navami",6854
Kondakodima Hill,Khammam,nature,2024,May,Summer,Buddha Purnima,5937
Kondakodima Hill,Khammam,nature,2024,June,Monsoon,None,4137
Kondakodima Hill,Khammam,nature,2024,July,Monsoon,Bonalu,4007
Kondakodima Hill,Khammam,nature,2024,August,Monsoon,"Independence Day, Krishna Janmashtami",4974
Kondakodima Hill,Khammam,nature,2024,September,Monsoon,Vinayaka Chavithi,4799
Kondakodima Hill,Khammam,nature,2024,October,Post-Monsoon,"Bathukamma, Dussehra",9996
Kondakodima Hill,Khammam,nature,2024,November,Winter,Diwali,11779
Kondakodima Hill,Khammam,nature,2024,December,Winter,Christmas,12829
Kondakodima Hill,Khammam,nature,2025,January,Winter,"Bhogi, Sankranti",12931
Kondakodima Hill,Khammam,nature,2025,February,Winter,Maha Shivaratri,12714
Kondakodima Hill,Khammam,nature,2025,March,Summer,Holi,7416
Kondakodima Hill,Khammam,nature,2025,April,Summer,"Ugadi, Sri Rama Navami",7227
Kondakodima Hill,Khammam,nature,2025,May,Summer,Buddha Purnima,5705
Kondakodima Hill,Khammam,nature,2025,June,Monsoon,None,4374
Kondakodima Hill,Khammam,nature,2025,July,Monsoon,Bonalu,4443
Kondakodima Hill,Khammam,nature,2025,August,Monsoon,"Independence Day, Krishna Janmashtami",5318
Kondakodima Hill,Khammam,nature,2025,September,Monsoon,Vinayaka Chavithi,5354
Kondakodima Hill,Khammam,nature,2025,October,Post-Monsoon,"Bathukamma, Dussehra",10029
Kondakodima Hill,Khammam,nature,2025,November,Winter,Diwali,12358
Kondakodima Hill,Khammam,nature,2025,December,Winter,Christmas,13444
Lakaram Lake,Khammam,nature,2024,January,Winter,"Bhogi, Sankranti",13133
Lakaram Lake,Khammam,nature,2024,February,Winter,Maha Shivaratri,10792
Lakaram Lake,Khammam,nature,2024,March,Summer,Holi,7236
Lakaram Lake,Khammam,nature,2024,April,Summer,"Ugadi, Sri Rama Navami",6273
Lakaram Lake,Khammam,nature,2024,May,Summer,Buddha Purnima,6097
Lakaram Lake,Khammam,nature,2024,June,Monsoon,None,4034
Lakaram Lake,Khammam,nature,2024,July,Monsoon,Bonalu,4388
Lakaram Lake,Khammam,nature,2024,August,Monsoon,"Independence Day, Krishna Janmashtami",4916
Lakaram Lake,Khammam,nature,2024,September,Monsoon,Vinayaka Chavithi,5337
Lakaram Lake,Khammam,nature,2024,October,Post-Monsoon,"Bathukamma, Dussehra",10123
Lakaram Lake,Khammam,nature,2024,November,Winter,Diwali,11028
Lakaram Lake,Khammam,nature,2024,December,Winter,Christmas,13539
Lakaram Lake,Khammam,nature,2025,January,Winter,"Bhogi, Sankranti",13670
Lakaram Lake,Khammam,nature,2025,February,Winter,Maha Shivaratri,12211
Lakaram Lake,Khammam,nature,2025,March,Summer,Holi,7655
Lakaram Lake,Khammam,nature,2025,April,Summer,"Ugadi, Sri Rama Navami",7104
Lakaram Lake,Khammam,nature,2025,May,Summer,Buddha Purnima,6364
Lakaram Lake,Khammam,nature,2025,June,Monsoon,None,4276
Lakaram Lake,Khammam,nature,2025,July,Monsoon,Bonalu,4514
Lakaram Lake,Khammam,nature,2025,August,Monsoon,"Independence Day, Krishna Janmashtami",5307
Lakaram Lake,Khammam,nature,2025,September,Monsoon,Vinayaka Chavithi,5044
Lakaram Lake,Khammam,nature,2025,October,Post-Monsoon,"Bathukamma, Dussehra",10714
Lakaram Lake,Khammam,nature,2025,November,Winter,Diwali,13454
Lakaram Lake,Khammam,nature,2025,December,Winter,Christmas,14257
Nelakondapalli Buddhist Stupa,Khammam,heritage,2024,January,Winter,"Bhogi, Sankranti",15069
Nelakondapalli Buddhist Stupa,Khammam,heritage,2024,February,Winter,Maha Shivaratri,13441
Nelakondapalli Buddhist Stupa,Khammam,heritage,2024,March,Summer,Holi,7811
Nelakondapalli Buddhist Stupa,Khammam,heritage,2024,April,Summer,"Ugadi, Sri Rama Navami",8795
Nelakondapalli Buddhist Stupa,Khammam,heritage,2024,May,Summer,Buddha Purnima,6727
Nelakondapalli Buddhist Stupa,Khammam,heritage,2024,June,Monsoon,None,4901
Nelakondapalli Buddhist Stupa,Khammam,heritage,2024,July,Monsoon,Bonalu,5283
Nelakondapalli Buddhist Stupa,Khammam,heritage,2024,August,Monsoon,"Independence Day, Krishna Janmashtami",5588
Nelakondapalli Buddhist Stupa,Khammam,heritage,2024,September,Monsoon,Vinayaka Chavithi,6463
Nelakondapalli Buddhist Stupa,Khammam,heritage,2024,October,Post-Monsoon,"Bathukamma, Dussehra",11320
Nelakondapalli Buddhist Stupa,Khammam,heritage,2024,November,Winter,Diwali,14986
Nelakondapalli Buddhist Stupa,Khammam,heritage,2024,December,Winter,Christmas,14732
Nelakondapalli Buddhist Stupa,Khammam,heritage,2025,January,Winter,"Bhogi, Sankranti",16128
Nelakondapalli Buddhist Stupa,Khammam,heritage,2025,February,Winter,Maha Shivaratri,12986
Nelakondapalli Buddhist Stupa,Khammam,heritage,2025,March,Summer,Holi,8367
Nelakondapalli Buddhist Stupa,Khammam,heritage,2025,April,Summer,"Ugadi, Sri Rama Navami",8433
Nelakondapalli Buddhist Stupa,Khammam,heritage,2025,May,Summer,Buddha Purnima,7116
Nelakondapalli Buddhist Stupa,Khammam,heritage,2025,June,Monsoon,None,5197
Nelakondapalli Buddhist Stupa,Khammam,heritage,2025,July,Monsoon,Bonalu,5655
Nelakondapalli Buddhist Stupa,Khammam,heritage,2025,August,Monsoon,"Independence Day, Krishna Janmashtami",6344
Nelakondapalli Buddhist Stupa,Khammam,heritage,2025,September,Monsoon,Vinayaka Chavithi,6575
Nelakondapalli Buddhist Stupa,Khammam,heritage,2025,October,Post-Monsoon,"Bathukamma, Dussehra",12513
Nelakondapalli Buddhist Stupa,Khammam,heritage,2025,November,Winter,Diwali,14306
Nelakondapalli Buddhist Stupa,Khammam,heritage,2025,December,Winter,Christmas,17670
Pandavula Gutta,Khammam,nature,2024,January,Winter,"Bhogi, Sankranti",12262
Pandavula Gutta,Khammam,nature,2024,February,Winter,Maha Shivaratri,12109
Pandavula Gutta,Khammam,nature,2024,March,Summer,Holi,6595
Pandavula Gutta,Khammam,nature,2024,April,Summer,"Ugadi, Sri Rama Navami",6937
Pandavula Gutta,Khammam,nature,2024,May,Summer,Buddha Purnima,6028
Pandavula Gutta,Khammam,nature,2024,June,Monsoon,None,4339
Pandavula Gutta,Khammam,nature,2024,July,Monsoon,Bonalu,4184
Pandavula Gutta,Khammam,nature,2024,August,Monsoon,"Independence Day, Krishna Janmashtami",4801
Pandavula Gutta,Khammam,nature,2024,September,Monsoon,Vinayaka Chavithi,5035
Pandavula Gutta,Khammam,nature,2024,October,Post-Monsoon,"Bathukamma, Dussehra",10497
Pandavula Gutta,Khammam,nature,2024,November,Winter,Diwali,12189
Pandavula Gutta,Khammam,nature,2024,December,Winter,Christmas,12644
Pandavula Gutta,Khammam,nature,2025,January,Winter,"Bhogi, Sankranti",14173
Pandavula Gutta,Khammam,nature,2025,February,Winter,Maha Shivaratri,13067
Pandavula Gutta,Khammam,nature,2025,March,Summer,Holi,7347
Pandavula Gutta,Khammam,nature,2025,April,Summer,"Ugadi, Sri Rama Navami",7608
Pandavula Gutta,Khammam,nature,2025,May,Summer,Buddha Purnima,5711
Pandavula Gutta,Khammam,nature,2025,June,Monsoon,None,3827
Pandavula Gutta,Khammam,nature,2025,July,Monsoon,Bonalu,4632
Pandavula Gutta,Khammam,nature,2025,August,Monsoon,"Independence Day, Krishna Janmashtami",5263
Pandavula Gutta,Khammam,nature,2025,September,Monsoon,Vinayaka Chavithi,5313
Pandavula Gutta,Khammam,nature,2025,October,Post-Monsoon,"Bathukamma, Dussehra",11284
Pandavula Gutta,Khammam,nature,2025,November,Winter,Diwali,12564
Pandavula Gutta,Khammam,nature,2025,December,Winter,Christmas,14422
Raati Darwaza,Khammam,other,2024,January,Winter,"Bhogi, Sankranti",9588
Raati Darwaza,Khammam,other,2024,February,Winter,Maha Shivaratri,8074
Raati Darwaza,Khammam,other,2024,March,Summer,Holi,5255
Raati Darwaza,Khammam,other,2024,April,Summer,"Ugadi, Sri Rama Navami",5146
Raati Darwaza,Khammam,other,2024,May,Summer,Buddha Purnima,4405
Raati Darwaza,Khammam,other,2024,June,Monsoon,None,2987
Raati Darwaza,Khammam,other,2024,July,Monsoon,Bonalu,3053
Raati Darwaza,Khammam,other,2024,August,Monsoon,"Independence Day, Krishna Janmashtami",3687
Raati Darwaza,Khammam,other,2024,September,Monsoon,Vinayaka Chavithi,3789
Raati Darwaza,Khammam,other,2024,October,Post-Monsoon,"Bathukamma, Dussehra",7928
Raati Darwaza,Khammam,other,2024,November,Winter,Diwali,8634
Raati Darwaza,Khammam,other,2024,December,Winter,Christmas,8610
Raati Darwaza,Khammam,other,2025,January,Winter,"Bhogi, Sankranti",10088
Raati Darwaza,Khammam,other,2025,February,Winter,Maha Shivaratri,9417
Raati Darwaza,Khammam,other,2025,March,Summer,Holi,5327
Raati Darwaza,Khammam,other,2025,April,Summer,"Ugadi, Sri Rama Navami",5549
Raati Darwaza,Khammam,other,2025,May,Summer,Buddha Purnima,4864
Raati Darwaza,Khammam,other,2025,June,Monsoon,None,3187
Raati Darwaza,Khammam,other,2025,July,Monsoon,Bonalu,3145
Raati Darwaza,Khammam,other,2025,August,Monsoon,"Independence Day, Krishna Janmashtami",3934
Raati Darwaza,Khammam,other,2025,September,Monsoon,Vinayaka Chavithi,3991
Raati Darwaza,Khammam,other,2025,October,Post-Monsoon,"Bathukamma, Dussehra",7957
Raati Darwaza,Khammam,other,2025,November,Winter,Diwali,9369
Raati Darwaza,Khammam,other,2025,December,Winter,Christmas,10491
Tank Bund,Khammam,other,2024,January,Winter,"Bhogi, Sankranti",9543
Tank Bund,Khammam,other,2024,February,Winter,Maha Shivaratri,8516
Tank Bund,Khammam,other,2024,March,Summer,Holi,5461
Tank Bund,Khammam,other,2024,April,Summer,"Ugadi, Sri Rama Navami",5113
Tank Bund,Khammam,other,2024,May,Summer,Buddha Purnima,4351
Tank Bund,Khammam,other,2024,June,Monsoon,None,2982
Tank Bund,Khammam,other,2024,July,Monsoon,Bonalu,3022
Tank Bund,Khammam,other,2024,August,Monsoon,"Independence Day, Krishna Janmashtami",3565
Tank Bund,Khammam,other,2024,September,Monsoon,Vinayaka Chavithi,3696
Tank Bund,Khammam,other,2024,October,Post-Monsoon,"Bathukamma, Dussehra",7881
Tank Bund,Khammam,other,2024,November,Winter,Diwali,9780
Tank Bund,Khammam,other,2024,December,Winter,Christmas,9141
Tank Bund,Khammam,other,2025,January,Winter,"Bhogi, Sankranti",10096
Tank Bund,Khammam,other,2025,February,Winter,Maha Shivaratri,9029
Tank Bund,Khammam,other,2025,March,Summer,Holi,5515
Tank Bund,Khammam,other,2025,April,Summer,"Ugadi, Sri Rama Navami",5692
Tank Bund,Khammam,other,2025,May,Summer,Buddha Purnima,4933
Tank Bund,Khammam,other,2025,June,Monsoon,None,2904
Tank Bund,Khammam,other,2025,July,Monsoon,Bonalu,3001
Tank Bund,Khammam,other,2025,August,Monsoon,"Independence Day, Krishna Janmashtami",3867
Tank Bund,Khammam,other,2025,September,Monsoon,Vinayaka Chavithi,4314
Tank Bund,Khammam,other,2025,October,Post-Monsoon,"Bathukamma, Dussehra",7707
Tank Bund,Khammam,other,2025,November,Winter,Diwali,8030
Tank Bund,Khammam,other,2025,December,Winter,Christmas,10532
Kusumanchi Temples,Khammam,religious,2024,January,Winter,"Bhogi, Sankranti",19327
Kusumanchi Temples,Khammam,religious,2024,February,Winter,Maha Shivaratri,15860
Kusumanchi Temples,Khammam,religious,2024,March,Summer,Holi,9520
Kusumanchi Temples,Khammam,religious,2024,April,Summer,"Ugadi, Sri Rama Navami",9900
Kusumanchi Temples,Khammam,religious,2024,May,Summer,Buddha Purnima,8631
Kusumanchi Temples,Khammam,religious,2024,June,Monsoon,None,5928
Kusumanchi Temples,Khammam,religious,2024,July,Monsoon,Bonalu,6467
Kusumanchi Temples,Khammam,religious,2024,August,Monsoon,"Independence Day, Krishna Janmashtami",6296
Kusumanchi Temples,Khammam,religious,2024,September,Monsoon,Vinayaka Chavithi,7249
Kusumanchi Temples,Khammam,religious,2024,October,Post-Monsoon,"Bathukamma, Dussehra",14612
Kusumanchi Temples,Khammam,religious,2024,November,Winter,Diwali,17279
Kusumanchi Temples,Khammam,religious,2024,December,Winter,Christmas,18452
Kusumanchi Temples,Khammam,religious,2025,January,Winter,"Bhogi, Sankranti",21445
Kusumanchi Temples,Khammam,religious,2025,February,Winter,Maha Shivaratri,16432
Kusumanchi Temples,Khammam,religious,2025,March,Summer,Holi,10840
Kusumanchi Temples,Khammam,religious,2025,April,Summer,"Ugadi, Sri Rama Navami",11550
Kusumanchi Temples,Khammam,religious,2025,May,Summer,Buddha Purnima,10131
Kusumanchi Temples,Khammam,religious,2025,June,Monsoon,None,6450
Kusumanchi Temples,Khammam,religious,2025,July,Monsoon,Bonalu,6927
Kusumanchi Temples,Khammam,religious,2025,August,Monsoon,"Independence Day, Krishna Janmashtami",7216
Kusumanchi Temples,Khammam,religious,2025,September,Monsoon,Vinayaka Chavithi,7201
Kusumanchi Temples,Khammam,religious,2025,October,Post-Monsoon,"Bathukamma, Dussehra",17429
Kusumanchi Temples,Khammam,religious,2025,November,Winter,Diwali,18898
Kusumanchi Temples,Khammam,religious,2025,December,Winter,Christmas,21686
Jodeghat Memorial,Komaram Bheem Asifabad,heritage,2024,January,Winter,"Bhogi, Sankranti",13581
Jodeghat Memorial,Komaram Bheem Asifabad,heritage,2024,February,Winter,Maha Shivaratri,13144
Jodeghat Memorial,Komaram Bheem Asifabad,heritage,2024,March,Summer,Holi,8362
Jodeghat Memorial,Komaram Bheem Asifabad,heritage,2024,April,Summer,"Ugadi, Sri Rama Navami",8112
Jodeghat Memorial,Komaram Bheem Asifabad,heritage,2024,May,Summer,Buddha Purnima,6646
Jodeghat Memorial,Komaram Bheem Asifabad,heritage,2024,June,Monsoon,None,4676
Jodeghat Memorial,Komaram Bheem Asifabad,heritage,2024,July,Monsoon,Bonalu,4441
Jodeghat Memorial,Komaram Bheem Asifabad,heritage,2024,August,Monsoon,"Independence Day, Krishna Janmashtami",5989
Jodeghat Memorial,Komaram Bheem Asifabad,heritage,2024,September,Monsoon,Vinayaka Chavithi,5607
Jodeghat Memorial,Komaram Bheem Asifabad,heritage,2024,October,Post-Monsoon,"Bathukamma, Dussehra",12123
Jodeghat Memorial,Komaram Bheem Asifabad,heritage,2024,November,Winter,Diwali,12323
Jodeghat Memorial,Komaram Bheem Asifabad,heritage,2024,December,Winter,Christmas,13627
Jodeghat Memorial,Komaram Bheem Asifabad,heritage,2025,January,Winter,"Bhogi, Sankranti",16879
Jodeghat Memorial,Komaram Bheem Asifabad,heritage,2025,February,Winter,Maha Shivaratri,13595
Jodeghat Memorial,Komaram Bheem Asifabad,heritage,2025,March,Summer,Holi,8860
Jodeghat Memorial,Komaram Bheem Asifabad,heritage,2025,April,Summer,"Ugadi, Sri Rama Navami",8548
Jodeghat Memorial,Komaram Bheem Asifabad,heritage,2025,May,Summer,Buddha Purnima,6428
Jodeghat Memorial,Komaram Bheem Asifabad,heritage,2025,June,Monsoon,None,5273
Jodeghat Memorial,Komaram Bheem Asifabad,heritage,2025,July,Monsoon,Bonalu,5052
Jodeghat Memorial,Komaram Bheem Asifabad,heritage,2025,August,Monsoon,"Independence Day, Krishna Janmashtami",6269
Jodeghat Memorial,Komaram Bheem Asifabad,heritage,2025,September,Monsoon,Vinayaka Chavithi,6255
Jodeghat Memorial,Komaram Bheem Asifabad,heritage,2025,October,Post-Monsoon,"Bathukamma, Dussehra",11786
Jodeghat Memorial,Komaram Bheem Asifabad,heritage,2025,November,Winter,Diwali,14555
Jodeghat Memorial,Komaram Bheem Asifabad,heritage,2025,December,Winter,Christmas,17357
Kerameri Ghats,Komaram Bheem Asifabad,other,2024,January,Winter,"Bhogi, Sankranti",9437
Kerameri Ghats,Komaram Bheem Asifabad,other,2024,February,Winter,Maha Shivaratri,8068
Kerameri Ghats,Komaram Bheem Asifabad,other,2024,March,Summer,Holi,5090
Kerameri Ghats,Komaram Bheem Asifabad,other,2024,April,Summer,"Ugadi, Sri Rama Navami",5071
Kerameri Ghats,Komaram Bheem Asifabad,other,2024,May,Summer,Buddha Purnima,4184
Kerameri Ghats,Komaram Bheem Asifabad,other,2024,June,Monsoon,None,2791
Kerameri Ghats,Komaram Bheem Asifabad,other,2024,July,Monsoon,Bonalu,3080
Kerameri Ghats,Komaram Bheem Asifabad,other,2024,August,Monsoon,"Independence Day, Krishna Janmashtami",3726
Kerameri Ghats,Komaram Bheem Asifabad,other,2024,September,Monsoon,Vinayaka Chavithi,3500
Kerameri Ghats,Komaram Bheem Asifabad,other,2024,October,Post-Monsoon,"Bathukamma, Dussehra",8000
Kerameri Ghats,Komaram Bheem Asifabad,other,2024,November,Winter,Diwali,8404
Kerameri Ghats,Komaram Bheem Asifabad,other,2024,December,Winter,Christmas,8740
Kerameri Ghats,Komaram Bheem Asifabad,other,2025,January,Winter,"Bhogi, Sankranti",10443
Kerameri Ghats,Komaram Bheem Asifabad,other,2025,February,Winter,Maha Shivaratri,8613
Kerameri Ghats,Komaram Bheem Asifabad,other,2025,March,Summer,Holi,5415
Kerameri Ghats,Komaram Bheem Asifabad,other,2025,April,Summer,"Ugadi, Sri Rama Navami",5341
Kerameri Ghats,Komaram Bheem Asifabad,other,2025,May,Summer,Buddha Purnima,4458
Kerameri Ghats,Komaram Bheem Asifabad,other,2025,June,Monsoon,None,3267
Kerameri Ghats,Komaram Bheem Asifabad,other,2025,July,Monsoon,Bonalu,3336
Kerameri Ghats,Komaram Bheem Asifabad,other,2025,August,Monsoon,"Independence Day, Krishna Janmashtami",3444
Kerameri Ghats,Komaram Bheem Asifabad,other,2025,September,Monsoon,Vinayaka Chavithi,3724
Kerameri Ghats,Komaram Bheem Asifabad,other,2025,October,Post-Monsoon,"Bathukamma, Dussehra",8441
Kerameri Ghats,Komaram Bheem Asifabad,other,2025,November,Winter,Diwali,9058
Kerameri Ghats,Komaram Bheem Asifabad,other,2025,December,Winter,Christmas,9619
Kuravi Veerabhadra Swamy Temple,Mahabubabad,religious,2024,January,Winter,"Bhogi, Sankranti",17309
Kuravi Veerabhadra Swamy Temple,Mahabubabad,religious,2024,February,Winter,Maha Shivaratri,15433
Kuravi Veerabhadra Swamy Temple,Mahabubabad,religious,2024,March,Summer,Holi,8754
Kuravi Veerabhadra Swamy Temple,Mahabubabad,religious,2024,April,Summer,"Ugadi, Sri Rama Navami",10067
Kuravi Veerabhadra Swamy Temple,Mahabubabad,religious,2024,May,Summer,Buddha Purnima,8098
Kuravi Veerabhadra Swamy Temple,Mahabubabad,religious,2024,June,Monsoon,None,5664
Kuravi Veerabhadra Swamy Temple,Mahabubabad,religious,2024,July,Monsoon,Bonalu,6117
Kuravi Veerabhadra Swamy Temple,Mahabubabad,religious,2024,August,Monsoon,"Independence Day, Krishna Janmashtami",7272
Kuravi Veerabhadra Swamy Temple,Mahabubabad,religious,2024,September,Monsoon,Vinayaka Chavithi,8136
Kuravi Veerabhadra Swamy Temple,Mahabubabad,religious,2024,October,Post-Monsoon,"Bathukamma, Dussehra",13920
Kuravi Veerabhadra Swamy Temple,Mahabubabad,religious,2024,November,Winter,Diwali,18009
Kuravi Veerabhadra Swamy Temple,Mahabubabad,religious,2024,December,Winter,Christmas,19338
Kuravi Veerabhadra Swamy Temple,Mahabubabad,religious,2025,January,Winter,"Bhogi, Sankranti",19274
Kuravi Veerabhadra Swamy Temple,Mahabubabad,religious,2025,February,Winter,Maha Shivaratri,17797
Kuravi Veerabhadra Swamy Temple,Mahabubabad,religious,2025,March,Summer,Holi,10277
Kuravi Veerabhadra Swamy Temple,Mahabubabad,religious,2025,April,Summer,"Ugadi, Sri Rama Navami",11029
Kuravi Veerabhadra Swamy Temple,Mahabubabad,religious,2025,May,Summer,Buddha Purnima,9696
Kuravi Veerabhadra Swamy Temple,Mahabubabad,religious,2025,June,Monsoon,None,6623
Kuravi Veerabhadra Swamy Temple,Mahabubabad,religious,2025,July,Monsoon,Bonalu,6798
Kuravi Veerabhadra Swamy Temple,Mahabubabad,religious,2025,August,Monsoon,"Independence Day, Krishna Janmashtami",7548
Kuravi Veerabhadra Swamy Temple,Mahabubabad,religious,2025,September,Monsoon,Vinayaka Chavithi,7365
Kuravi Veerabhadra Swamy Temple,Mahabubabad,religious,2025,October,Post-Monsoon,"Bathukamma, Dussehra",16094
Kuravi Veerabhadra Swamy Temple,Mahabubabad,religious,2025,November,Winter,Diwali,19494
Kuravi Veerabhadra Swamy Temple,Mahabubabad,religious,2025,December,Winter,Christmas,18396
Pakhal WLS,Mahabubabad,nature,2024,January,Winter,"Bhogi, Sankranti",11727
Pakhal WLS,Mahabubabad,nature,2024,February,Winter,Maha Shivaratri,10944
Pakhal WLS,Mahabubabad,nature,2024,March,Summer,Holi,6173
Pakhal WLS,Mahabubabad,nature,2024,April,Summer,"Ugadi, Sri Rama Navami",6478
Pakhal WLS,Mahabubabad,nature,2024,May,Summer,Buddha Purnima,5447
Pakhal WLS,Mahabubabad,nature,2024,June,Monsoon,None,3697
Pakhal WLS,Mahabubabad,nature,2024,July,Monsoon,Bonalu,3893
Pakhal WLS,Mahabubabad,nature,2024,August,Monsoon,"Independence Day, Krishna Janmashtami",4929
Pakhal WLS,Mahabubabad,nature,2024,September,Monsoon,Vinayaka Chavithi,4589
Pakhal WLS,Mahabubabad,nature,2024,October,Post-Monsoon,"Bathukamma, Dussehra",9237
Pakhal WLS,Mahabubabad,nature,2024,November,Winter,Diwali,10991
Pakhal WLS,Mahabubabad,nature,2024,December,Winter,Christmas,12744
Pakhal WLS,Mahabubabad,nature,2025,January,Winter,"Bhogi, Sankranti",13239
Pakhal WLS,Mahabubabad,nature,2025,February,Winter,Maha Shivaratri,11473
Pakhal WLS,Mahabubabad,nature,2025,March,Summer,Holi,7028
Pakhal WLS,Mahabubabad,nature,2025,April,Summer,"Ugadi, Sri Rama Navami",6649
Pakhal WLS,Mahabubabad,nature,2025,May,Summer,Buddha Purnima,6159
Pakhal WLS,Mahabubabad,nature,2025,June,Monsoon,None,4368
Pakhal WLS,Mahabubabad,nature,2025,July,Monsoon,Bonalu,4329
Pakhal WLS,Mahabubabad,nature,2025,August,Monsoon,"Independence Day, Krishna Janmashtami",5401
Pakhal WLS,Mahabubabad,nature,2025,September,Monsoon,Vinayaka Chavithi,5004
Pakhal WLS,Mahabubabad,nature,2025,October,Post-Monsoon,"Bathukamma, Dussehra",11454
Pakhal WLS,Mahabubabad,nature,2025,November,Winter,Diwali,12351
Pakhal WLS,Mahabubabad,nature,2025,December,Winter,Christmas,13054
"palle prakruthi vanam (local village park, not a major tourist attraction)",Mahabubabad,nature,2024,January,Winter,"Bhogi, Sankranti",12368
"palle prakruthi vanam (local village park, not a major tourist attraction)",Mahabubabad,nature,2024,February,Winter,Maha Shivaratri,10817
"palle prakruthi vanam (local village park, not a major tourist attraction)",Mahabubabad,nature,2024,March,Summer,Holi,6889
"palle prakruthi vanam (local village park, not a major tourist attraction)",Mahabubabad,nature,2024,April,Summer,"Ugadi, Sri Rama Navami",6382
"palle prakruthi vanam (local village park, not a major tourist attraction)",Mahabubabad,nature,2024,May,Summer,Buddha Purnima,5353
"palle prakruthi vanam (local village park, not a major tourist attraction)",Mahabubabad,nature,2024,June,Monsoon,None,4174
"palle prakruthi vanam (local village park, not a major tourist attraction)",Mahabubabad,nature,2024,July,Monsoon,Bonalu,3970
"palle prakruthi vanam (local village park, not a major tourist attraction)",Mahabubabad,nature,2024,August,Monsoon,"Independence Day, Krishna Janmashtami",4976
"palle prakruthi vanam (local village park, not a major tourist attraction)",Mahabubabad,nature,2024,September,Monsoon,Vinayaka Chavithi,5328
"palle prakruthi vanam (local village park, not a major tourist attraction)",Mahabubabad,nature,2024,October,Post-Monsoon,"Bathukamma, Dussehra",9837
"palle prakruthi vanam (local village park, not a major tourist attraction)",Mahabubabad,nature,2024,November,Winter,Diwali,11735
"palle prakruthi vanam (local village park, not a major tourist attraction)",Mahabubabad,nature,2024,December,Winter,Christmas,11585
"palle prakruthi vanam (local village park, not a major tourist attraction)",Mahabubabad,nature,2025,January,Winter,"Bhogi, Sankranti",13875
"palle prakruthi vanam (local village park, not a major tourist attraction)",Mahabubabad,nature,2025,February,Winter,Maha Shivaratri,11863
"palle prakruthi vanam (local village park, not a major tourist attraction)",Mahabubabad,nature,2025,March,Summer,Holi,7178
"palle prakruthi vanam (local village park, not a major tourist attraction)",Mahabubabad,nature,2025,April,Summer,"Ugadi, Sri Rama Navami",7050
"palle prakruthi vanam (local village park, not a major tourist attraction)",Mahabubabad,nature,2025,May,Summer,Buddha Purnima,5511
"palle prakruthi vanam (local village park, not a major tourist attraction)",Mahabubabad,nature,2025,June,Monsoon,None,4393
"palle prakruthi vanam (local village park, not a major tourist attraction)",Mahabubabad,nature,2025,July,Monsoon,Bonalu,3963
"palle prakruthi vanam (local village park, not a major tourist attraction)",Mahabubabad,nature,2025,August,Monsoon,"Independence Day, Krishna Janmashtami",5061
"palle prakruthi vanam (local village park, not a major tourist attraction)",Mahabubabad,nature,2025,September,Monsoon,Vinayaka Chavithi,5553
"palle prakruthi vanam (local village park, not a major tourist attraction)",Mahabubabad,nature,2025,October,Post-Monsoon,"Bathukamma, Dussehra",10946
"palle prakruthi vanam (local village park, not a major tourist attraction)",Mahabubabad,nature,2025,November,Winter,Diwali,13450
"palle prakruthi vanam (local village park, not a major tourist attraction)",Mahabubabad,nature,2025,December,Winter,Christmas,13958
Koilsagar Dam,Mahabubnagar,nature,2024,January,Winter,"Bhogi, Sankranti",12072
Koilsagar Dam,Mahabubnagar,nature,2024,February,Winter,Maha Shivaratri,10978
Koilsagar Dam,Mahabubnagar,nature,2024,March,Summer,Holi,6529
Koilsagar Dam,Mahabubnagar,nature,2024,April,Summer,"Ugadi, Sri Rama Navami",6262
Koilsagar Dam,Mahabubnagar,nature,2024,May,Summer,Buddha Purnima,5346
Koilsagar Dam,Mahabubnagar,nature,2024,June,Monsoon,None,3888
Koilsagar Dam,Mahabubnagar,nature,2024,July,Monsoon,Bonalu,3705
Koilsagar Dam,Mahabubnagar,nature,2024,August,Monsoon,"Independence Day, Krishna Janmashtami",4811
Koilsagar Dam,Mahabubnagar,nature,2024,September,Monsoon,Vinayaka Chavithi,4888
Koilsagar Dam,Mahabubnagar,nature,2024,October,Post-Monsoon,"Bathukamma, Dussehra",9273
Koilsagar Dam,Mahabubnagar,nature,2024,November,Winter,Diwali,11671
Koilsagar Dam,Mahabubnagar,nature,2024,December,Winter,Christmas,12837
Koilsagar Dam,Mahabubnagar,nature,2025,January,Winter,"Bhogi, Sankranti",13631
Koilsagar Dam,Mahabubnagar,nature,2025,February,Winter,Maha Shivaratri,11648
Koilsagar Dam,Mahabubnagar,nature,2025,March,Summer,Holi,7278
Koilsagar Dam,Mahabubnagar,nature,2025,April,Summer,"Ugadi, Sri Rama Navami",7594
Koilsagar Dam,Mahabubnagar,nature,2025,May,Summer,Buddha Purnima,6152
Koilsagar Dam,Mahabubnagar,nature,2025,June,Monsoon,None,4142
Koilsagar Dam,Mahabubnagar,nature,2025,July,Monsoon,Bonalu,4517
Koilsagar Dam,Mahabubnagar,nature,2025,August,Monsoon,"Independence Day, Krishna Janmashtami",5494
Koilsagar Dam,Mahabubnagar,nature,2025,September,Monsoon,Vinayaka Chavithi,5186
Koilsagar Dam,Mahabubnagar,nature,2025,October,Post-Monsoon,"Bathukamma, Dussehra",12076
Koilsagar Dam,Mahabubnagar,nature,2025,November,Winter,Diwali,12030
Koilsagar Dam,Mahabubnagar,nature,2025,December,Winter,Christmas,13406
Manyamkonda Temple,Mahabubnagar,religious,2024,January,Winter,"Bhogi, Sankranti",18090
Manyamkonda Temple,Mahabubnagar,religious,2024,February,Winter,Maha Shivaratri,16628
Manyamkonda Temple,Mahabubnagar,religious,2024,March,Summer,Holi,8962
Manyamkonda Temple,Mahabubnagar,religious,2024,April,Summer,"Ugadi, Sri Rama Navami",9921
Manyamkonda Temple,Mahabubnagar,religious,2024,May,Summer,Buddha Purnima,7955
Manyamkonda Temple,Mahabubnagar,religious,2024,June,Monsoon,None,6041
Manyamkonda Temple,Mahabubnagar,religious,2024,July,Monsoon,Bonalu,6495
Manyamkonda Temple,Mahabubnagar,religious,2024,August,Monsoon,"Independence Day, Krishna Janmashtami",7433
Manyamkonda Temple,Mahabubnagar,religious,2024,September,Monsoon,Vinayaka Chavithi,6544
Manyamkonda Temple,Mahabubnagar,religious,2024,October,Post-Monsoon,"Bathukamma, Dussehra",16730
Manyamkonda Temple,Mahabubnagar,religious,2024,November,Winter,Diwali,17413
Manyamkonda Temple,Mahabubnagar,religious,2024,December,Winter,Christmas,17868
Manyamkonda Temple,Mahabubnagar,religious,2025,January,Winter,"Bhogi, Sankranti",20376
Manyamkonda Temple,Mahabubnagar,religious,2025,February,Winter,Maha Shivaratri,17917
Manyamkonda Temple,Mahabubnagar,religious,2025,March,Summer,Holi,10249
Manyamkonda Temple,Mahabubnagar,religious,2025,April,Summer,"Ugadi, Sri Rama Navami",11125
Manyamkonda Temple,Mahabubnagar,religious,2025,May,Summer,Buddha Purnima,8812
Manyamkonda Temple,Mahabubnagar,religious,2025,June,Monsoon,None,6349
Manyamkonda Temple,Mahabubnagar,religious,2025,July,Monsoon,Bonalu,6453
Manyamkonda Temple,Mahabubnagar,religious,2025,August,Monsoon,"Independence Day, Krishna Janmashtami",7219
Manyamkonda Temple,Mahabubnagar,religious,2025,September,Monsoon,Vinayaka Chavithi,8077
Manyamkonda Temple,Mahabubnagar,religious,2025,October,Post-Monsoon,"Bathukamma, Dussehra",16874
Manyamkonda Temple,Mahabubnagar,religious,2025,November,Winter,Diwali,19010
Manyamkonda Temple,Mahabubnagar,religious,2025,December,Winter,Christmas,20900
Pillalamarri Banyan Tree,Mahabubnagar,other,2024,January,Winter,"Bhogi, Sankranti",9512
Pillalamarri Banyan Tree,Mahabubnagar,other,2024,February,Winter,Maha Shivaratri,8003
Pillalamarri Banyan Tree,Mahabubnagar,other,2024,March,Summer,Holi,5115
Pillalamarri Banyan Tree,Mahabubnagar,other,2024,April,Summer,"Ugadi, Sri Rama Navami",4754
Pillalamarri Banyan Tree,Mahabubnagar,other,2024,May,Summer,Buddha Purnima,4018
Pillalamarri Banyan Tree,Mahabubnagar,other,2024,June,Monsoon,None,2855
Pillalamarri Banyan Tree,Mahabubnagar,other,2024,July,Monsoon,Bonalu,3261
Pillalamarri Banyan Tree,Mahabubnagar,other,2024,August,Monsoon,"Independence Day, Krishna Janmashtami",3770
Pillalamarri Banyan Tree,Mahabubnagar,other,2024,September,Monsoon,Vinayaka Chavithi,3803
Pillalamarri Banyan Tree,Mahabubnagar,other,2024,October,Post-Monsoon,"Bathukamma, Dussehra",7997
Pillalamarri Banyan Tree,Mahabubnagar,other,2024,November,Winter,Diwali,8203
Pillalamarri Banyan Tree,Mahabubnagar,other,2024,December,Winter,Christmas,9457
Pillalamarri Banyan Tree,Mahabubnagar,other,2025,January,Winter,"Bhogi, Sankranti",10045
Pillalamarri Banyan Tree,Mahabubnagar,other,2025,February,Winter,Maha Shivaratri,9256
Pillalamarri Banyan Tree,Mahabubnagar,other,2025,March,Summer,Holi,5271
Pillalamarri Banyan Tree,Mahabubnagar,other,2025,April,Summer,"Ugadi, Sri Rama Navami",5402
Pillalamarri Banyan Tree,Mahabubnagar,other,2025,May,Summer,Buddha Purnima,4667
Pillalamarri Banyan Tree,Mahabubnagar,other,2025,June,Monsoon,None,3382
Pillalamarri Banyan Tree,Mahabubnagar,other,2025,July,Monsoon,Bonalu,3230
Pillalamarri Banyan Tree,Mahabubnagar,other,2025,August,Monsoon,"Independence Day, Krishna Janmashtami",3876
Pillalamarri Banyan Tree,Mahabubnagar,other,2025,September,Monsoon,Vinayaka Chavithi,3797
Pillalamarri Banyan Tree,Mahabubnagar,other,2025,October,Post-Monsoon,"Bathukamma, Dussehra",7173
Pillalamarri Banyan Tree,Mahabubnagar,other,2025,November,Winter,Diwali,9359
Pillalamarri Banyan Tree,Mahabubnagar,other,2025,December,Winter,Christmas,10344
Pillalamarri Mini Zoo,Mahabubnagar,leisure,2024,January,Winter,"Bhogi, Sankranti",11063
Pillalamarri Mini Zoo,Mahabubnagar,leisure,2024,February,Winter,Maha Shivaratri,8658
Pillalamarri Mini Zoo,Mahabubnagar,leisure,2024,March,Summer,Holi,5626
Pillalamarri Mini Zoo,Mahabubnagar,leisure,2024,April,Summer,"Ugadi, Sri Rama Navami",5290
Pillalamarri Mini Zoo,Mahabubnagar,leisure,2024,May,Summer,Buddha Purnima,5245
Pillalamarri Mini Zoo,Mahabubnagar,leisure,2024,June,Monsoon,None,3310
Pillalamarri Mini Zoo,Mahabubnagar,leisure,2024,July,Monsoon,Bonalu,3836
Pillalamarri Mini Zoo,Mahabubnagar,leisure,2024,August,Monsoon,"Independence Day, Krishna Janmashtami",4399
Pillalamarri Mini Zoo,Mahabubnagar,leisure,2024,September,Monsoon,Vinayaka Chavithi,4136
Pillalamarri Mini Zoo,Mahabubnagar,leisure,2024,October,Post-Monsoon,"Bathukamma, Dussehra",8353
Pillalamarri Mini Zoo,Mahabubnagar,leisure,2024,November,Winter,Diwali,10185
Pillalamarri Mini Zoo,Mahabubnagar,leisure,2024,December,Winter,Christmas,10386
Pillalamarri Mini Zoo,Mahabubnagar,leisure,2025,January,Winter,"Bhogi, Sankranti",11854
Pillalamarri Mini Zoo,Mahabubnagar,leisure,2025,February,Winter,Maha Shivaratri,10110
Pillalamarri Mini Zoo,Mahabubnagar,leisure,2025,March,Summer,Holi,5634
Pillalamarri Mini Zoo,Mahabubnagar,leisure,2025,April,Summer,"Ugadi, Sri Rama Navami",5709
Pillalamarri Mini Zoo,Mahabubnagar,leisure,2025,May,Summer,Buddha Purnima,5362
Pillalamarri Mini Zoo,Mahabubnagar,leisure,2025,June,Monsoon,None,3674
Pillalamarri Mini Zoo,Mahabubnagar,leisure,2025,July,Monsoon,Bonalu,3790
Pillalamarri Mini Zoo,Mahabubnagar,leisure,2025,August,Monsoon,"Independence Day, Krishna Janmashtami",4694
Pillalamarri Mini Zoo,Mahabubnagar,leisure,2025,September,Monsoon,Vinayaka Chavithi,4952
Pillalamarri Mini Zoo,Mahabubnagar,leisure,2025,October,Post-Monsoon,"Bathukamma, Dussehra",9433
Pillalamarri Mini Zoo,Mahabubnagar,leisure,2025,November,Winter,Diwali,10627
Pillalamarri Mini Zoo,Mahabubnagar,leisure,2025,December,Winter,Christmas,12005
Koilkonda Fort,Mahabubnagar,heritage,2024,January,Winter,"Bhogi, Sankranti",13814
Koilkonda Fort,Mahabubnagar,heritage,2024,February,Winter,Maha Shivaratri,13164
Koilkonda Fort,Mahabubnagar,heritage,2024,March,Summer,Holi,7987
Koilkonda Fort,Mahabubnagar,heritage,2024,April,Summer,"Ugadi, Sri Rama Navami",8350
Koilkonda Fort,Mahabubnagar,heritage,2024,May,Summer,Buddha Purnima,6017
Koilkonda Fort,Mahabubnagar,heritage,2024,June,Monsoon,None,4569
Koilkonda Fort,Mahabubnagar,heritage,2024,July,Monsoon,Bonalu,4683
Koilkonda Fort,Mahabubnagar,heritage,2024,August,Monsoon,"Independence Day, Krishna Janmashtami",5728
Koilkonda Fort,Mahabubnagar,heritage,2024,September,Monsoon,Vinayaka Chavithi,6019
Koilkonda Fort,Mahabubnagar,heritage,2024,October,Post-Monsoon,"Bathukamma, Dussehra",12917
Koilkonda Fort,Mahabubnagar,heritage,2024,November,Winter,Diwali,13249
Koilkonda Fort,Mahabubnagar,heritage,2024,December,Winter,Christmas,14351
Koilkonda Fort,Mahabubnagar,heritage,2025,January,Winter,"Bhogi, Sankranti",16926
Koilkonda Fort,Mahabubnagar,heritage,2025,February,Winter,Maha Shivaratri,14269
Koilkonda Fort,Mahabubnagar,heritage,2025,March,Summer,Holi,8926
Koilkonda Fort,Mahabubnagar,heritage,2025,April,Summer,"Ugadi, Sri Rama Navami",8847
Koilkonda Fort,Mahabubnagar,heritage,2025,May,Summer,Buddha Purnima,6779
Koilkonda Fort,Mahabubnagar,heritage,2025,June,Monsoon,None,4788
Koilkonda Fort,Mahabubnagar,heritage,2025,July,Monsoon,Bonalu,4880
Koilkonda Fort,Mahabubnagar,heritage,2025,August,Monsoon,"Independence Day, Krishna Janmashtami",6360
Koilkonda Fort,Mahabubnagar,heritage,2025,September,Monsoon,Vinayaka Chavithi,6726
Koilkonda Fort,Mahabubnagar,heritage,2025,October,Post-Monsoon,"Bathukamma, Dussehra",14179
Koilkonda Fort,Mahabubnagar,heritage,2025,November,Winter,Diwali,15290
Koilkonda Fort,Mahabubnagar,heritage,2025,December,Winter,Christmas,16818
Annaram Barrage,Mancherial,nature,2024,January,Winter,"Bhogi, Sankranti",12118
Annaram Barrage,Mancherial,nature,2024,February,Winter,Maha Shivaratri,10329
Annaram Barrage,Mancherial,nature,2024,March,Summer,Holi,6823
Annaram Barrage,Mancherial,nature,2024,April,Summer,"Ugadi, Sri Rama Navami",6942
Annaram Barrage,Mancherial,nature,2024,May,Summer,Buddha Purnima,5640
Annaram Barrage,Mancherial,nature,2024,June,Monsoon,None,4077
Annaram Barrage,Mancherial,nature,2024,July,Monsoon,Bonalu,4192
Annaram Barrage,Mancherial,nature,2024,August,Monsoon,"Independence Day, Krishna Janmashtami",5108
Annaram Barrage,Mancherial,nature,2024,September,Monsoon,Vinayaka Chavithi,5270
Annaram Barrage,Mancherial,nature,2024,October,Post-Monsoon,"Bathukamma, Dussehra",10395
Annaram Barrage,Mancherial,nature,2024,November,Winter,Diwali,11924
Annaram Barrage,Mancherial,nature,2024,December,Winter,Christmas,12712
Annaram Barrage,Mancherial,nature,2025,January,Winter,"Bhogi, Sankranti",13168
Annaram Barrage,Mancherial,nature,2025,February,Winter,Maha Shivaratri,12288
Annaram Barrage,Mancherial,nature,2025,March,Summer,Holi,6576
Annaram Barrage,Mancherial,nature,2025,April,Summer,"Ugadi, Sri Rama Navami",7731
Annaram Barrage,Mancherial,nature,2025,May,Summer,Buddha Purnima,5697
Annaram Barrage,Mancherial,nature,2025,June,Monsoon,None,4382
Annaram Barrage,Mancherial,nature,2025,July,Monsoon,Bonalu,4267
Annaram Barrage,Mancherial,nature,2025,August,Monsoon,"Independence Day, Krishna Janmashtami",5327
Annaram Barrage,Mancherial,nature,2025,September,Monsoon,Vinayaka Chavithi,5337
Annaram Barrage,Mancherial,nature,2025,October,Post-Monsoon,"Bathukamma, Dussehra",10058
Annaram Barrage,Mancherial,nature,2025,November,Winter,Diwali,12615
Annaram Barrage,Mancherial,nature,2025,December,Winter,Christmas,12998
Gandhari Killa,Mancherial,heritage,2024,January,Winter,"Bhogi, Sankranti",15473
Gandhari Killa,Mancherial,heritage,2024,February,Winter,Maha Shivaratri,13020
Gandhari Killa,Mancherial,heritage,2024,March,Summer,Holi,7926
Gandhari Killa,Mancherial,heritage,2024,April,Summer,"Ugadi, Sri Rama Navami",7688
Gandhari Killa,Mancherial,heritage,2024,May,Summer,Buddha Purnima,6466
Gandhari Killa,Mancherial,heritage,2024,June,Monsoon,None,4641
Gandhari Killa,Mancherial,heritage,2024,July,Monsoon,Bonalu,5108
Gandhari Killa,Mancherial,heritage,2024,August,Monsoon,"Independence Day, Krishna Janmashtami",6178
Gandhari Killa,Mancherial,heritage,2024,September,Monsoon,Vinayaka Chavithi,5641
Gandhari Killa,Mancherial,heritage,2024,October,Post-Monsoon,"Bathukamma, Dussehra",12664
Gandhari Killa,Mancherial,heritage,2024,November,Winter,Diwali,12111
Gandhari Killa,Mancherial,heritage,2024,December,Winter,Christmas,13838
Gandhari Killa,Mancherial,heritage,2025,January,Winter,"Bhogi, Sankranti",15238
Gandhari Killa,Mancherial,heritage,2025,February,Winter,Maha Shivaratri,13110
Gandhari Killa,Mancherial,heritage,2025,March,Summer,Holi,7729
Gandhari Killa,Mancherial,heritage,2025,April,Summer,"Ugadi, Sri Rama Navami",8901
Gandhari Killa,Mancherial,heritage,2025,May,Summer,Buddha Purnima,7118
Gandhari Killa,Mancherial,heritage,2025,June,Monsoon,None,5227
Gandhari Killa,Mancherial,heritage,2025,July,Monsoon,Bonalu,5473
Gandhari Killa,Mancherial,heritage,2025,August,Monsoon,"Independence Day, Krishna Janmashtami",6238
Gandhari Killa,Mancherial,heritage,2025,September,Monsoon,Vinayaka Chavithi,6557
Gandhari Killa,Mancherial,heritage,2025,October,Post-Monsoon,"Bathukamma, Dussehra",12934
Gandhari Killa,Mancherial,heritage,2025,November,Winter,Diwali,13801
Gandhari Killa,Mancherial,heritage,2025,December,Winter,Christmas,16735
Kawal Tiger Reserve,Mancherial,nature,2024,January,Winter,"Bhogi, Sankranti",12112
Kawal Tiger Reserve,Mancherial,nature,2024,February,Winter,Maha Shivaratri,10450
Kawal Tiger Reserve,Mancherial,nature,2024,March,Summer,Holi,6487
Kawal Tiger Reserve,Mancherial,nature,2024,April,Summer,"Ugadi, Sri Rama Navami",6490
Kawal Tiger Reserve,Mancherial,nature,2024,May,Summer,Buddha Purnima,5493
Kawal Tiger Reserve,Mancherial,nature,2024,June,Monsoon,None,4069
Kawal Tiger Reserve,Mancherial,nature,2024,July,Monsoon,Bonalu,4197
Kawal Tiger Reserve,Mancherial,nature,2024,August,Monsoon,"Independence Day, Krishna Janmashtami",4584
Kawal Tiger Reserve,Mancherial,nature,2024,September,Monsoon,Vinayaka Chavithi,4829
Kawal Tiger Reserve,Mancherial,nature,2024,October,Post-Monsoon,"Bathukamma, Dussehra",10664
Kawal Tiger Reserve,Mancherial,nature,2024,November,Winter,Diwali,11724
Kawal Tiger Reserve,Mancherial,nature,2024,December,Winter,Christmas,13679
Kawal Tiger Reserve,Mancherial,nature,2025,January,Winter,"Bhogi, Sankranti",14274
Kawal Tiger Reserve,Mancherial,nature,2025,February,Winter,Maha Shivaratri,12518
Kawal Tiger Reserve,Mancherial,nature,2025,March,Summer,Holi,6578
Kawal Tiger Reserve,Mancherial,nature,2025,April,Summer,"Ugadi, Sri Rama Navami",7624
Kawal Tiger Reserve,Mancherial,nature,2025,May,Summer,Buddha Purnima,6043
Kawal Tiger Reserve,Mancherial,nature,2025,June,Monsoon,None,4201
Kawal Tiger Reserve,Mancherial,nature,2025,July,Monsoon,Bonalu,4492
Kawal Tiger Reserve,Mancherial,nature,2025,August,Monsoon,"Independence Day, Krishna Janmashtami",5429
Kawal Tiger Reserve,Mancherial,nature,2025,September,Monsoon,Vinayaka Chavithi,5480
Kawal Tiger Reserve,Mancherial,nature,2025,October,Post-Monsoon,"Bathukamma, Dussehra",10449
Kawal Tiger Reserve,Mancherial,nature,2025,November,Winter,Diwali,12814
Kawal Tiger Reserve,Mancherial,nature,2025,December,Winter,Christmas,12958
Medigadda Barrage Complex,Mancherial,nature,2024,January,Winter,"Bhogi, Sankranti",12615
Medigadda Barrage Complex,Mancherial,nature,2024,February,Winter,Maha Shivaratri,10797
Medigadda Barrage Complex,Mancherial,nature,2024,March,Summer,Holi,6473
Medigadda Barrage Complex,Mancherial,nature,2024,April,Summer,"Ugadi, Sri Rama Navami",7060
Medigadda Barrage Complex,Mancherial,nature,2024,May,Summer,Buddha Purnima,5318
Medigadda Barrage Complex,Mancherial,nature,2024,June,Monsoon,None,4389
Medigadda Barrage Complex,Mancherial,nature,2024,July,Monsoon,Bonalu,3749
Medigadda Barrage Complex,Mancherial,nature,2024,August,Monsoon,"Independence Day, Krishna Janmashtami",4657
Medigadda Barrage Complex,Mancherial,nature,2024,September,Monsoon,Vinayaka Chavithi,5042
Medigadda Barrage Complex,Mancherial,nature,2024,October,Post-Monsoon,"Bathukamma, Dussehra",10416
Medigadda Barrage Complex,Mancherial,nature,2024,November,Winter,Diwali,11382
Medigadda Barrage Complex,Mancherial,nature,2024,December,Winter,Christmas,12358
Medigadda Barrage Complex,Mancherial,nature,2025,January,Winter,"Bhogi, Sankranti",13755
Medigadda Barrage Complex,Mancherial,nature,2025,February,Winter,Maha Shivaratri,11704
Medigadda Barrage Complex,Mancherial,nature,2025,March,Summer,Holi,7561
Medigadda Barrage Complex,Mancherial,nature,2025,April,Summer,"Ugadi, Sri Rama Navami",7652
Medigadda Barrage Complex,Mancherial,nature,2025,May,Summer,Buddha Purnima,6323
Medigadda Barrage Complex,Mancherial,nature,2025,June,Monsoon,None,4111
Medigadda Barrage Complex,Mancherial,nature,2025,July,Monsoon,Bonalu,4437
Medigadda Barrage Complex,Mancherial,nature,2025,August,Monsoon,"Independence Day, Krishna Janmashtami",5106
Medigadda Barrage Complex,Mancherial,nature,2025,September,Monsoon,Vinayaka Chavithi,5077
Medigadda Barrage Complex,Mancherial,nature,2025,October,Post-Monsoon,"Bathukamma, Dussehra",11126
Medigadda Barrage Complex,Mancherial,nature,2025,November,Winter,Diwali,12023
Medigadda Barrage Complex,Mancherial,nature,2025,December,Winter,Christmas,13823
Parvati Barrage,Mancherial,nature,2024,January,Winter,"Bhogi, Sankranti",11812
Parvati Barrage,Mancherial,nature,2024,February,Winter,Maha Shivaratri,11906
Parvati Barrage,Mancherial,nature,2024,March,Summer,Holi,6252
Parvati Barrage,Mancherial,nature,2024,April,Summer,"Ugadi, Sri Rama Navami",6875
Parvati Barrage,Mancherial,nature,2024,May,Summer,Buddha Purnima,5832
Parvati Barrage,Mancherial,nature,2024,June,Monsoon,None,3886
Parvati Barrage,Mancherial,nature,2024,July,Monsoon,Bonalu,4301
Parvati Barrage,Mancherial,nature,2024,August,Monsoon,"Independence Day, Krishna Janmashtami",4505
Parvati Barrage,Mancherial,nature,2024,September,Monsoon,Vinayaka Chavithi,5309
Parvati Barrage,Mancherial,nature,2024,October,Post-Monsoon,"Bathukamma, Dussehra",10127
Parvati Barrage,Mancherial,nature,2024,November,Winter,Diwali,11099
Parvati Barrage,Mancherial,nature,2024,December,Winter,Christmas,12208
Parvati Barrage,Mancherial,nature,2025,January,Winter,"Bhogi, Sankranti",14023
Parvati Barrage,Mancherial,nature,2025,February,Winter,Maha Shivaratri,11494
Parvati Barrage,Mancherial,nature,2025,March,Summer,Holi,6804
Parvati Barrage,Mancherial,nature,2025,April,Summer,"Ugadi, Sri Rama Navami",7263
Parvati Barrage,Mancherial,nature,2025,May,Summer,Buddha Purnima,5702
Parvati Barrage,Mancherial,nature,2025,June,Monsoon,None,4713
Parvati Barrage,Mancherial,nature,2025,July,Monsoon,Bonalu,4329
Parvati Barrage,Mancherial,nature,2025,August,Monsoon,"Independence Day, Krishna Janmashtami",5400
Parvati Barrage,Mancherial,nature,2025,September,Monsoon,Vinayaka Chavithi,5402
Parvati Barrage,Mancherial,nature,2025,October,Post-Monsoon,"Bathukamma, Dussehra",10392
Parvati Barrage,Mancherial,nature,2025,November,Winter,Diwali,12351
Parvati Barrage,Mancherial,nature,2025,December,Winter,Christmas,13909
Pranahita WLS,Mancherial,nature,2024,January,Winter,"Bhogi, Sankranti",12362
Pranahita WLS,Mancherial,nature,2024,February,Winter,Maha Shivaratri,11617
Pranahita WLS,Mancherial,nature,2024,March,Summer,Holi,6879
Pranahita WLS,Mancherial,nature,2024,April,Summer,"Ugadi, Sri Rama Navami",7112
Pranahita WLS,Mancherial,nature,2024,May,Summer,Buddha Purnima,5481
Pranahita WLS,Mancherial,nature,2024,June,Monsoon,None,3784
Pranahita WLS,Mancherial,nature,2024,July,Monsoon,Bonalu,3998
Pranahita WLS,Mancherial,nature,2024,August,Monsoon,"Independence Day, Krishna Janmashtami",4847
Pranahita WLS,Mancherial,nature,2024,September,Monsoon,Vinayaka Chavithi,5085
Pranahita WLS,Mancherial,nature,2024,October,Post-Monsoon,"Bathukamma, Dussehra",9021
Pranahita WLS,Mancherial,nature,2024,November,Winter,Diwali,11435
Pranahita WLS,Mancherial,nature,2024,December,Winter,Christmas,12491
Pranahita WLS,Mancherial,nature,2025,January,Winter,"Bhogi, Sankranti",13291
Pranahita WLS,Mancherial,nature,2025,February,Winter,Maha Shivaratri,12605
Pranahita WLS,Mancherial,nature,2025,March,Summer,Holi,7218
Pranahita WLS,Mancherial,nature,2025,April,Summer,"Ugadi, Sri Rama Navami",7825
Pranahita WLS,Mancherial,nature,2025,May,Summer,Buddha Purnima,5993
Pranahita WLS,Mancherial,nature,2025,June,Monsoon,None,4522
Pranahita WLS,Mancherial,nature,2025,July,Monsoon,Bonalu,4819
Pranahita WLS,Mancherial,nature,2025,August,Monsoon,"Independence Day, Krishna Janmashtami",5524
Pranahita WLS,Mancherial,nature,2025,September,Monsoon,Vinayaka Chavithi,5054
Pranahita WLS,Mancherial,nature,2025,October,Post-Monsoon,"Bathukamma, Dussehra",10791
Pranahita WLS,Mancherial,nature,2025,November,Winter,Diwali,12142
Pranahita WLS,Mancherial,nature,2025,December,Winter,Christmas,13712
Air Force Academy Museum (AFA Museum),Medchal-Malkajgiri,heritage,2024,January,Winter,"Bhogi, Sankranti",15513
Air Force Academy Museum (AFA Museum),Medchal-Malkajgiri,heritage,2024,February,Winter,Maha Shivaratri,12623
Air Force Academy Museum (AFA Museum),Medchal-Malkajgiri,heritage,2024,March,Summer,Holi,7892
Air Force Academy Museum (AFA Museum),Medchal-Malkajgiri,heritage,2024,April,Summer,"Ugadi, Sri Rama Navami",7347
Air Force Academy Museum (AFA Museum),Medchal-Malkajgiri,heritage,2024,May,Summer,Buddha Purnima,7228
Air Force Academy Museum (AFA Museum),Medchal-Malkajgiri,heritage,2024,June,Monsoon,None,4684
Air Force Academy Museum (AFA Museum),Medchal-Malkajgiri,heritage,2024,July,Monsoon,Bonalu,4971
Air Force Academy Museum (AFA Museum),Medchal-Malkajgiri,heritage,2024,August,Monsoon,"Independence Day, Krishna Janmashtami",5679
Air Force Academy Museum (AFA Museum),Medchal-Malkajgiri,heritage,2024,September,Monsoon,Vinayaka Chavithi,6290
Air Force Academy Museum (AFA Museum),Medchal-Malkajgiri,heritage,2024,October,Post-Monsoon,"Bathukamma, Dussehra",10436
Air Force Academy Museum (AFA Museum),Medchal-Malkajgiri,heritage,2024,November,Winter,Diwali,13737
Air Force Academy Museum (AFA Museum),Medchal-Malkajgiri,heritage,2024,December,Winter,Christmas,14815
Air Force Academy Museum (AFA Museum),Medchal-Malkajgiri,heritage,2025,January,Winter,"Bhogi, Sankranti",15830
Air Force Academy Museum (AFA Museum),Medchal-Malkajgiri,heritage,2025,February,Winter,Maha Shivaratri,15457
Air Force Academy Museum (AFA Museum),Medchal-Malkajgiri,heritage,2025,March,Summer,Holi,8118
Air Force Academy Museum (AFA Museum),Medchal-Malkajgiri,heritage,2025,April,Summer,"Ugadi, Sri Rama Navami",9166
Air Force Academy Museum (AFA Museum),Medchal-Malkajgiri,heritage,2025,May,Summer,Buddha Purnima,7411
Air Force Academy Museum (AFA Museum),Medchal-Malkajgiri,heritage,2025,June,Monsoon,None,5519
Air Force Academy Museum (AFA Museum),Medchal-Malkajgiri,heritage,2025,July,Monsoon,Bonalu,5175
Air Force Academy Museum (AFA Museum),Medchal-Malkajgiri,heritage,2025,August,Monsoon,"Independence Day, Krishna Janmashtami",6002
Air Force Academy Museum (AFA Museum),Medchal-Malkajgiri,heritage,2025,September,Monsoon,Vinayaka Chavithi,6777
Air Force Academy Museum (AFA Museum),Medchal-Malkajgiri,heritage,2025,October,Post-Monsoon,"Bathukamma, Dussehra",13414
Air Force Academy Museum (AFA Museum),Medchal-Malkajgiri,heritage,2025,November,Winter,Diwali,13701
Air Force Academy Museum (AFA Museum),Medchal-Malkajgiri,heritage,2025,December,Winter,Christmas,15651
"Air Force Museum, Hakimpet",Medchal-Malkajgiri,heritage,2024,January,Winter,"Bhogi, Sankranti",15288
"Air Force Museum, Hakimpet",Medchal-Malkajgiri,heritage,2024,February,Winter,Maha Shivaratri,13727
"Air Force Museum, Hakimpet",Medchal-Malkajgiri,heritage,2024,March,Summer,Holi,7598
"Air Force Museum, Hakimpet",Medchal-Malkajgiri,heritage,2024,April,Summer,"Ugadi, Sri Rama Navami",6981
"Air Force Museum, Hakimpet",Medchal-Malkajgiri,heritage,2024,May,Summer,Buddha Purnima,6918
"Air Force Museum, Hakimpet",Medchal-Malkajgiri,heritage,2024,June,Monsoon,None,4514
"Air Force Museum, Hakimpet",Medchal-Malkajgiri,heritage,2024,July,Monsoon,Bonalu,4457
"Air Force Museum, Hakimpet",Medchal-Malkajgiri,heritage,2024,August,Monsoon,"Independence Day, Krishna Janmashtami",4951
"Air Force Museum, Hakimpet",Medchal-Malkajgiri,heritage,2024,September,Monsoon,Vinayaka Chavithi,6191
"Air Force Museum, Hakimpet",Medchal-Malkajgiri,heritage,2024,October,Post-Monsoon,"Bathukamma, Dussehra",12240
"Air Force Museum, Hakimpet",Medchal-Malkajgiri,heritage,2024,November,Winter,Diwali,13593
"Air Force Museum, Hakimpet",Medchal-Malkajgiri,heritage,2024,December,Winter,Christmas,15928
"Air Force Museum, Hakimpet",Medchal-Malkajgiri,heritage,2025,January,Winter,"Bhogi, Sankranti",16714
"Air Force Museum, Hakimpet",Medchal-Malkajgiri,heritage,2025,February,Winter,Maha Shivaratri,15379
"Air Force Museum, Hakimpet",Medchal-Malkajgiri,heritage,2025,March,Summer,Holi,7903
"Air Force Museum, Hakimpet",Medchal-Malkajgiri,heritage,2025,April,Summer,"Ugadi, Sri Rama Navami",8810
"Air Force Museum, Hakimpet",Medchal-Malkajgiri,heritage,2025,May,Summer,Buddha Purnima,6693
"Air Force Museum, Hakimpet",Medchal-Malkajgiri,heritage,2025,June,Monsoon,None,5132
"Air Force Museum, Hakimpet",Medchal-Malkajgiri,heritage,2025,July,Monsoon,Bonalu,5287
"Air Force Museum, Hakimpet",Medchal-Malkajgiri,heritage,2025,August,Monsoon,"Independence Day, Krishna Janmashtami",6425
"Air Force Museum, Hakimpet",Medchal-Malkajgiri,heritage,2025,September,Monsoon,Vinayaka Chavithi,6439
"Air Force Museum, Hakimpet",Medchal-Malkajgiri,heritage,2025,October,Post-Monsoon,"Bathukamma, Dussehra",13544
"Air Force Museum, Hakimpet",Medchal-Malkajgiri,heritage,2025,November,Winter,Diwali,15370
"Air Force Museum, Hakimpet",Medchal-Malkajgiri,heritage,2025,December,Winter,Christmas,17818
Edulabad Lake,Medchal-Malkajgiri,nature,2024,January,Winter,"Bhogi, Sankranti",12431
Edulabad Lake,Medchal-Malkajgiri,nature,2024,February,Winter,Maha Shivaratri,10573
Edulabad Lake,Medchal-Malkajgiri,nature,2024,March,Summer,Holi,6705
Edulabad Lake,Medchal-Malkajgiri,nature,2024,April,Summer,"Ugadi, Sri Rama Navami",6606
Edulabad Lake,Medchal-Malkajgiri,nature,2024,May,Summer,Buddha Purnima,6098
Edulabad Lake,Medchal-Malkajgiri,nature,2024,June,Monsoon,None,3991
Edulabad Lake,Medchal-Malkajgiri,nature,2024,July,Monsoon,Bonalu,4056
Edulabad Lake,Medchal-Malkajgiri,nature,2024,August,Monsoon,"Independence Day, Krishna Janmashtami",4743
Edulabad Lake,Medchal-Malkajgiri,nature,2024,September,Monsoon,Vinayaka Chavithi,5189
Edulabad Lake,Medchal-Malkajgiri,nature,2024,October,Post-Monsoon,"Bathukamma, Dussehra",10161
Edulabad Lake,Medchal-Malkajgiri,nature,2024,November,Winter,Diwali,11206
Edulabad Lake,Medchal-Malkajgiri,nature,2024,December,Winter,Christmas,13586
Edulabad Lake,Medchal-Malkajgiri,nature,2025,January,Winter,"Bhogi, Sankranti",13056
Edulabad Lake,Medchal-Malkajgiri,nature,2025,February,Winter,Maha Shivaratri,12004
Edulabad Lake,Medchal-Malkajgiri,nature,2025,March,Summer,Holi,7387
Edulabad Lake,Medchal-Malkajgiri,nature,2025,April,Summer,"Ugadi, Sri Rama Navami",6826
Edulabad Lake,Medchal-Malkajgiri,nature,2025,May,Summer,Buddha Purnima,6279
Edulabad Lake,Medchal-Malkajgiri,nature,2025,June,Monsoon,None,4141
Edulabad Lake,Medchal-Malkajgiri,nature,2025,July,Monsoon,Bonalu,4694
Edulabad Lake,Medchal-Malkajgiri,nature,2025,August,Monsoon,"Independence Day, Krishna Janmashtami",4994
Edulabad Lake,Medchal-Malkajgiri,nature,2025,September,Monsoon,Vinayaka Chavithi,5598
Edulabad Lake,Medchal-Malkajgiri,nature,2025,October,Post-Monsoon,"Bathukamma, Dussehra",11672
Edulabad Lake,Medchal-Malkajgiri,nature,2025,November,Winter,Diwali,13042
Edulabad Lake,Medchal-Malkajgiri,nature,2025,December,Winter,Christmas,13716
Anandavihara Buddhist Monastery,Medchal-Malkajgiri,other,2024,January,Winter,"Bhogi, Sankranti",9363
Anandavihara Buddhist Monastery,Medchal-Malkajgiri,other,2024,February,Winter,Maha Shivaratri,8081
Anandavihara Buddhist Monastery,Medchal-Malkajgiri,other,2024,March,Summer,Holi,5333
Anandavihara Buddhist Monastery,Medchal-Malkajgiri,other,2024,April,Summer,"Ugadi, Sri Rama Navami",4981
Anandavihara Buddhist Monastery,Medchal-Malkajgiri,other,2024,May,Summer,Buddha Purnima,4037
Anandavihara Buddhist Monastery,Medchal-Malkajgiri,other,2024,June,Monsoon,None,3137
Anandavihara Buddhist Monastery,Medchal-Malkajgiri,other,2024,July,Monsoon,Bonalu,3006
Anandavihara Buddhist Monastery,Medchal-Malkajgiri,other,2024,August,Monsoon,"Independence Day, Krishna Janmashtami",3470
Anandavihara Buddhist Monastery,Medchal-Malkajgiri,other,2024,September,Monsoon,Vinayaka Chavithi,3486
Anandavihara Buddhist Monastery,Medchal-Malkajgiri,other,2024,October,Post-Monsoon,"Bathukamma, Dussehra",7496
Anandavihara Buddhist Monastery,Medchal-Malkajgiri,other,2024,November,Winter,Diwali,8647
Anandavihara Buddhist Monastery,Medchal-Malkajgiri,other,2024,December,Winter,Christmas,9521
Anandavihara Buddhist Monastery,Medchal-Malkajgiri,other,2025,January,Winter,"Bhogi, Sankranti",10717
Anandavihara Buddhist Monastery,Medchal-Malkajgiri,other,2025,February,Winter,Maha Shivaratri,9224
Anandavihara Buddhist Monastery,Medchal-Malkajgiri,other,2025,March,Summer,Holi,5314
Anandavihara Buddhist Monastery,Medchal-Malkajgiri,other,2025,April,Summer,"Ugadi, Sri Rama Navami",5519
Anandavihara Buddhist Monastery,Medchal-Malkajgiri,other,2025,May,Summer,Buddha Purnima,4716
Anandavihara Buddhist Monastery,Medchal-Malkajgiri,other,2025,June,Monsoon,None,3488
Anandavihara Buddhist Monastery,Medchal-Malkajgiri,other,2025,July,Monsoon,Bonalu,3403
Anandavihara Buddhist Monastery,Medchal-Malkajgiri,other,2025,August,Monsoon,"Independence Day, Krishna Janmashtami",3842
Anandavihara Buddhist Monastery,Medchal-Malkajgiri,other,2025,September,Monsoon,Vinayaka Chavithi,3856
Anandavihara Buddhist Monastery,Medchal-Malkajgiri,other,2025,October,Post-Monsoon,"Bathukamma, Dussehra",7696
Anandavihara Buddhist Monastery,Medchal-Malkajgiri,other,2025,November,Winter,Diwali,9690
Anandavihara Buddhist Monastery,Medchal-Malkajgiri,other,2025,December,Winter,Christmas,10453
Saigeetha Ashramam,Medchal-Malkajgiri,nature,2024,January,Winter,"Bhogi, Sankranti",12994
Saigeetha Ashramam,Medchal-Malkajgiri,nature,2024,February,Winter,Maha Shivaratri,11024
Saigeetha Ashramam,Medchal-Malkajgiri,nature,2024,March,Summer,Holi,7089
Saigeetha Ashramam,Medchal-Malkajgiri,nature,2024,April,Summer,"Ugadi, Sri Rama Navami",6715
Saigeetha Ashramam,Medchal-Malkajgiri,nature,2024,May,Summer,Buddha Purnima,5948
Saigeetha Ashramam,Medchal-Malkajgiri,nature,2024,June,Monsoon,None,4040
Saigeetha Ashramam,Medchal-Malkajgiri,nature,2024,July,Monsoon,Bonalu,4048
Saigeetha Ashramam,Medchal-Malkajgiri,nature,2024,August,Monsoon,"Independence Day, Krishna Janmashtami",5002
Saigeetha Ashramam,Medchal-Malkajgiri,nature,2024,September,Monsoon,Vinayaka Chavithi,5112
Saigeetha Ashramam,Medchal-Malkajgiri,nature,2024,October,Post-Monsoon,"Bathukamma, Dussehra",10424
Saigeetha Ashramam,Medchal-Malkajgiri,nature,2024,November,Winter,Diwali,11624
Saigeetha Ashramam,Medchal-Malkajgiri,nature,2024,December,Winter,Christmas,12518
Saigeetha Ashramam,Medchal-Malkajgiri,nature,2025,January,Winter,"Bhogi, Sankranti",15269
Saigeetha Ashramam,Medchal-Malkajgiri,nature,2025,February,Winter,Maha Shivaratri,12692
Saigeetha Ashramam,Medchal-Malkajgiri,nature,2025,March,Summer,Holi,7412
Saigeetha Ashramam,Medchal-Malkajgiri,nature,2025,April,Summer,"Ugadi, Sri Rama Navami",7474
Saigeetha Ashramam,Medchal-Malkajgiri,nature,2025,May,Summer,Buddha Purnima,6440
Saigeetha Ashramam,Medchal-Malkajgiri,nature,2025,June,Monsoon,None,4485
Saigeetha Ashramam,Medchal-Malkajgiri,nature,2025,July,Monsoon,Bonalu,4514
Saigeetha Ashramam,Medchal-Malkajgiri,nature,2025,August,Monsoon,"Independence Day, Krishna Janmashtami",5167
Saigeetha Ashramam,Medchal-Malkajgiri,nature,2025,September,Monsoon,Vinayaka Chavithi,5388
Saigeetha Ashramam,Medchal-Malkajgiri,nature,2025,October,Post-Monsoon,"Bathukamma, Dussehra",9307
Saigeetha Ashramam,Medchal-Malkajgiri,nature,2025,November,Winter,Diwali,12635
Saigeetha Ashramam,Medchal-Malkajgiri,nature,2025,December,Winter,Christmas,13215
Genome Valley Nature Area,Medchal-Malkajgiri,nature,2024,January,Winter,"Bhogi, Sankranti",13636
Genome Valley Nature Area,Medchal-Malkajgiri,nature,2024,February,Winter,Maha Shivaratri,11106
Genome Valley Nature Area,Medchal-Malkajgiri,nature,2024,March,Summer,Holi,6230
Genome Valley Nature Area,Medchal-Malkajgiri,nature,2024,April,Summer,"Ugadi, Sri Rama Navami",6864
Genome Valley Nature Area,Medchal-Malkajgiri,nature,2024,May,Summer,Buddha Purnima,5380
Genome Valley Nature Area,Medchal-Malkajgiri,nature,2024,June,Monsoon,None,4144
Genome Valley Nature Area,Medchal-Malkajgiri,nature,2024,July,Monsoon,Bonalu,4235
Genome Valley Nature Area,Medchal-Malkajgiri,nature,2024,August,Monsoon,"Independence Day, Krishna Janmashtami",5090
Genome Valley Nature Area,Medchal-Malkajgiri,nature,2024,September,Monsoon,Vinayaka Chavithi,4811
Genome Valley Nature Area,Medchal-Malkajgiri,nature,2024,October,Post-Monsoon,"Bathukamma, Dussehra",10259
Genome Valley Nature Area,Medchal-Malkajgiri,nature,2024,November,Winter,Diwali,10787
Genome Valley Nature Area,Medchal-Malkajgiri,nature,2024,December,Winter,Christmas,12982
Genome Valley Nature Area,Medchal-Malkajgiri,nature,2025,January,Winter,"Bhogi, Sankranti",13994
Genome Valley Nature Area,Medchal-Malkajgiri,nature,2025,February,Winter,Maha Shivaratri,12280
Genome Valley Nature Area,Medchal-Malkajgiri,nature,2025,March,Summer,Holi,7154
Genome Valley Nature Area,Medchal-Malkajgiri,nature,2025,April,Summer,"Ugadi, Sri Rama Navami",7586
Genome Valley Nature Area,Medchal-Malkajgiri,nature,2025,May,Summer,Buddha Purnima,6623
Genome Valley Nature Area,Medchal-Malkajgiri,nature,2025,June,Monsoon,None,4310
Genome Valley Nature Area,Medchal-Malkajgiri,nature,2025,July,Monsoon,Bonalu,4540
Genome Valley Nature Area,Medchal-Malkajgiri,nature,2025,August,Monsoon,"Independence Day, Krishna Janmashtami",4961
Genome Valley Nature Area,Medchal-Malkajgiri,nature,2025,September,Monsoon,Vinayaka Chavithi,5175
Genome Valley Nature Area,Medchal-Malkajgiri,nature,2025,October,Post-Monsoon,"Bathukamma, Dussehra",11115
Genome Valley Nature Area,Medchal-Malkajgiri,nature,2025,November,Winter,Diwali,13194
Genome Valley Nature Area,Medchal-Malkajgiri,nature,2025,December,Winter,Christmas,13372
Bedam Gutta,Mulugu,nature,2024,January,Winter,"Bhogi, Sankranti",12579
Bedam Gutta,Mulugu,nature,2024,February,Winter,Maha Shivaratri,10955
Bedam Gutta,Mulugu,nature,2024,March,Summer,Holi,6497
Bedam Gutta,Mulugu,nature,2024,April,Summer,"Ugadi, Sri Rama Navami",7038
Bedam Gutta,Mulugu,nature,2024,May,Summer,Buddha Purnima,5294
Bedam Gutta,Mulugu,nature,2024,June,Monsoon,None,4341
Bedam Gutta,Mulugu,nature,2024,July,Monsoon,Bonalu,4068
Bedam Gutta,Mulugu,nature,2024,August,Monsoon,"Independence Day, Krishna Janmashtami",5073
Bedam Gutta,Mulugu,nature,2024,September,Monsoon,Vinayaka Chavithi,4728
Bedam Gutta,Mulugu,nature,2024,October,Post-Monsoon,"Bathukamma, Dussehra",10668
Bedam Gutta,Mulugu,nature,2024,November,Winter,Diwali,12061
Bedam Gutta,Mulugu,nature,2024,December,Winter,Christmas,12884
Bedam Gutta,Mulugu,nature,2025,January,Winter,"Bhogi, Sankranti",13064
Bedam Gutta,Mulugu,nature,2025,February,Winter,Maha Shivaratri,12228
Bedam Gutta,Mulugu,nature,2025,March,Summer,Holi,6783
Bedam Gutta,Mulugu,nature,2025,April,Summer,"Ugadi, Sri Rama Navami",7396
Bedam Gutta,Mulugu,nature,2025,May,Summer,Buddha Purnima,6498
Bedam Gutta,Mulugu,nature,2025,June,Monsoon,None,4582
Bedam Gutta,Mulugu,nature,2025,July,Monsoon,Bonalu,4548
Bedam Gutta,Mulugu,nature,2025,August,Monsoon,"Independence Day, Krishna Janmashtami",5030
Bedam Gutta,Mulugu,nature,2025,September,Monsoon,Vinayaka Chavithi,5629
Bedam Gutta,Mulugu,nature,2025,October,Post-Monsoon,"Bathukamma, Dussehra",11159
Bedam Gutta,Mulugu,nature,2025,November,Winter,Diwali,11140
Bedam Gutta,Mulugu,nature,2025,December,Winter,Christmas,14187
Doli Gutta,Mulugu,nature,2024,January,Winter,"Bhogi, Sankranti",12714
Doli Gutta,Mulugu,nature,2024,February,Winter,Maha Shivaratri,11855
Doli Gutta,Mulugu,nature,2024,March,Summer,Holi,6310
Doli Gutta,Mulugu,nature,2024,April,Summer,"Ugadi, Sri Rama Navami",5834
Doli Gutta,Mulugu,nature,2024,May,Summer,Buddha Purnima,5802
Doli Gutta,Mulugu,nature,2024,June,Monsoon,None,4139
Doli Gutta,Mulugu,nature,2024,July,Monsoon,Bonalu,3852
Doli Gutta,Mulugu,nature,2024,August,Monsoon,"Independence Day, Krishna Janmashtami",4656
Doli Gutta,Mulugu,nature,2024,September,Monsoon,Vinayaka Chavithi,5745
Doli Gutta,Mulugu,nature,2024,October,Post-Monsoon,"Bathukamma, Dussehra",10165
Doli Gutta,Mulugu,nature,2024,November,Winter,Diwali,12095
Doli Gutta,Mulugu,nature,2024,December,Winter,Christmas,12230
Doli Gutta,Mulugu,nature,2025,January,Winter,"Bhogi, Sankranti",12311
Doli Gutta,Mulugu,nature,2025,February,Winter,Maha Shivaratri,11974
Doli Gutta,Mulugu,nature,2025,March,Summer,Holi,7114
Doli Gutta,Mulugu,nature,2025,April,Summer,"Ugadi, Sri Rama Navami",7341
Doli Gutta,Mulugu,nature,2025,May,Summer,Buddha Purnima,6145
Doli Gutta,Mulugu,nature,2025,June,Monsoon,None,4465
Doli Gutta,Mulugu,nature,2025,July,Monsoon,Bonalu,4510
Doli Gutta,Mulugu,nature,2025,August,Monsoon,"Independence Day, Krishna Janmashtami",4954
Doli Gutta,Mulugu,nature,2025,September,Monsoon,Vinayaka Chavithi,5585
Doli Gutta,Mulugu,nature,2025,October,Post-Monsoon,"Bathukamma, Dussehra",10062
Doli Gutta,Mulugu,nature,2025,November,Winter,Diwali,11310
Doli Gutta,Mulugu,nature,2025,December,Winter,Christmas,14157
Ghanpur Cheruvu (local lake),Mulugu,nature,2024,January,Winter,"Bhogi, Sankranti",13052
Ghanpur Cheruvu (local lake),Mulugu,nature,2024,February,Winter,Maha Shivaratri,11151
Ghanpur Cheruvu (local lake),Mulugu,nature,2024,March,Summer,Holi,6210
Ghanpur Cheruvu (local lake),Mulugu,nature,2024,April,Summer,"Ugadi, Sri Rama Navami",6691
Ghanpur Cheruvu (local lake),Mulugu,nature,2024,May,Summer,Buddha Purnima,5647
Ghanpur Cheruvu (local lake),Mulugu,nature,2024,June,Monsoon,None,3754
Ghanpur Cheruvu (local lake),Mulugu,nature,2024,July,Monsoon,Bonalu,4052
Ghanpur Cheruvu (local lake),Mulugu,nature,2024,August,Monsoon,"Independence Day, Krishna Janmashtami",5056
Ghanpur Cheruvu (local lake),Mulugu,nature,2024,September,Monsoon,Vinayaka Chavithi,5409
Ghanpur Cheruvu (local lake),Mulugu,nature,2024,October,Post-Monsoon,"Bathukamma, Dussehra",10106
Ghanpur Cheruvu (local lake),Mulugu,nature,2024,November,Winter,Diwali,12110
Ghanpur Cheruvu (local lake),Mulugu,nature,2024,December,Winter,Christmas,11431
Ghanpur Cheruvu (local lake),Mulugu,nature,2025,January,Winter,"Bhogi, Sankranti",14201
Ghanpur Cheruvu (local lake),Mulugu,nature,2025,February,Winter,Maha Shivaratri,11592
Ghanpur Cheruvu (local lake),Mulugu,nature,2025,March,Summer,Holi,7321
Ghanpur Cheruvu (local lake),Mulugu,nature,2025,April,Summer,"Ugadi, Sri Rama Navami",7398
Ghanpur Cheruvu (local lake),Mulugu,nature,2025,May,Summer,Buddha Purnima,6588
Ghanpur Cheruvu (local lake),Mulugu,nature,2025,June,Monsoon,None,4214
Ghanpur Cheruvu (local lake),Mulugu,nature,2025,July,Monsoon,Bonalu,4687
Ghanpur Cheruvu (local lake),Mulugu,nature,2025,August,Monsoon,"Independence Day, Krishna Janmashtami",5214
Ghanpur Cheruvu (local lake),Mulugu,nature,2025,September,Monsoon,Vinayaka Chavithi,5410
Ghanpur Cheruvu (local lake),Mulugu,nature,2025,October,Post-Monsoon,"Bathukamma, Dussehra",11046
Ghanpur Cheruvu (local lake),Mulugu,nature,2025,November,Winter,Diwali,12069
Ghanpur Cheruvu (local lake),Mulugu,nature,2025,December,Winter,Christmas,13643
Sammakka Barrage,Mulugu,nature,2024,January,Winter,"Bhogi, Sankranti",12690
Sammakka Barrage,Mulugu,nature,2024,February,Winter,Maha Shivaratri,11318
Sammakka Barrage,Mulugu,nature,2024,March,Summer,Holi,6704
Sammakka Barrage,Mulugu,nature,2024,April,Summer,"Ugadi, Sri Rama Navami",7213
Sammakka Barrage,Mulugu,nature,2024,May,Summer,Buddha Purnima,5986
Sammakka Barrage,Mulugu,nature,2024,June,Monsoon,None,3866
Sammakka Barrage,Mulugu,nature,2024,July,Monsoon,Bonalu,4390
Sammakka Barrage,Mulugu,nature,2024,August,Monsoon,"Independence Day, Krishna Janmashtami",4606
Sammakka Barrage,Mulugu,nature,2024,September,Monsoon,Vinayaka Chavithi,5197
Sammakka Barrage,Mulugu,nature,2024,October,Post-Monsoon,"Bathukamma, Dussehra",10642
Sammakka Barrage,Mulugu,nature,2024,November,Winter,Diwali,10554
Sammakka Barrage,Mulugu,nature,2024,December,Winter,Christmas,12700
Sammakka Barrage,Mulugu,nature,2025,January,Winter,"Bhogi, Sankranti",13426
Sammakka Barrage,Mulugu,nature,2025,February,Winter,Maha Shivaratri,11619
Sammakka Barrage,Mulugu,nature,2025,March,Summer,Holi,7697
Sammakka Barrage,Mulugu,nature,2025,April,Summer,"Ugadi, Sri Rama Navami",7246
Sammakka Barrage,Mulugu,nature,2025,May,Summer,Buddha Purnima,5931
Sammakka Barrage,Mulugu,nature,2025,June,Monsoon,None,4423
Sammakka Barrage,Mulugu,nature,2025,July,Monsoon,Bonalu,4700
Sammakka Barrage,Mulugu,nature,2025,August,Monsoon,"Independence Day, Krishna Janmashtami",5250
Sammakka Barrage,Mulugu,nature,2025,September,Monsoon,Vinayaka Chavithi,5771
Sammakka Barrage,Mulugu,nature,2025,October,Post-Monsoon,"Bathukamma, Dussehra",11444
Sammakka Barrage,Mulugu,nature,2025,November,Winter,Diwali,11230
Sammakka Barrage,Mulugu,nature,2025,December,Winter,Christmas,13291
Tadvai Forest,Mulugu,nature,2024,January,Winter,"Bhogi, Sankranti",12372
Tadvai Forest,Mulugu,nature,2024,February,Winter,Maha Shivaratri,11451
Tadvai Forest,Mulugu,nature,2024,March,Summer,Holi,5800
Tadvai Forest,Mulugu,nature,2024,April,Summer,"Ugadi, Sri Rama Navami",7820
Tadvai Forest,Mulugu,nature,2024,May,Summer,Buddha Purnima,5874
Tadvai Forest,Mulugu,nature,2024,June,Monsoon,None,4110
Tadvai Forest,Mulugu,nature,2024,July,Monsoon,Bonalu,4456
Tadvai Forest,Mulugu,nature,2024,August,Monsoon,"Independence Day, Krishna Janmashtami",5470
Tadvai Forest,Mulugu,nature,2024,September,Monsoon,Vinayaka Chavithi,5269
Tadvai Forest,Mulugu,nature,2024,October,Post-Monsoon,"Bathukamma, Dussehra",10812
Tadvai Forest,Mulugu,nature,2024,November,Winter,Diwali,11745
Tadvai Forest,Mulugu,nature,2024,December,Winter,Christmas,12552
Tadvai Forest,Mulugu,nature,2025,January,Winter,"Bhogi, Sankranti",13421
Tadvai Forest,Mulugu,nature,2025,February,Winter,Maha Shivaratri,11578
Tadvai Forest,Mulugu,nature,2025,March,Summer,Holi,6962
Tadvai Forest,Mulugu,nature,2025,April,Summer,"Ugadi, Sri Rama Navami",6985
Tadvai Forest,Mulugu,nature,2025,May,Summer,Buddha Purnima,6157
Tadvai Forest,Mulugu,nature,2025,June,Monsoon,None,4035
Tadvai Forest,Mulugu,nature,2025,July,Monsoon,Bonalu,4587
Tadvai Forest,Mulugu,nature,2025,August,Monsoon,"Independence Day, Krishna Janmashtami",5278
Tadvai Forest,Mulugu,nature,2025,September,Monsoon,Vinayaka Chavithi,5493
Tadvai Forest,Mulugu,nature,2025,October,Post-Monsoon,"Bathukamma, Dussehra",10857
Tadvai Forest,Mulugu,nature,2025,November,Winter,Diwali,14541
Tadvai Forest,Mulugu,nature,2025,December,Winter,Christmas,14581
Chandra Sagar (local lake),Nagarkurnool,nature,2024,January,Winter,"Bhogi, Sankranti",11797
Chandra Sagar (local lake),Nagarkurnool,nature,2024,February,Winter,Maha Shivaratri,11180
Chandra Sagar (local lake),Nagarkurnool,nature,2024,March,Summer,Holi,6397
Chandra Sagar (local lake),Nagarkurnool,nature,2024,April,Summer,"Ugadi, Sri Rama Navami",6507
Chandra Sagar (local lake),Nagarkurnool,nature,2024,May,Summer,Buddha Purnima,5276
Chandra Sagar (local lake),Nagarkurnool,nature,2024,June,Monsoon,None,4119
Chandra Sagar (local lake),Nagarkurnool,nature,2024,July,Monsoon,Bonalu,4016
Chandra Sagar (local lake),Nagarkurnool,nature,2024,August,Monsoon,"Independence Day, Krishna Janmashtami",5073
Chandra Sagar (local lake),Nagarkurnool,nature,2024,September,Monsoon,Vinayaka Chavithi,5238
Chandra Sagar (local lake),Nagarkurnool,nature,2024,October,Post-Monsoon,"Bathukamma, Dussehra",10902
Chandra Sagar (local lake),Nagarkurnool,nature,2024,November,Winter,Diwali,11040
Chandra Sagar (local lake),Nagarkurnool,nature,2024,December,Winter,Christmas,12789
Chandra Sagar (local lake),Nagarkurnool,nature,2025,January,Winter,"Bhogi, Sankranti",14016
Chandra Sagar (local lake),Nagarkurnool,nature,2025,February,Winter,Maha Shivaratri,11652
Chandra Sagar (local lake),Nagarkurnool,nature,2025,March,Summer,Holi,6850
Chandra Sagar (local lake),Nagarkurnool,nature,2025,April,Summer,"Ugadi, Sri Rama Navami",7998
Chandra Sagar (local lake),Nagarkurnool,nature,2025,May,Summer,Buddha Purnima,6177
Chandra Sagar (local lake),Nagarkurnool,nature,2025,June,Monsoon,None,4493
Chandra Sagar (local lake),Nagarkurnool,nature,2025,July,Monsoon,Bonalu,4306
Chandra Sagar (local lake),Nagarkurnool,nature,2025,August,Monsoon,"Independence Day, Krishna Janmashtami",4907
Chandra Sagar (local lake),Nagarkurnool,nature,2025,September,Monsoon,Vinayaka Chavithi,5235
Chandra Sagar (local lake),Nagarkurnool,nature,2025,October,Post-Monsoon,"Bathukamma, Dussehra",10949
Chandra Sagar (local lake),Nagarkurnool,nature,2025,November,Winter,Diwali,11791
Chandra Sagar (local lake),Nagarkurnool,nature,2025,December,Winter,Christmas,13485
Environment Educational Centre,Nagarkurnool,heritage,2024,January,Winter,"Bhogi, Sankranti",13677
Environment Educational Centre,Nagarkurnool,heritage,2024,February,Winter,Maha Shivaratri,12388
Environment Educational Centre,Nagarkurnool,heritage,2024,March,Summer,Holi,8097
Environment Educational Centre,Nagarkurnool,heritage,2024,April,Summer,"Ugadi, Sri Rama Navami",8385
Environment Educational Centre,Nagarkurnool,heritage,2024,May,Summer,Buddha Purnima,6584
Environment Educational Centre,Nagarkurnool,heritage,2024,June,Monsoon,None,4544
Environment Educational Centre,Nagarkurnool,heritage,2024,July,Monsoon,Bonalu,4684
Environment Educational Centre,Nagarkurnool,heritage,2024,August,Monsoon,"Independence Day, Krishna Janmashtami",5638
Environment Educational Centre,Nagarkurnool,heritage,2024,September,Monsoon,Vinayaka Chavithi,6116
Environment Educational Centre,Nagarkurnool,heritage,2024,October,Post-Monsoon,"Bathukamma, Dussehra",12676
Environment Educational Centre,Nagarkurnool,heritage,2024,November,Winter,Diwali,13354
Environment Educational Centre,Nagarkurnool,heritage,2024,December,Winter,Christmas,13979
Environment Educational Centre,Nagarkurnool,heritage,2025,January,Winter,"Bhogi, Sankranti",16350
Environment Educational Centre,Nagarkurnool,heritage,2025,February,Winter,Maha Shivaratri,13589
Environment Educational Centre,Nagarkurnool,heritage,2025,March,Summer,Holi,8242
Environment Educational Centre,Nagarkurnool,heritage,2025,April,Summer,"Ugadi, Sri Rama Navami",9373
Environment Educational Centre,Nagarkurnool,heritage,2025,May,Summer,Buddha Purnima,7552
Environment Educational Centre,Nagarkurnool,heritage,2025,June,Monsoon,None,5212
Environment Educational Centre,Nagarkurnool,heritage,2025,July,Monsoon,Bonalu,4993
Environment Educational Centre,Nagarkurnool,heritage,2025,August,Monsoon,"Independence Day, Krishna Janmashtami",6271
Environment Educational Centre,Nagarkurnool,heritage,2025,September,Monsoon,Vinayaka Chavithi,6739
Environment Educational Centre,Nagarkurnool,heritage,2025,October,Post-Monsoon,"Bathukamma, Dussehra",12837
Environment Educational Centre,Nagarkurnool,heritage,2025,November,Winter,Diwali,15788
Environment Educational Centre,Nagarkurnool,heritage,2025,December,Winter,Christmas,17057
Farhabad Viewpoint,Nagarkurnool,other,2024,January,Winter,"Bhogi, Sankranti",10220
Farhabad Viewpoint,Nagarkurnool,other,2024,February,Winter,Maha Shivaratri,8415
Farhabad Viewpoint,Nagarkurnool,other,2024,March,Summer,Holi,5093
Farhabad Viewpoint,Nagarkurnool,other,2024,April,Summer,"Ugadi, Sri Rama Navami",5504
Farhabad Viewpoint,Nagarkurnool,other,2024,May,Summer,Buddha Purnima,4336
Farhabad Viewpoint,Nagarkurnool,other,2024,June,Monsoon,None,2948
Farhabad Viewpoint,Nagarkurnool,other,2024,July,Monsoon,Bonalu,3049
Farhabad Viewpoint,Nagarkurnool,other,2024,August,Monsoon,"Independence Day, Krishna Janmashtami",3672
Farhabad Viewpoint,Nagarkurnool,other,2024,September,Monsoon,Vinayaka Chavithi,3501
Farhabad Viewpoint,Nagarkurnool,other,2024,October,Post-Monsoon,"Bathukamma, Dussehra",7596
Farhabad Viewpoint,Nagarkurnool,other,2024,November,Winter,Diwali,9123
Farhabad Viewpoint,Nagarkurnool,other,2024,December,Winter,Christmas,8343
Farhabad Viewpoint,Nagarkurnool,other,2025,January,Winter,"Bhogi, Sankranti",10971
Farhabad Viewpoint,Nagarkurnool,other,2025,February,Winter,Maha Shivaratri,9454
Farhabad Viewpoint,Nagarkurnool,other,2025,March,Summer,Holi,5221
Farhabad Viewpoint,Nagarkurnool,other,2025,April,Summer,"Ugadi, Sri Rama Navami",5703
Farhabad Viewpoint,Nagarkurnool,other,2025,May,Summer,Buddha Purnima,4581
Farhabad Viewpoint,Nagarkurnool,other,2025,June,Monsoon,None,3467
Farhabad Viewpoint,Nagarkurnool,other,2025,July,Monsoon,Bonalu,3533
Farhabad Viewpoint,Nagarkurnool,other,2025,August,Monsoon,"Independence Day, Krishna Janmashtami",3645
Farhabad Viewpoint,Nagarkurnool,other,2025,September,Monsoon,Vinayaka Chavithi,4160
Farhabad Viewpoint,Nagarkurnool,other,2025,October,Post-Monsoon,"Bathukamma, Dussehra",8178
Farhabad Viewpoint,Nagarkurnool,other,2025,November,Winter,Diwali,9379
Farhabad Viewpoint,Nagarkurnool,other,2025,December,Winter,Christmas,9750
Mallela Theertham Waterfalls,Nagarkurnool,nature,2024,January,Winter,"Bhogi, Sankranti",13679
Mallela Theertham Waterfalls,Nagarkurnool,nature,2024,February,Winter,Maha Shivaratri,11626
Mallela Theertham Waterfalls,Nagarkurnool,nature,2024,March,Summer,Holi,6353
Mallela Theertham Waterfalls,Nagarkurnool,nature,2024,April,Summer,"Ugadi, Sri Rama Navami",6397
Mallela Theertham Waterfalls,Nagarkurnool,nature,2024,May,Summer,Buddha Purnima,5546
Mallela Theertham Waterfalls,Nagarkurnool,nature,2024,June,Monsoon,None,4120
Mallela Theertham Waterfalls,Nagarkurnool,nature,2024,July,Monsoon,Bonalu,4208
Mallela Theertham Waterfalls,Nagarkurnool,nature,2024,August,Monsoon,"Independence Day, Krishna Janmashtami",5142
Mallela Theertham Waterfalls,Nagarkurnool,nature,2024,September,Monsoon,Vinayaka Chavithi,5187
Mallela Theertham Waterfalls,Nagarkurnool,nature,2024,October,Post-Monsoon,"Bathukamma, Dussehra",10695
Mallela Theertham Waterfalls,Nagarkurnool,nature,2024,November,Winter,Diwali,11720
Mallela Theertham Waterfalls,Nagarkurnool,nature,2024,December,Winter,Christmas,11625
Mallela Theertham Waterfalls,Nagarkurnool,nature,2025,January,Winter,"Bhogi, Sankranti",13453
Mallela Theertham Waterfalls,Nagarkurnool,nature,2025,February,Winter,Maha Shivaratri,12568
Mallela Theertham Waterfalls,Nagarkurnool,nature,2025,March,Summer,Holi,7107
Mallela Theertham Waterfalls,Nagarkurnool,nature,2025,April,Summer,"Ugadi, Sri Rama Navami",7589
Mallela Theertham Waterfalls,Nagarkurnool,nature,2025,May,Summer,Buddha Purnima,6010
Mallela Theertham Waterfalls,Nagarkurnool,nature,2025,June,Monsoon,None,4130
Mallela Theertham Waterfalls,Nagarkurnool,nature,2025,July,Monsoon,Bonalu,4463
Mallela Theertham Waterfalls,Nagarkurnool,nature,2025,August,Monsoon,"Independence Day, Krishna Janmashtami",5306
Mallela Theertham Waterfalls,Nagarkurnool,nature,2025,September,Monsoon,Vinayaka Chavithi,5212
Mallela Theertham Waterfalls,Nagarkurnool,nature,2025,October,Post-Monsoon,"Bathukamma, Dussehra",10887
Mallela Theertham Waterfalls,Nagarkurnool,nature,2025,November,Winter,Diwali,11869
Mallela Theertham Waterfalls,Nagarkurnool,nature,2025,December,Winter,Christmas,14247
Munnanur Jungle Resort,Nagarkurnool,leisure,2024,January,Winter,"Bhogi, Sankranti",10845
Munnanur Jungle Resort,Nagarkurnool,leisure,2024,February,Winter,Maha Shivaratri,10372
Munnanur Jungle Resort,Nagarkurnool,leisure,2024,March,Summer,Holi,6214
Munnanur Jungle Resort,Nagarkurnool,leisure,2024,April,Summer,"Ugadi, Sri Rama Navami",5973
Munnanur Jungle Resort,Nagarkurnool,leisure,2024,May,Summer,Buddha Purnima,4699
Munnanur Jungle Resort,Nagarkurnool,leisure,2024,June,Monsoon,None,3160
Munnanur Jungle Resort,Nagarkurnool,leisure,2024,July,Monsoon,Bonalu,3370
Munnanur Jungle Resort,Nagarkurnool,leisure,2024,August,Monsoon,"Independence Day, Krishna Janmashtami",3943
Munnanur Jungle Resort,Nagarkurnool,leisure,2024,September,Monsoon,Vinayaka Chavithi,4667
Munnanur Jungle Resort,Nagarkurnool,leisure,2024,October,Post-Monsoon,"Bathukamma, Dussehra",8978
Munnanur Jungle Resort,Nagarkurnool,leisure,2024,November,Winter,Diwali,10287
Munnanur Jungle Resort,Nagarkurnool,leisure,2024,December,Winter,Christmas,9717
Munnanur Jungle Resort,Nagarkurnool,leisure,2025,January,Winter,"Bhogi, Sankranti",11176
Munnanur Jungle Resort,Nagarkurnool,leisure,2025,February,Winter,Maha Shivaratri,10906
Munnanur Jungle Resort,Nagarkurnool,leisure,2025,March,Summer,Holi,6324
Munnanur Jungle Resort,Nagarkurnool,leisure,2025,April,Summer,"Ugadi, Sri Rama Navami",6430
Munnanur Jungle Resort,Nagarkurnool,leisure,2025,May,Summer,Buddha Purnima,5495
Munnanur Jungle Resort,Nagarkurnool,leisure,2025,June,Monsoon,None,4122
Munnanur Jungle Resort,Nagarkurnool,leisure,2025,July,Monsoon,Bonalu,3886
Munnanur Jungle Resort,Nagarkurnool,leisure,2025,August,Monsoon,"Independence Day, Krishna Janmashtami",4588
Munnanur Jungle Resort,Nagarkurnool,leisure,2025,September,Monsoon,Vinayaka Chavithi,4761
Munnanur Jungle Resort,Nagarkurnool,leisure,2025,October,Post-Monsoon,"Bathukamma, Dussehra",10793
Munnanur Jungle Resort,Nagarkurnool,leisure,2025,November,Winter,Diwali,9753
Munnanur Jungle Resort,Nagarkurnool,leisure,2025,December,Winter,Christmas,12209
Nagarjuna Sagar-Srisailam Tiger Reserve,Nagarkurnool,nature,2024,January,Winter,"Bhogi, Sankranti",12508
Nagarjuna Sagar-Srisailam Tiger Reserve,Nagarkurnool,nature,2024,February,Winter,Maha Shivaratri,11364
Nagarjuna Sagar-Srisailam Tiger Reserve,Nagarkurnool,nature,2024,March,Summer,Holi,6381
Nagarjuna Sagar-Srisailam Tiger Reserve,Nagarkurnool,nature,2024,April,Summer,"Ugadi, Sri Rama Navami",6838
Nagarjuna Sagar-Srisailam Tiger Reserve,Nagarkurnool,nature,2024,May,Summer,Buddha Purnima,5856
Nagarjuna Sagar-Srisailam Tiger Reserve,Nagarkurnool,nature,2024,June,Monsoon,None,4660
Nagarjuna Sagar-Srisailam Tiger Reserve,Nagarkurnool,nature,2024,July,Monsoon,Bonalu,4326
Nagarjuna Sagar-Srisailam Tiger Reserve,Nagarkurnool,nature,2024,August,Monsoon,"Independence Day, Krishna Janmashtami",4633
Nagarjuna Sagar-Srisailam Tiger Reserve,Nagarkurnool,nature,2024,September,Monsoon,Vinayaka Chavithi,4884
Nagarjuna Sagar-Srisailam Tiger Reserve,Nagarkurnool,nature,2024,October,Post-Monsoon,"Bathukamma, Dussehra",9970
Nagarjuna Sagar-Srisailam Tiger Reserve,Nagarkurnool,nature,2024,November,Winter,Diwali,10496
Nagarjuna Sagar-Srisailam Tiger Reserve,Nagarkurnool,nature,2024,December,Winter,Christmas,12286
Nagarjuna Sagar-Srisailam Tiger Reserve,Nagarkurnool,nature,2025,January,Winter,"Bhogi, Sankranti",14084
Nagarjuna Sagar-Srisailam Tiger Reserve,Nagarkurnool,nature,2025,February,Winter,Maha Shivaratri,11175
Nagarjuna Sagar-Srisailam Tiger Reserve,Nagarkurnool,nature,2025,March,Summer,Holi,7499
Nagarjuna Sagar-Srisailam Tiger Reserve,Nagarkurnool,nature,2025,April,Summer,"Ugadi, Sri Rama Navami",7583
Nagarjuna Sagar-Srisailam Tiger Reserve,Nagarkurnool,nature,2025,May,Summer,Buddha Purnima,5883
Nagarjuna Sagar-Srisailam Tiger Reserve,Nagarkurnool,nature,2025,June,Monsoon,None,4324
Nagarjuna Sagar-Srisailam Tiger Reserve,Nagarkurnool,nature,2025,July,Monsoon,Bonalu,4850
Nagarjuna Sagar-Srisailam Tiger Reserve,Nagarkurnool,nature,2025,August,Monsoon,"Independence Day, Krishna Janmashtami",5417
Nagarjuna Sagar-Srisailam Tiger Reserve,Nagarkurnool,nature,2025,September,Monsoon,Vinayaka Chavithi,5391
Nagarjuna Sagar-Srisailam Tiger Reserve,Nagarkurnool,nature,2025,October,Post-Monsoon,"Bathukamma, Dussehra",10886
Nagarjuna Sagar-Srisailam Tiger Reserve,Nagarkurnool,nature,2025,November,Winter,Diwali,12502
Nagarjuna Sagar-Srisailam Tiger Reserve,Nagarkurnool,nature,2025,December,Winter,Christmas,13147
Latif Saheb Dargah,Nalgonda,religious,2024,January,Winter,"Bhogi, Sankranti",16884
Latif Saheb Dargah,Nalgonda,religious,2024,February,Winter,Maha Shivaratri,18269
Latif Saheb Dargah,Nalgonda,religious,2024,March,Summer,Holi,9973
Latif Saheb Dargah,Nalgonda,religious,2024,April,Summer,"Ugadi, Sri Rama Navami",10486
Latif Saheb Dargah,Nalgonda,religious,2024,May,Summer,Buddha Purnima,8458
Latif Saheb Dargah,Nalgonda,religious,2024,June,Monsoon,None,5826
Latif Saheb Dargah,Nalgonda,religious,2024,July,Monsoon,Bonalu,6179
Latif Saheb Dargah,Nalgonda,religious,2024,August,Monsoon,"Independence Day, Krishna Janmashtami",6677
Latif Saheb Dargah,Nalgonda,religious,2024,September,Monsoon,Vinayaka Chavithi,8337
Latif Saheb Dargah,Nalgonda,religious,2024,October,Post-Monsoon,"Bathukamma, Dussehra",14357
Latif Saheb Dargah,Nalgonda,religious,2024,November,Winter,Diwali,16405
Latif Saheb Dargah,Nalgonda,religious,2024,December,Winter,Christmas,18326
Latif Saheb Dargah,Nalgonda,religious,2025,January,Winter,"Bhogi, Sankranti",21692
Latif Saheb Dargah,Nalgonda,religious,2025,February,Winter,Maha Shivaratri,17916
Latif Saheb Dargah,Nalgonda,religious,2025,March,Summer,Holi,10027
Latif Saheb Dargah,Nalgonda,religious,2025,April,Summer,"Ugadi, Sri Rama Navami",11801
Latif Saheb Dargah,Nalgonda,religious,2025,May,Summer,Buddha Purnima,9496
Latif Saheb Dargah,Nalgonda,religious,2025,June,Monsoon,None,6708
Latif Saheb Dargah,Nalgonda,religious,2025,July,Monsoon,Bonalu,6977
Latif Saheb Dargah,Nalgonda,religious,2025,August,Monsoon,"Independence Day, Krishna Janmashtami",8777
Latif Saheb Dargah,Nalgonda,religious,2025,September,Monsoon,Vinayaka Chavithi,8966
Latif Saheb Dargah,Nalgonda,religious,2025,October,Post-Monsoon,"Bathukamma, Dussehra",15958
Latif Saheb Dargah,Nalgonda,religious,2025,November,Winter,Diwali,20198
Latif Saheb Dargah,Nalgonda,religious,2025,December,Winter,Christmas,20625
Akkampally Reservoir,Nalgonda,nature,2024,January,Winter,"Bhogi, Sankranti",12894
Akkampally Reservoir,Nalgonda,nature,2024,February,Winter,Maha Shivaratri,10116
Akkampally Reservoir,Nalgonda,nature,2024,March,Summer,Holi,6541
Akkampally Reservoir,Nalgonda,nature,2024,April,Summer,"Ugadi, Sri Rama Navami",6576
Akkampally Reservoir,Nalgonda,nature,2024,May,Summer,Buddha Purnima,5889
Akkampally Reservoir,Nalgonda,nature,2024,June,Monsoon,None,4248
Akkampally Reservoir,Nalgonda,nature,2024,July,Monsoon,Bonalu,3727
Akkampally Reservoir,Nalgonda,nature,2024,August,Monsoon,"Independence Day, Krishna Janmashtami",4833
Akkampally Reservoir,Nalgonda,nature,2024,September,Monsoon,Vinayaka Chavithi,5269
Akkampally Reservoir,Nalgonda,nature,2024,October,Post-Monsoon,"Bathukamma, Dussehra",10106
Akkampally Reservoir,Nalgonda,nature,2024,November,Winter,Diwali,11952
Akkampally Reservoir,Nalgonda,nature,2024,December,Winter,Christmas,12712
Akkampally Reservoir,Nalgonda,nature,2025,January,Winter,"Bhogi, Sankranti",13818
Akkampally Reservoir,Nalgonda,nature,2025,February,Winter,Maha Shivaratri,11773
Akkampally Reservoir,Nalgonda,nature,2025,March,Summer,Holi,6692
Akkampally Reservoir,Nalgonda,nature,2025,April,Summer,"Ugadi, Sri Rama Navami",6988
Akkampally Reservoir,Nalgonda,nature,2025,May,Summer,Buddha Purnima,6324
Akkampally Reservoir,Nalgonda,nature,2025,June,Monsoon,None,4359
Akkampally Reservoir,Nalgonda,nature,2025,July,Monsoon,Bonalu,4460
Akkampally Reservoir,Nalgonda,nature,2025,August,Monsoon,"Independence Day, Krishna Janmashtami",5115
Akkampally Reservoir,Nalgonda,nature,2025,September,Monsoon,Vinayaka Chavithi,5307
Akkampally Reservoir,Nalgonda,nature,2025,October,Post-Monsoon,"Bathukamma, Dussehra",11594
Akkampally Reservoir,Nalgonda,nature,2025,November,Winter,Diwali,12245
Akkampally Reservoir,Nalgonda,nature,2025,December,Winter,Christmas,12587
Old Fortress on Gutta,Nalgonda,heritage,2024,January,Winter,"Bhogi, Sankranti",15494
Old Fortress on Gutta,Nalgonda,heritage,2024,February,Winter,Maha Shivaratri,12989
Old Fortress on Gutta,Nalgonda,heritage,2024,March,Summer,Holi,7847
Old Fortress on Gutta,Nalgonda,heritage,2024,April,Summer,"Ugadi, Sri Rama Navami",8794
Old Fortress on Gutta,Nalgonda,heritage,2024,May,Summer,Buddha Purnima,6708
Old Fortress on Gutta,Nalgonda,heritage,2024,June,Monsoon,None,4857
Old Fortress on Gutta,Nalgonda,heritage,2024,July,Monsoon,Bonalu,4647
Old Fortress on Gutta,Nalgonda,heritage,2024,August,Monsoon,"Independence Day, Krishna Janmashtami",5682
Old Fortress on Gutta,Nalgonda,heritage,2024,September,Monsoon,Vinayaka Chavithi,6106
Old Fortress on Gutta,Nalgonda,heritage,2024,October,Post-Monsoon,"Bathukamma, Dussehra",11172
Old Fortress on Gutta,Nalgonda,heritage,2024,November,Winter,Diwali,13831
Old Fortress on Gutta,Nalgonda,heritage,2024,December,Winter,Christmas,14910
Old Fortress on Gutta,Nalgonda,heritage,2025,January,Winter,"Bhogi, Sankranti",16167
Old Fortress on Gutta,Nalgonda,heritage,2025,February,Winter,Maha Shivaratri,14908
Old Fortress on Gutta,Nalgonda,heritage,2025,March,Summer,Holi,8603
Old Fortress on Gutta,Nalgonda,heritage,2025,April,Summer,"Ugadi, Sri Rama Navami",9440
Old Fortress on Gutta,Nalgonda,heritage,2025,May,Summer,Buddha Purnima,6892
Old Fortress on Gutta,Nalgonda,heritage,2025,June,Monsoon,None,5206
Old Fortress on Gutta,Nalgonda,heritage,2025,July,Monsoon,Bonalu,5355
Old Fortress on Gutta,Nalgonda,heritage,2025,August,Monsoon,"Independence Day, Krishna Janmashtami",5873
Old Fortress on Gutta,Nalgonda,heritage,2025,September,Monsoon,Vinayaka Chavithi,6705
Old Fortress on Gutta,Nalgonda,heritage,2025,October,Post-Monsoon,"Bathukamma, Dussehra",14603
Old Fortress on Gutta,Nalgonda,heritage,2025,November,Winter,Diwali,14777
Old Fortress on Gutta,Nalgonda,heritage,2025,December,Winter,Christmas,16426
Devarakonda Fort,Nalgonda,heritage,2024,January,Winter,"Bhogi, Sankranti",15002
Devarakonda Fort,Nalgonda,heritage,2024,February,Winter,Maha Shivaratri,12655
Devarakonda Fort,Nalgonda,heritage,2024,March,Summer,Holi,7121
Devarakonda Fort,Nalgonda,heritage,2024,April,Summer,"Ugadi, Sri Rama Navami",7852
Devarakonda Fort,Nalgonda,heritage,2024,May,Summer,Buddha Purnima,6248
Devarakonda Fort,Nalgonda,heritage,2024,June,Monsoon,None,5196
Devarakonda Fort,Nalgonda,heritage,2024,July,Monsoon,Bonalu,4909
Devarakonda Fort,Nalgonda,heritage,2024,August,Monsoon,"Independence Day, Krishna Janmashtami",5646
Devarakonda Fort,Nalgonda,heritage,2024,September,Monsoon,Vinayaka Chavithi,6189
Devarakonda Fort,Nalgonda,heritage,2024,October,Post-Monsoon,"Bathukamma, Dussehra",11434
Devarakonda Fort,Nalgonda,heritage,2024,November,Winter,Diwali,13169
Devarakonda Fort,Nalgonda,heritage,2024,December,Winter,Christmas,14885
Devarakonda Fort,Nalgonda,heritage,2025,January,Winter,"Bhogi, Sankranti",16963
Devarakonda Fort,Nalgonda,heritage,2025,February,Winter,Maha Shivaratri,14528
Devarakonda Fort,Nalgonda,heritage,2025,March,Summer,Holi,8566
Devarakonda Fort,Nalgonda,heritage,2025,April,Summer,"Ugadi, Sri Rama Navami",8825
Devarakonda Fort,Nalgonda,heritage,2025,May,Summer,Buddha Purnima,7398
Devarakonda Fort,Nalgonda,heritage,2025,June,Monsoon,None,5223
Devarakonda Fort,Nalgonda,heritage,2025,July,Monsoon,Bonalu,5058
Devarakonda Fort,Nalgonda,heritage,2025,August,Monsoon,"Independence Day, Krishna Janmashtami",6220
Devarakonda Fort,Nalgonda,heritage,2025,September,Monsoon,Vinayaka Chavithi,6056
Devarakonda Fort,Nalgonda,heritage,2025,October,Post-Monsoon,"Bathukamma, Dussehra",13136
Devarakonda Fort,Nalgonda,heritage,2025,November,Winter,Diwali,14434
Devarakonda Fort,Nalgonda,heritage,2025,December,Winter,Christmas,18056
Chaya Someshwara Temple (Panagal),Nalgonda,religious,2024,January,Winter,"Bhogi, Sankranti",18832
Chaya Someshwara Temple (Panagal),Nalgonda,religious,2024,February,Winter,Maha Shivaratri,15413
Chaya Someshwara Temple (Panagal),Nalgonda,religious,2024,March,Summer,Holi,9830
Chaya Someshwara Temple (Panagal),Nalgonda,religious,2024,April,Summer,"Ugadi, Sri Rama Navami",10549
Chaya Someshwara Temple (Panagal),Nalgonda,religious,2024,May,Summer,Buddha Purnima,9192
Chaya Someshwara Temple (Panagal),Nalgonda,religious,2024,June,Monsoon,None,5870
Chaya Someshwara Temple (Panagal),Nalgonda,religious,2024,July,Monsoon,Bonalu,5744
Chaya Someshwara Temple (Panagal),Nalgonda,religious,2024,August,Monsoon,"Independence Day, Krishna Janmashtami",7554
Chaya Someshwara Temple (Panagal),Nalgonda,religious,2024,September,Monsoon,Vinayaka Chavithi,6968
Chaya Someshwara Temple (Panagal),Nalgonda,religious,2024,October,Post-Monsoon,"Bathukamma, Dussehra",14968
Chaya Someshwara Temple (Panagal),Nalgonda,religious,2024,November,Winter,Diwali,17074
Chaya Someshwara Temple (Panagal),Nalgonda,religious,2024,December,Winter,Christmas,18673
Chaya Someshwara Temple (Panagal),Nalgonda,religious,2025,January,Winter,"Bhogi, Sankranti",21082
Chaya Someshwara Temple (Panagal),Nalgonda,religious,2025,February,Winter,Maha Shivaratri,17291
Chaya Someshwara Temple (Panagal),Nalgonda,religious,2025,March,Summer,Holi,10541
Chaya Someshwara Temple (Panagal),Nalgonda,religious,2025,April,Summer,"Ugadi, Sri Rama Navami",11096
Chaya Someshwara Temple (Panagal),Nalgonda,religious,2025,May,Summer,Buddha Purnima,9229
Chaya Someshwara Temple (Panagal),Nalgonda,religious,2025,June,Monsoon,None,6564
Chaya Someshwara Temple (Panagal),Nalgonda,religious,2025,July,Monsoon,Bonalu,6883
Chaya Someshwara Temple (Panagal),Nalgonda,religious,2025,August,Monsoon,"Independence Day, Krishna Janmashtami",8169
Chaya Someshwara Temple (Panagal),Nalgonda,religious,2025,September,Monsoon,Vinayaka Chavithi,8242
Chaya Someshwara Temple (Panagal),Nalgonda,religious,2025,October,Post-Monsoon,"Bathukamma, Dussehra",16900
Chaya Someshwara Temple (Panagal),Nalgonda,religious,2025,November,Winter,Diwali,17203
Chaya Someshwara Temple (Panagal),Nalgonda,religious,2025,December,Winter,Christmas,20289
Wadapally Sri Lakshmi Narasimha Swamy Temple,Nalgonda,religious,2024,January,Winter,"Bhogi, Sankranti",19322
Wadapally Sri Lakshmi Narasimha Swamy Temple,Nalgonda,religious,2024,February,Winter,Maha Shivaratri,17181
Wadapally Sri Lakshmi Narasimha Swamy Temple,Nalgonda,religious,2024,March,Summer,Holi,9553
Wadapally Sri Lakshmi Narasimha Swamy Temple,Nalgonda,religious,2024,April,Summer,"Ugadi, Sri Rama Navami",9943
Wadapally Sri Lakshmi Narasimha Swamy Temple,Nalgonda,religious,2024,May,Summer,Buddha Purnima,8239
Wadapally Sri Lakshmi Narasimha Swamy Temple,Nalgonda,religious,2024,June,Monsoon,None,6210
Wadapally Sri Lakshmi Narasimha Swamy Temple,Nalgonda,religious,2024,July,Monsoon,Bonalu,6559
Wadapally Sri Lakshmi Narasimha Swamy Temple,Nalgonda,religious,2024,August,Monsoon,"Independence Day, Krishna Janmashtami",7110
Wadapally Sri Lakshmi Narasimha Swamy Temple,Nalgonda,religious,2024,September,Monsoon,Vinayaka Chavithi,7824
Wadapally Sri Lakshmi Narasimha Swamy Temple,Nalgonda,religious,2024,October,Post-Monsoon,"Bathukamma, Dussehra",15396
Wadapally Sri Lakshmi Narasimha Swamy Temple,Nalgonda,religious,2024,November,Winter,Diwali,17190
Wadapally Sri Lakshmi Narasimha Swamy Temple,Nalgonda,religious,2024,December,Winter,Christmas,18541
Wadapally Sri Lakshmi Narasimha Swamy Temple,Nalgonda,religious,2025,January,Winter,"Bhogi, Sankranti",21140
Wadapally Sri Lakshmi Narasimha Swamy Temple,Nalgonda,religious,2025,February,Winter,Maha Shivaratri,18194
Wadapally Sri Lakshmi Narasimha Swamy Temple,Nalgonda,religious,2025,March,Summer,Holi,11904
Wadapally Sri Lakshmi Narasimha Swamy Temple,Nalgonda,religious,2025,April,Summer,"Ugadi, Sri Rama Navami",10631
Wadapally Sri Lakshmi Narasimha Swamy Temple,Nalgonda,religious,2025,May,Summer,Buddha Purnima,9398
Wadapally Sri Lakshmi Narasimha Swamy Temple,Nalgonda,religious,2025,June,Monsoon,None,6359
Wadapally Sri Lakshmi Narasimha Swamy Temple,Nalgonda,religious,2025,July,Monsoon,Bonalu,6443
Wadapally Sri Lakshmi Narasimha Swamy Temple,Nalgonda,religious,2025,August,Monsoon,"Independence Day, Krishna Janmashtami",7834
Wadapally Sri Lakshmi Narasimha Swamy Temple,Nalgonda,religious,2025,September,Monsoon,Vinayaka Chavithi,8139
Wadapally Sri Lakshmi Narasimha Swamy Temple,Nalgonda,religious,2025,October,Post-Monsoon,"Bathukamma, Dussehra",18937
Wadapally Sri Lakshmi Narasimha Swamy Temple,Nalgonda,religious,2025,November,Winter,Diwali,18509
Wadapally Sri Lakshmi Narasimha Swamy Temple,Nalgonda,religious,2025,December,Winter,Christmas,19094
Wadapally Sri Meenakshi Agastheeshwara Temple,Nalgonda,religious,2024,January,Winter,"Bhogi, Sankranti",19127
Wadapally Sri Meenakshi Agastheeshwara Temple,Nalgonda,religious,2024,February,Winter,Maha Shivaratri,14857
Wadapally Sri Meenakshi Agastheeshwara Temple,Nalgonda,religious,2024,March,Summer,Holi,9851
Wadapally Sri Meenakshi Agastheeshwara Temple,Nalgonda,religious,2024,April,Summer,"Ugadi, Sri Rama Navami",10290
Wadapally Sri Meenakshi Agastheeshwara Temple,Nalgonda,religious,2024,May,Summer,Buddha Purnima,8819
Wadapally Sri Meenakshi Agastheeshwara Temple,Nalgonda,religious,2024,June,Monsoon,None,6342
Wadapally Sri Meenakshi Agastheeshwara Temple,Nalgonda,religious,2024,July,Monsoon,Bonalu,6080
Wadapally Sri Meenakshi Agastheeshwara Temple,Nalgonda,religious,2024,August,Monsoon,"Independence Day, Krishna Janmashtami",7203
Wadapally Sri Meenakshi Agastheeshwara Temple,Nalgonda,religious,2024,September,Monsoon,Vinayaka Chavithi,7198
Wadapally Sri Meenakshi Agastheeshwara Temple,Nalgonda,religious,2024,October,Post-Monsoon,"Bathukamma, Dussehra",14438
Wadapally Sri Meenakshi Agastheeshwara Temple,Nalgonda,religious,2024,November,Winter,Diwali,17565
Wadapally Sri Meenakshi Agastheeshwara Temple,Nalgonda,religious,2024,December,Winter,Christmas,17545
Wadapally Sri Meenakshi Agastheeshwara Temple,Nalgonda,religious,2025,January,Winter,"Bhogi, Sankranti",19957
Wadapally Sri Meenakshi Agastheeshwara Temple,Nalgonda,religious,2025,February,Winter,Maha Shivaratri,17012
Wadapally Sri Meenakshi Agastheeshwara Temple,Nalgonda,religious,2025,March,Summer,Holi,10981
Wadapally Sri Meenakshi Agastheeshwara Temple,Nalgonda,religious,2025,April,Summer,"Ugadi, Sri Rama Navami",12104
Wadapally Sri Meenakshi Agastheeshwara Temple,Nalgonda,religious,2025,May,Summer,Buddha Purnima,8565
Wadapally Sri Meenakshi Agastheeshwara Temple,Nalgonda,religious,2025,June,Monsoon,None,5927
Wadapally Sri Meenakshi Agastheeshwara Temple,Nalgonda,religious,2025,July,Monsoon,Bonalu,6694
Wadapally Sri Meenakshi Agastheeshwara Temple,Nalgonda,religious,2025,August,Monsoon,"Independence Day, Krishna Janmashtami",7844
Wadapally Sri Meenakshi Agastheeshwara Temple,Nalgonda,religious,2025,September,Monsoon,Vinayaka Chavithi,8172
Wadapally Sri Meenakshi Agastheeshwara Temple,Nalgonda,religious,2025,October,Post-Monsoon,"Bathukamma, Dussehra",16157
Wadapally Sri Meenakshi Agastheeshwara Temple,Nalgonda,religious,2025,November,Winter,Diwali,18494
Wadapally Sri Meenakshi Agastheeshwara Temple,Nalgonda,religious,2025,December,Winter,Christmas,20610
Narayanpet Saree Weaving,Narayanpet,heritage,2024,January,Winter,"Bhogi, Sankranti",15279
Narayanpet Saree Weaving,Narayanpet,heritage,2024,February,Winter,Maha Shivaratri,11511
Narayanpet Saree Weaving,Narayanpet,heritage,2024,March,Summer,Holi,7476
Narayanpet Saree Weaving,Narayanpet,heritage,2024,April,Summer,"Ugadi, Sri Rama Navami",7998
Narayanpet Saree Weaving,Narayanpet,heritage,2024,May,Summer,Buddha Purnima,6229
Narayanpet Saree Weaving,Narayanpet,heritage,2024,June,Monsoon,None,5058
Narayanpet Saree Weaving,Narayanpet,heritage,2024,July,Monsoon,Bonalu,4648
Narayanpet Saree Weaving,Narayanpet,heritage,2024,August,Monsoon,"Independence Day, Krishna Janmashtami",5574
Narayanpet Saree Weaving,Narayanpet,heritage,2024,September,Monsoon,Vinayaka Chavithi,5921
Narayanpet Saree Weaving,Narayanpet,heritage,2024,October,Post-Monsoon,"Bathukamma, Dussehra",11429
Narayanpet Saree Weaving,Narayanpet,heritage,2024,November,Winter,Diwali,12084
Narayanpet Saree Weaving,Narayanpet,heritage,2024,December,Winter,Christmas,14113
Narayanpet Saree Weaving,Narayanpet,heritage,2025,January,Winter,"Bhogi, Sankranti",16493
Narayanpet Saree Weaving,Narayanpet,heritage,2025,February,Winter,Maha Shivaratri,13547
Narayanpet Saree Weaving,Narayanpet,heritage,2025,March,Summer,Holi,7878
Narayanpet Saree Weaving,Narayanpet,heritage,2025,April,Summer,"Ugadi, Sri Rama Navami",8942
Narayanpet Saree Weaving,Narayanpet,heritage,2025,May,Summer,Buddha Purnima,6934
Narayanpet Saree Weaving,Narayanpet,heritage,2025,June,Monsoon,None,4899
Narayanpet Saree Weaving,Narayanpet,heritage,2025,July,Monsoon,Bonalu,5223
Narayanpet Saree Weaving,Narayanpet,heritage,2025,August,Monsoon,"Independence Day, Krishna Janmashtami",6265
Narayanpet Saree Weaving,Narayanpet,heritage,2025,September,Monsoon,Vinayaka Chavithi,6962
Narayanpet Saree Weaving,Narayanpet,heritage,2025,October,Post-Monsoon,"Bathukamma, Dussehra",13245
Narayanpet Saree Weaving,Narayanpet,heritage,2025,November,Winter,Diwali,15212
Narayanpet Saree Weaving,Narayanpet,heritage,2025,December,Winter,Christmas,15182
Bhattisgarh Fort,Nirmal,heritage,2024,January,Winter,"Bhogi, Sankranti",14341
Bhattisgarh Fort,Nirmal,heritage,2024,February,Winter,Maha Shivaratri,13321
Bhattisgarh Fort,Nirmal,heritage,2024,March,Summer,Holi,7970
Bhattisgarh Fort,Nirmal,heritage,2024,April,Summer,"Ugadi, Sri Rama Navami",7792
Bhattisgarh Fort,Nirmal,heritage,2024,May,Summer,Buddha Purnima,6736
Bhattisgarh Fort,Nirmal,heritage,2024,June,Monsoon,None,4942
Bhattisgarh Fort,Nirmal,heritage,2024,July,Monsoon,Bonalu,5086
Bhattisgarh Fort,Nirmal,heritage,2024,August,Monsoon,"Independence Day, Krishna Janmashtami",5961
Bhattisgarh Fort,Nirmal,heritage,2024,September,Monsoon,Vinayaka Chavithi,6083
Bhattisgarh Fort,Nirmal,heritage,2024,October,Post-Monsoon,"Bathukamma, Dussehra",11947
Bhattisgarh Fort,Nirmal,heritage,2024,November,Winter,Diwali,13501
Bhattisgarh Fort,Nirmal,heritage,2024,December,Winter,Christmas,14112
Bhattisgarh Fort,Nirmal,heritage,2025,January,Winter,"Bhogi, Sankranti",17783
Bhattisgarh Fort,Nirmal,heritage,2025,February,Winter,Maha Shivaratri,14351
Bhattisgarh Fort,Nirmal,heritage,2025,March,Summer,Holi,8466
Bhattisgarh Fort,Nirmal,heritage,2025,April,Summer,"Ugadi, Sri Rama Navami",8482
Bhattisgarh Fort,Nirmal,heritage,2025,May,Summer,Buddha Purnima,8416
Bhattisgarh Fort,Nirmal,heritage,2025,June,Monsoon,None,4952
Bhattisgarh Fort,Nirmal,heritage,2025,July,Monsoon,Bonalu,5280
Bhattisgarh Fort,Nirmal,heritage,2025,August,Monsoon,"Independence Day, Krishna Janmashtami",6410
Bhattisgarh Fort,Nirmal,heritage,2025,September,Monsoon,Vinayaka Chavithi,6670
Bhattisgarh Fort,Nirmal,heritage,2025,October,Post-Monsoon,"Bathukamma, Dussehra",13873
Bhattisgarh Fort,Nirmal,heritage,2025,November,Winter,Diwali,16318
Bhattisgarh Fort,Nirmal,heritage,2025,December,Winter,Christmas,16623
Kadam Dam,Nirmal,nature,2024,January,Winter,"Bhogi, Sankranti",12057
Kadam Dam,Nirmal,nature,2024,February,Winter,Maha Shivaratri,11039
Kadam Dam,Nirmal,nature,2024,March,Summer,Holi,6779
Kadam Dam,Nirmal,nature,2024,April,Summer,"Ugadi, Sri Rama Navami",7653
Kadam Dam,Nirmal,nature,2024,May,Summer,Buddha Purnima,5322
Kadam Dam,Nirmal,nature,2024,June,Monsoon,None,4325
Kadam Dam,Nirmal,nature,2024,July,Monsoon,Bonalu,4245
Kadam Dam,Nirmal,nature,2024,August,Monsoon,"Independence Day, Krishna Janmashtami",5101
Kadam Dam,Nirmal,nature,2024,September,Monsoon,Vinayaka Chavithi,5023
Kadam Dam,Nirmal,nature,2024,October,Post-Monsoon,"Bathukamma, Dussehra",9888
Kadam Dam,Nirmal,nature,2024,November,Winter,Diwali,12107
Kadam Dam,Nirmal,nature,2024,December,Winter,Christmas,13055
Kadam Dam,Nirmal,nature,2025,January,Winter,"Bhogi, Sankranti",14416
Kadam Dam,Nirmal,nature,2025,February,Winter,Maha Shivaratri,12069
Kadam Dam,Nirmal,nature,2025,March,Summer,Holi,6994
Kadam Dam,Nirmal,nature,2025,April,Summer,"Ugadi, Sri Rama Navami",6907
Kadam Dam,Nirmal,nature,2025,May,Summer,Buddha Purnima,6433
Kadam Dam,Nirmal,nature,2025,June,Monsoon,None,4500
Kadam Dam,Nirmal,nature,2025,July,Monsoon,Bonalu,4325
Kadam Dam,Nirmal,nature,2025,August,Monsoon,"Independence Day, Krishna Janmashtami",5145
Kadam Dam,Nirmal,nature,2025,September,Monsoon,Vinayaka Chavithi,5326
Kadam Dam,Nirmal,nature,2025,October,Post-Monsoon,"Bathukamma, Dussehra",10322
Kadam Dam,Nirmal,nature,2025,November,Winter,Diwali,12087
Kadam Dam,Nirmal,nature,2025,December,Winter,Christmas,12879
Kaddam Lake,Nirmal,nature,2024,January,Winter,"Bhogi, Sankranti",12467
Kaddam Lake,Nirmal,nature,2024,February,Winter,Maha Shivaratri,10770
Kaddam Lake,Nirmal,nature,2024,March,Summer,Holi,6133
Kaddam Lake,Nirmal,nature,2024,April,Summer,"Ugadi, Sri Rama Navami",7637
Kaddam Lake,Nirmal,nature,2024,May,Summer,Buddha Purnima,6081
Kaddam Lake,Nirmal,nature,2024,June,Monsoon,None,3921
Kaddam Lake,Nirmal,nature,2024,July,Monsoon,Bonalu,4265
Kaddam Lake,Nirmal,nature,2024,August,Monsoon,"Independence Day, Krishna Janmashtami",4998
Kaddam Lake,Nirmal,nature,2024,September,Monsoon,Vinayaka Chavithi,5350
Kaddam Lake,Nirmal,nature,2024,October,Post-Monsoon,"Bathukamma, Dussehra",9900
Kaddam Lake,Nirmal,nature,2024,November,Winter,Diwali,12306
Kaddam Lake,Nirmal,nature,2024,December,Winter,Christmas,12295
Kaddam Lake,Nirmal,nature,2025,January,Winter,"Bhogi, Sankranti",12830
Kaddam Lake,Nirmal,nature,2025,February,Winter,Maha Shivaratri,12515
Kaddam Lake,Nirmal,nature,2025,March,Summer,Holi,7675
Kaddam Lake,Nirmal,nature,2025,April,Summer,"Ugadi, Sri Rama Navami",8460
Kaddam Lake,Nirmal,nature,2025,May,Summer,Buddha Purnima,5809
Kaddam Lake,Nirmal,nature,2025,June,Monsoon,None,4560
Kaddam Lake,Nirmal,nature,2025,July,Monsoon,Bonalu,4451
Kaddam Lake,Nirmal,nature,2025,August,Monsoon,"Independence Day, Krishna Janmashtami",5495
Kaddam Lake,Nirmal,nature,2025,September,Monsoon,Vinayaka Chavithi,5052
Kaddam Lake,Nirmal,nature,2025,October,Post-Monsoon,"Bathukamma, Dussehra",10444
Kaddam Lake,Nirmal,nature,2025,November,Winter,Diwali,12113
Kaddam Lake,Nirmal,nature,2025,December,Winter,Christmas,13706
Kawal WLS/Tiger Reserve,Nirmal,nature,2024,January,Winter,"Bhogi, Sankranti",12322
Kawal WLS/Tiger Reserve,Nirmal,nature,2024,February,Winter,Maha Shivaratri,11551
Kawal WLS/Tiger Reserve,Nirmal,nature,2024,March,Summer,Holi,7019
Kawal WLS/Tiger Reserve,Nirmal,nature,2024,April,Summer,"Ugadi, Sri Rama Navami",7144
Kawal WLS/Tiger Reserve,Nirmal,nature,2024,May,Summer,Buddha Purnima,6185
Kawal WLS/Tiger Reserve,Nirmal,nature,2024,June,Monsoon,None,4165
Kawal WLS/Tiger Reserve,Nirmal,nature,2024,July,Monsoon,Bonalu,3952
Kawal WLS/Tiger Reserve,Nirmal,nature,2024,August,Monsoon,"Independence Day, Krishna Janmashtami",5230
Kawal WLS/Tiger Reserve,Nirmal,nature,2024,September,Monsoon,Vinayaka Chavithi,4896
Kawal WLS/Tiger Reserve,Nirmal,nature,2024,October,Post-Monsoon,"Bathukamma, Dussehra",10792
Kawal WLS/Tiger Reserve,Nirmal,nature,2024,November,Winter,Diwali,12587
Kawal WLS/Tiger Reserve,Nirmal,nature,2024,December,Winter,Christmas,12930
Kawal WLS/Tiger Reserve,Nirmal,nature,2025,January,Winter,"Bhogi, Sankranti",12720
Kawal WLS/Tiger Reserve,Nirmal,nature,2025,February,Winter,Maha Shivaratri,11523
Kawal WLS/Tiger Reserve,Nirmal,nature,2025,March,Summer,Holi,7687
Kawal WLS/Tiger Reserve,Nirmal,nature,2025,April,Summer,"Ugadi, Sri Rama Navami",7428
Kawal WLS/Tiger Reserve,Nirmal,nature,2025,May,Summer,Buddha Purnima,6205
Kawal WLS/Tiger Reserve,Nirmal,nature,2025,June,Monsoon,None,4574
Kawal WLS/Tiger Reserve,Nirmal,nature,2025,July,Monsoon,Bonalu,4702
Kawal WLS/Tiger Reserve,Nirmal,nature,2025,August,Monsoon,"Independence Day, Krishna Janmashtami",5361
Kawal WLS/Tiger Reserve,Nirmal,nature,2025,September,Monsoon,Vinayaka Chavithi,5396
Kawal WLS/Tiger Reserve,Nirmal,nature,2025,October,Post-Monsoon,"Bathukamma, Dussehra",10974
Kawal WLS/Tiger Reserve,Nirmal,nature,2025,November,Winter,Diwali,13143
Kawal WLS/Tiger Reserve,Nirmal,nature,2025,December,Winter,Christmas,14030
Pochampad Dam,Nirmal,nature,2024,January,Winter,"Bhogi, Sankranti",12566
Pochampad Dam,Nirmal,nature,2024,February,Winter,Maha Shivaratri,11788
Pochampad Dam,Nirmal,nature,2024,March,Summer,Holi,6633
Pochampad Dam,Nirmal,nature,2024,April,Summer,"Ugadi, Sri Rama Navami",6641
Pochampad Dam,Nirmal,nature,2024,May,Summer,Buddha Purnima,5505
Pochampad Dam,Nirmal,nature,2024,June,Monsoon,None,3880
Pochampad Dam,Nirmal,nature,2024,July,Monsoon,Bonalu,4150
Pochampad Dam,Nirmal,nature,2024,August,Monsoon,"Independence Day, Krishna Janmashtami",5198
Pochampad Dam,Nirmal,nature,2024,September,Monsoon,Vinayaka Chavithi,4846
Pochampad Dam,Nirmal,nature,2024,October,Post-Monsoon,"Bathukamma, Dussehra",10420
Pochampad Dam,Nirmal,nature,2024,November,Winter,Diwali,11286
Pochampad Dam,Nirmal,nature,2024,December,Winter,Christmas,12477
Pochampad Dam,Nirmal,nature,2025,January,Winter,"Bhogi, Sankranti",12710
Pochampad Dam,Nirmal,nature,2025,February,Winter,Maha Shivaratri,11944
Pochampad Dam,Nirmal,nature,2025,March,Summer,Holi,7140
Pochampad Dam,Nirmal,nature,2025,April,Summer,"Ugadi, Sri Rama Navami",7693
Pochampad Dam,Nirmal,nature,2025,May,Summer,Buddha Purnima,6249
Pochampad Dam,Nirmal,nature,2025,June,Monsoon,None,4142
Pochampad Dam,Nirmal,nature,2025,July,Monsoon,Bonalu,4790
Pochampad Dam,Nirmal,nature,2025,August,Monsoon,"Independence Day, Krishna Janmashtami",5343
Pochampad Dam,Nirmal,nature,2025,September,Monsoon,Vinayaka Chavithi,5507
Pochampad Dam,Nirmal,nature,2025,October,Post-Monsoon,"Bathukamma, Dussehra",11143
Pochampad Dam,Nirmal,nature,2025,November,Winter,Diwali,12276
Pochampad Dam,Nirmal,nature,2025,December,Winter,Christmas,13801
Pushkar Ghat,Nirmal,other,2024,January,Winter,"Bhogi, Sankranti",9774
Pushkar Ghat,Nirmal,other,2024,February,Winter,Maha Shivaratri,7654
Pushkar Ghat,Nirmal,other,2024,March,Summer,Holi,4872
Pushkar Ghat,Nirmal,other,2024,April,Summer,"Ugadi, Sri Rama Navami",5136
Pushkar Ghat,Nirmal,other,2024,May,Summer,Buddha Purnima,4347
Pushkar Ghat,Nirmal,other,2024,June,Monsoon,None,3243
Pushkar Ghat,Nirmal,other,2024,July,Monsoon,Bonalu,3034
Pushkar Ghat,Nirmal,other,2024,August,Monsoon,"Independence Day, Krishna Janmashtami",3581
Pushkar Ghat,Nirmal,other,2024,September,Monsoon,Vinayaka Chavithi,3690
Pushkar Ghat,Nirmal,other,2024,October,Post-Monsoon,"Bathukamma, Dussehra",7432
Pushkar Ghat,Nirmal,other,2024,November,Winter,Diwali,8600
Pushkar Ghat,Nirmal,other,2024,December,Winter,Christmas,9846
Pushkar Ghat,Nirmal,other,2025,January,Winter,"Bhogi, Sankranti",9768
Pushkar Ghat,Nirmal,other,2025,February,Winter,Maha Shivaratri,9252
Pushkar Ghat,Nirmal,other,2025,March,Summer,Holi,4947
Pushkar Ghat,Nirmal,other,2025,April,Summer,"Ugadi, Sri Rama Navami",5460
Pushkar Ghat,Nirmal,other,2025,May,Summer,Buddha Purnima,4559
Pushkar Ghat,Nirmal,other,2025,June,Monsoon,None,3582
Pushkar Ghat,Nirmal,other,2025,July,Monsoon,Bonalu,3361
Pushkar Ghat,Nirmal,other,2025,August,Monsoon,"Independence Day, Krishna Janmashtami",3529
Pushkar Ghat,Nirmal,other,2025,September,Monsoon,Vinayaka Chavithi,3681
Pushkar Ghat,Nirmal,other,2025,October,Post-Monsoon,"Bathukamma, Dussehra",8375
Pushkar Ghat,Nirmal,other,2025,November,Winter,Diwali,9742
Pushkar Ghat,Nirmal,other,2025,December,Winter,Christmas,10432
Shyamgarh Fort,Nirmal,heritage,2024,January,Winter,"Bhogi, Sankranti",15243
Shyamgarh Fort,Nirmal,heritage,2024,February,Winter,Maha Shivaratri,14051
Shyamgarh Fort,Nirmal,heritage,2024,March,Summer,Holi,7714
Shyamgarh Fort,Nirmal,heritage,2024,April,Summer,"Ugadi, Sri Rama Navami",8605
Shyamgarh Fort,Nirmal,heritage,2024,May,Summer,Buddha Purnima,6241
Shyamgarh Fort,Nirmal,heritage,2024,June,Monsoon,None,4626
Shyamgarh Fort,Nirmal,heritage,2024,July,Monsoon,Bonalu,4545
Shyamgarh Fort,Nirmal,heritage,2024,August,Monsoon,"Independence Day, Krishna Janmashtami",5734
Shyamgarh Fort,Nirmal,heritage,2024,September,Monsoon,Vinayaka Chavithi,5982
Shyamgarh Fort,Nirmal,heritage,2024,October,Post-Monsoon,"Bathukamma, Dussehra",12328
Shyamgarh Fort,Nirmal,heritage,2024,November,Winter,Diwali,13900
Shyamgarh Fort,Nirmal,heritage,2024,December,Winter,Christmas,14315
Shyamgarh Fort,Nirmal,heritage,2025,January,Winter,"Bhogi, Sankranti",16170
Shyamgarh Fort,Nirmal,heritage,2025,February,Winter,Maha Shivaratri,13268
Shyamgarh Fort,Nirmal,heritage,2025,March,Summer,Holi,9145
Shyamgarh Fort,Nirmal,heritage,2025,April,Summer,"Ugadi, Sri Rama Navami",8760
Shyamgarh Fort,Nirmal,heritage,2025,May,Summer,Buddha Purnima,7159
Shyamgarh Fort,Nirmal,heritage,2025,June,Monsoon,None,5648
Shyamgarh Fort,Nirmal,heritage,2025,July,Monsoon,Bonalu,5061
Shyamgarh Fort,Nirmal,heritage,2025,August,Monsoon,"Independence Day, Krishna Janmashtami",5926
Shyamgarh Fort,Nirmal,heritage,2025,September,Monsoon,Vinayaka Chavithi,6120
Shyamgarh Fort,Nirmal,heritage,2025,October,Post-Monsoon,"Bathukamma, Dussehra",13194
Shyamgarh Fort,Nirmal,heritage,2025,November,Winter,Diwali,15288
Shyamgarh Fort,Nirmal,heritage,2025,December,Winter,Christmas,16812
Alisagar Deer Park,Nizamabad,leisure,2024,January,Winter,"Bhogi, Sankranti",12620
Alisagar Deer Park,Nizamabad,leisure,2024,February,Winter,Maha Shivaratri,8718
Alisagar Deer Park,Nizamabad,leisure,2024,March,Summer,Holi,6043
Alisagar Deer Park,Nizamabad,leisure,2024,April,Summer,"Ugadi, Sri Rama Navami",5923
Alisagar Deer Park,Nizamabad,leisure,2024,May,Summer,Buddha Purnima,4879
Alisagar Deer Park,Nizamabad,leisure,2024,June,Monsoon,None,3473
Alisagar Deer Park,Nizamabad,leisure,2024,July,Monsoon,Bonalu,3528
Alisagar Deer Park,Nizamabad,leisure,2024,August,Monsoon,"Independence Day, Krishna Janmashtami",4663
Alisagar Deer Park,Nizamabad,leisure,2024,September,Monsoon,Vinayaka Chavithi,4622
Alisagar Deer Park,Nizamabad,leisure,2024,October,Post-Monsoon,"Bathukamma, Dussehra",9078
Alisagar Deer Park,Nizamabad,leisure,2024,November,Winter,Diwali,10943
Alisagar Deer Park,Nizamabad,leisure,2024,December,Winter,Christmas,10265
Alisagar Deer Park,Nizamabad,leisure,2025,January,Winter,"Bhogi, Sankranti",11273
Alisagar Deer Park,Nizamabad,leisure,2025,February,Winter,Maha Shivaratri,9454
Alisagar Deer Park,Nizamabad,leisure,2025,March,Summer,Holi,6112
Alisagar Deer Park,Nizamabad,leisure,2025,April,Summer,"Ugadi, Sri Rama Navami",6633
Alisagar Deer Park,Nizamabad,leisure,2025,May,Summer,Buddha Purnima,5457
Alisagar Deer Park,Nizamabad,leisure,2025,June,Monsoon,None,3900
Alisagar Deer Park,Nizamabad,leisure,2025,July,Monsoon,Bonalu,3710
Alisagar Deer Park,Nizamabad,leisure,2025,August,Monsoon,"Independence Day, Krishna Janmashtami",4831
Alisagar Deer Park,Nizamabad,leisure,2025,September,Monsoon,Vinayaka Chavithi,4847
Alisagar Deer Park,Nizamabad,leisure,2025,October,Post-Monsoon,"Bathukamma, Dussehra",10152
Alisagar Deer Park,Nizamabad,leisure,2025,November,Winter,Diwali,10023
Alisagar Deer Park,Nizamabad,leisure,2025,December,Winter,Christmas,12180
Mallaram Forest,Nizamabad,nature,2024,January,Winter,"Bhogi, Sankranti",12021
Mallaram Forest,Nizamabad,nature,2024,February,Winter,Maha Shivaratri,11003
Mallaram Forest,Nizamabad,nature,2024,March,Summer,Holi,6881
Mallaram Forest,Nizamabad,nature,2024,April,Summer,"Ugadi, Sri Rama Navami",6995
Mallaram Forest,Nizamabad,nature,2024,May,Summer,Buddha Purnima,5500
Mallaram Forest,Nizamabad,nature,2024,June,Monsoon,None,4097
Mallaram Forest,Nizamabad,nature,2024,July,Monsoon,Bonalu,3901
Mallaram Forest,Nizamabad,nature,2024,August,Monsoon,"Independence Day, Krishna Janmashtami",5198
Mallaram Forest,Nizamabad,nature,2024,September,Monsoon,Vinayaka Chavithi,5017
Mallaram Forest,Nizamabad,nature,2024,October,Post-Monsoon,"Bathukamma, Dussehra",10942
Mallaram Forest,Nizamabad,nature,2024,November,Winter,Diwali,11406
Mallaram Forest,Nizamabad,nature,2024,December,Winter,Christmas,12359
Mallaram Forest,Nizamabad,nature,2025,January,Winter,"Bhogi, Sankranti",13275
Mallaram Forest,Nizamabad,nature,2025,February,Winter,Maha Shivaratri,12656
Mallaram Forest,Nizamabad,nature,2025,March,Summer,Holi,6982
Mallaram Forest,Nizamabad,nature,2025,April,Summer,"Ugadi, Sri Rama Navami",7763
Mallaram Forest,Nizamabad,nature,2025,May,Summer,Buddha Purnima,6086
Mallaram Forest,Nizamabad,nature,2025,June,Monsoon,None,3987
Mallaram Forest,Nizamabad,nature,2025,July,Monsoon,Bonalu,4432
Mallaram Forest,Nizamabad,nature,2025,August,Monsoon,"Independence Day, Krishna Janmashtami",4995
Mallaram Forest,Nizamabad,nature,2025,September,Monsoon,Vinayaka Chavithi,5484
Mallaram Forest,Nizamabad,nature,2025,October,Post-Monsoon,"Bathukamma, Dussehra",10526
Mallaram Forest,Nizamabad,nature,2025,November,Winter,Diwali,13238
Mallaram Forest,Nizamabad,nature,2025,December,Winter,Christmas,13644
Nizamabad Fort,Nizamabad,heritage,2024,January,Winter,"Bhogi, Sankranti",15041
Nizamabad Fort,Nizamabad,heritage,2024,February,Winter,Maha Shivaratri,13769
Nizamabad Fort,Nizamabad,heritage,2024,March,Summer,Holi,8342
Nizamabad Fort,Nizamabad,heritage,2024,April,Summer,"Ugadi, Sri Rama Navami",8261
Nizamabad Fort,Nizamabad,heritage,2024,May,Summer,Buddha Purnima,6559
Nizamabad Fort,Nizamabad,heritage,2024,June,Monsoon,None,4433
Nizamabad Fort,Nizamabad,heritage,2024,July,Monsoon,Bonalu,4844
Nizamabad Fort,Nizamabad,heritage,2024,August,Monsoon,"Independence Day, Krishna Janmashtami",5657
Nizamabad Fort,Nizamabad,heritage,2024,September,Monsoon,Vinayaka Chavithi,6051
Nizamabad Fort,Nizamabad,heritage,2024,October,Post-Monsoon,"Bathukamma, Dussehra",12094
Nizamabad Fort,Nizamabad,heritage,2024,November,Winter,Diwali,14390
Nizamabad Fort,Nizamabad,heritage,2024,December,Winter,Christmas,14608
Nizamabad Fort,Nizamabad,heritage,2025,January,Winter,"Bhogi, Sankranti",16343
Nizamabad Fort,Nizamabad,heritage,2025,February,Winter,Maha Shivaratri,15250
Nizamabad Fort,Nizamabad,heritage,2025,March,Summer,Holi,8742
Nizamabad Fort,Nizamabad,heritage,2025,April,Summer,"Ugadi, Sri Rama Navami",8904
Nizamabad Fort,Nizamabad,heritage,2025,May,Summer,Buddha Purnima,7146
Nizamabad Fort,Nizamabad,heritage,2025,June,Monsoon,None,5087
Nizamabad Fort,Nizamabad,heritage,2025,July,Monsoon,Bonalu,5187
Nizamabad Fort,Nizamabad,heritage,2025,August,Monsoon,"Independence Day, Krishna Janmashtami",6133
Nizamabad Fort,Nizamabad,heritage,2025,September,Monsoon,Vinayaka Chavithi,6746
Nizamabad Fort,Nizamabad,heritage,2025,October,Post-Monsoon,"Bathukamma, Dussehra",13143
Nizamabad Fort,Nizamabad,heritage,2025,November,Winter,Diwali,14010
Nizamabad Fort,Nizamabad,heritage,2025,December,Winter,Christmas,17715
Sriram Sagar,Nizamabad,nature,2024,January,Winter,"Bhogi, Sankranti",12984
Sriram Sagar,Nizamabad,nature,2024,February,Winter,Maha Shivaratri,10437
Sriram Sagar,Nizamabad,nature,2024,March,Summer,Holi,6554
Sriram Sagar,Nizamabad,nature,2024,April,Summer,"Ugadi, Sri Rama Navami",7002
Sriram Sagar,Nizamabad,nature,2024,May,Summer,Buddha Purnima,6234
Sriram Sagar,Nizamabad,nature,2024,June,Monsoon,None,3869
Sriram Sagar,Nizamabad,nature,2024,July,Monsoon,Bonalu,4430
Sriram Sagar,Nizamabad,nature,2024,August,Monsoon,"Independence Day, Krishna Janmashtami",5259
Sriram Sagar,Nizamabad,nature,2024,September,Monsoon,Vinayaka Chavithi,4909
Sriram Sagar,Nizamabad,nature,2024,October,Post-Monsoon,"Bathukamma, Dussehra",10219
Sriram Sagar,Nizamabad,nature,2024,November,Winter,Diwali,11108
Sriram Sagar,Nizamabad,nature,2024,December,Winter,Christmas,12562
Sriram Sagar,Nizamabad,nature,2025,January,Winter,"Bhogi, Sankranti",13777
Sriram Sagar,Nizamabad,nature,2025,February,Winter,Maha Shivaratri,12525
Sriram Sagar,Nizamabad,nature,2025,March,Summer,Holi,7633
Sriram Sagar,Nizamabad,nature,2025,April,Summer,"Ugadi, Sri Rama Navami",7239
Sriram Sagar,Nizamabad,nature,2025,May,Summer,Buddha Purnima,5594
Sriram Sagar,Nizamabad,nature,2025,June,Monsoon,None,4419
Sriram Sagar,Nizamabad,nature,2025,July,Monsoon,Bonalu,4629
Sriram Sagar,Nizamabad,nature,2025,August,Monsoon,"Independence Day, Krishna Janmashtami",5375
Sriram Sagar,Nizamabad,nature,2025,September,Monsoon,Vinayaka Chavithi,5385
Sriram Sagar,Nizamabad,nature,2025,October,Post-Monsoon,"Bathukamma, Dussehra",11262
Sriram Sagar,Nizamabad,nature,2025,November,Winter,Diwali,13610
Sriram Sagar,Nizamabad,nature,2025,December,Winter,Christmas,13968
Bugga Rameshwara Temple,Nizamabad,religious,2024,January,Winter,"Bhogi, Sankranti",18811
Bugga Rameshwara Temple,Nizamabad,religious,2024,February,Winter,Maha Shivaratri,16419
Bugga Rameshwara Temple,Nizamabad,religious,2024,March,Summer,Holi,9968
Bugga Rameshwara Temple,Nizamabad,religious,2024,April,Summer,"Ugadi, Sri Rama Navami",11300
Bugga Rameshwara Temple,Nizamabad,religious,2024,May,Summer,Buddha Purnima,8538
Bugga Rameshwara Temple,Nizamabad,religious,2024,June,Monsoon,None,6138
Bugga Rameshwara Temple,Nizamabad,religious,2024,July,Monsoon,Bonalu,6183
Bugga Rameshwara Temple,Nizamabad,religious,2024,August,Monsoon,"Independence Day, Krishna Janmashtami",7778
Bugga Rameshwara Temple,Nizamabad,religious,2024,September,Monsoon,Vinayaka Chavithi,8348
Bugga Rameshwara Temple,Nizamabad,religious,2024,October,Post-Monsoon,"Bathukamma, Dussehra",15895
Bugga Rameshwara Temple,Nizamabad,religious,2024,November,Winter,Diwali,17645
Bugga Rameshwara Temple,Nizamabad,religious,2024,December,Winter,Christmas,19071
Bugga Rameshwara Temple,Nizamabad,religious,2025,January,Winter,"Bhogi, Sankranti",18235
Bugga Rameshwara Temple,Nizamabad,religious,2025,February,Winter,Maha Shivaratri,18865
Bugga Rameshwara Temple,Nizamabad,religious,2025,March,Summer,Holi,10930
Bugga Rameshwara Temple,Nizamabad,religious,2025,April,Summer,"Ugadi, Sri Rama Navami",11522
Bugga Rameshwara Temple,Nizamabad,religious,2025,May,Summer,Buddha Purnima,8975
Bugga Rameshwara Temple,Nizamabad,religious,2025,June,Monsoon,None,6508
Bugga Rameshwara Temple,Nizamabad,religious,2025,July,Monsoon,Bonalu,6702
Bugga Rameshwara Temple,Nizamabad,religious,2025,August,Monsoon,"Independence Day, Krishna Janmashtami",8369
Bugga Rameshwara Temple,Nizamabad,religious,2025,September,Monsoon,Vinayaka Chavithi,8056
Bugga Rameshwara Temple,Nizamabad,religious,2025,October,Post-Monsoon,"Bathukamma, Dussehra",18536
Bugga Rameshwara Temple,Nizamabad,religious,2025,November,Winter,Diwali,19387
Bugga Rameshwara Temple,Nizamabad,religious,2025,December,Winter,Christmas,19248
Sarangapur Hanuman Temple,Nizamabad,religious,2024,January,Winter,"Bhogi, Sankranti",19046
Sarangapur Hanuman Temple,Nizamabad,religious,2024,February,Winter,Maha Shivaratri,16291
Sarangapur Hanuman Temple,Nizamabad,religious,2024,March,Summer,Holi,8950
Sarangapur Hanuman Temple,Nizamabad,religious,2024,April,Summer,"Ugadi, Sri Rama Navami",11280
Sarangapur Hanuman Temple,Nizamabad,religious,2024,May,Summer,Buddha Purnima,8920
Sarangapur Hanuman Temple,Nizamabad,religious,2024,June,Monsoon,None,6308
Sarangapur Hanuman Temple,Nizamabad,religious,2024,July,Monsoon,Bonalu,6388
Sarangapur Hanuman Temple,Nizamabad,religious,2024,August,Monsoon,"Independence Day, Krishna Janmashtami",6863
Sarangapur Hanuman Temple,Nizamabad,religious,2024,September,Monsoon,Vinayaka Chavithi,7419
Sarangapur Hanuman Temple,Nizamabad,religious,2024,October,Post-Monsoon,"Bathukamma, Dussehra",16199
Sarangapur Hanuman Temple,Nizamabad,religious,2024,November,Winter,Diwali,16648
Sarangapur Hanuman Temple,Nizamabad,religious,2024,December,Winter,Christmas,16626
Sarangapur Hanuman Temple,Nizamabad,religious,2025,January,Winter,"Bhogi, Sankranti",20468
Sarangapur Hanuman Temple,Nizamabad,religious,2025,February,Winter,Maha Shivaratri,18058
Sarangapur Hanuman Temple,Nizamabad,religious,2025,March,Summer,Holi,10931
Sarangapur Hanuman Temple,Nizamabad,religious,2025,April,Summer,"Ugadi, Sri Rama Navami",11691
Sarangapur Hanuman Temple,Nizamabad,religious,2025,May,Summer,Buddha Purnima,9603
Sarangapur Hanuman Temple,Nizamabad,religious,2025,June,Monsoon,None,6721
Sarangapur Hanuman Temple,Nizamabad,religious,2025,July,Monsoon,Bonalu,7252
Sarangapur Hanuman Temple,Nizamabad,religious,2025,August,Monsoon,"Independence Day, Krishna Janmashtami",7358
Sarangapur Hanuman Temple,Nizamabad,religious,2025,September,Monsoon,Vinayaka Chavithi,8419
Sarangapur Hanuman Temple,Nizamabad,religious,2025,October,Post-Monsoon,"Bathukamma, Dussehra",17314
Sarangapur Hanuman Temple,Nizamabad,religious,2025,November,Winter,Diwali,17801
Sarangapur Hanuman Temple,Nizamabad,religious,2025,December,Winter,Christmas,19014
Dichpally Ramalayam (Khilla Ramalayam),Nizamabad,religious,2024,January,Winter,"Bhogi, Sankranti",18454
Dichpally Ramalayam (Khilla Ramalayam),Nizamabad,religious,2024,February,Winter,Maha Shivaratri,16283
Dichpally Ramalayam (Khilla Ramalayam),Nizamabad,religious,2024,March,Summer,Holi,10432
Dichpally Ramalayam (Khilla Ramalayam),Nizamabad,religious,2024,April,Summer,"Ugadi, Sri Rama Navami",10124
Dichpally Ramalayam (Khilla Ramalayam),Nizamabad,religious,2024,May,Summer,Buddha Purnima,8248
Dichpally Ramalayam (Khilla Ramalayam),Nizamabad,religious,2024,June,Monsoon,None,5956
Dichpally Ramalayam (Khilla Ramalayam),Nizamabad,religious,2024,July,Monsoon,Bonalu,6690
Dichpally Ramalayam (Khilla Ramalayam),Nizamabad,religious,2024,August,Monsoon,"Independence Day, Krishna Janmashtami",7378
Dichpally Ramalayam (Khilla Ramalayam),Nizamabad,religious,2024,September,Monsoon,Vinayaka Chavithi,7535
Dichpally Ramalayam (Khilla Ramalayam),Nizamabad,religious,2024,October,Post-Monsoon,"Bathukamma, Dussehra",15459
Dichpally Ramalayam (Khilla Ramalayam),Nizamabad,religious,2024,November,Winter,Diwali,18707
Dichpally Ramalayam (Khilla Ramalayam),Nizamabad,religious,2024,December,Winter,Christmas,18323
Dichpally Ramalayam (Khilla Ramalayam),Nizamabad,religious,2025,January,Winter,"Bhogi, Sankranti",22065
Dichpally Ramalayam (Khilla Ramalayam),Nizamabad,religious,2025,February,Winter,Maha Shivaratri,18378
Dichpally Ramalayam (Khilla Ramalayam),Nizamabad,religious,2025,March,Summer,Holi,10770
Dichpally Ramalayam (Khilla Ramalayam),Nizamabad,religious,2025,April,Summer,"Ugadi, Sri Rama Navami",12691
Dichpally Ramalayam (Khilla Ramalayam),Nizamabad,religious,2025,May,Summer,Buddha Purnima,8815
Dichpally Ramalayam (Khilla Ramalayam),Nizamabad,religious,2025,June,Monsoon,None,6518
Dichpally Ramalayam (Khilla Ramalayam),Nizamabad,religious,2025,July,Monsoon,Bonalu,6421
Dichpally Ramalayam (Khilla Ramalayam),Nizamabad,religious,2025,August,Monsoon,"Independence Day, Krishna Janmashtami",8342
Dichpally Ramalayam (Khilla Ramalayam),Nizamabad,religious,2025,September,Monsoon,Vinayaka Chavithi,8905
Dichpally Ramalayam (Khilla Ramalayam),Nizamabad,religious,2025,October,Post-Monsoon,"Bathukamma, Dussehra",18190
Dichpally Ramalayam (Khilla Ramalayam),Nizamabad,religious,2025,November,Winter,Diwali,20139
Dichpally Ramalayam (Khilla Ramalayam),Nizamabad,religious,2025,December,Winter,Christmas,20356
Sri Neelakanteshwara Temple,Nizamabad,religious,2024,January,Winter,"Bhogi, Sankranti",18819
Sri Neelakanteshwara Temple,Nizamabad,religious,2024,February,Winter,Maha Shivaratri,15433
Sri Neelakanteshwara Temple,Nizamabad,religious,2024,March,Summer,Holi,11077
Sri Neelakanteshwara Temple,Nizamabad,religious,2024,April,Summer,"Ugadi, Sri Rama Navami",10690
Sri Neelakanteshwara Temple,Nizamabad,religious,2024,May,Summer,Buddha Purnima,8405
Sri Neelakanteshwara Temple,Nizamabad,religious,2024,June,Monsoon,None,6552
Sri Neelakanteshwara Temple,Nizamabad,religious,2024,July,Monsoon,Bonalu,6028
Sri Neelakanteshwara Temple,Nizamabad,religious,2024,August,Monsoon,"Independence Day, Krishna Janmashtami",7523
Sri Neelakanteshwara Temple,Nizamabad,religious,2024,September,Monsoon,Vinayaka Chavithi,7538
Sri Neelakanteshwara Temple,Nizamabad,religious,2024,October,Post-Monsoon,"Bathukamma, Dussehra",16041
Sri Neelakanteshwara Temple,Nizamabad,religious,2024,November,Winter,Diwali,17516
Sri Neelakanteshwara Temple,Nizamabad,religious,2024,December,Winter,Christmas,17655
Sri Neelakanteshwara Temple,Nizamabad,religious,2025,January,Winter,"Bhogi, Sankranti",20781
Sri Neelakanteshwara Temple,Nizamabad,religious,2025,February,Winter,Maha Shivaratri,19141
Sri Neelakanteshwara Temple,Nizamabad,religious,2025,March,Summer,Holi,10842
Sri Neelakanteshwara Temple,Nizamabad,religious,2025,April,Summer,"Ugadi, Sri Rama Navami",11718
Sri Neelakanteshwara Temple,Nizamabad,religious,2025,May,Summer,Buddha Purnima,8820
Sri Neelakanteshwara Temple,Nizamabad,religious,2025,June,Monsoon,None,6627
Sri Neelakanteshwara Temple,Nizamabad,religious,2025,July,Monsoon,Bonalu,6629
Sri Neelakanteshwara Temple,Nizamabad,religious,2025,August,Monsoon,"Independence Day, Krishna Janmashtami",8260
Sri Neelakanteshwara Temple,Nizamabad,religious,2025,September,Monsoon,Vinayaka Chavithi,8224
Sri Neelakanteshwara Temple,Nizamabad,religious,2025,October,Post-Monsoon,"Bathukamma, Dussehra",17367
Sri Neelakanteshwara Temple,Nizamabad,religious,2025,November,Winter,Diwali,20010
Sri Neelakanteshwara Temple,Nizamabad,religious,2025,December,Winter,Christmas,21270
Jankampet Lakshmi Narasimha Swamy Temple,Nizamabad,religious,2024,January,Winter,"Bhogi, Sankranti",19431
Jankampet Lakshmi Narasimha Swamy Temple,Nizamabad,religious,2024,February,Winter,Maha Shivaratri,15999
Jankampet Lakshmi Narasimha Swamy Temple,Nizamabad,religious,2024,March,Summer,Holi,10052
Jankampet Lakshmi Narasimha Swamy Temple,Nizamabad,religious,2024,April,Summer,"Ugadi, Sri Rama Navami",10166
Jankampet Lakshmi Narasimha Swamy Temple,Nizamabad,religious,2024,May,Summer,Buddha Purnima,8469
Jankampet Lakshmi Narasimha Swamy Temple,Nizamabad,religious,2024,June,Monsoon,None,6029
Jankampet Lakshmi Narasimha Swamy Temple,Nizamabad,religious,2024,July,Monsoon,Bonalu,6026
Jankampet Lakshmi Narasimha Swamy Temple,Nizamabad,religious,2024,August,Monsoon,"Independence Day, Krishna Janmashtami",6651
Jankampet Lakshmi Narasimha Swamy Temple,Nizamabad,religious,2024,September,Monsoon,Vinayaka Chavithi,7349
Jankampet Lakshmi Narasimha Swamy Temple,Nizamabad,religious,2024,October,Post-Monsoon,"Bathukamma, Dussehra",15695
Jankampet Lakshmi Narasimha Swamy Temple,Nizamabad,religious,2024,November,Winter,Diwali,16387
Jankampet Lakshmi Narasimha Swamy Temple,Nizamabad,religious,2024,December,Winter,Christmas,19051
Jankampet Lakshmi Narasimha Swamy Temple,Nizamabad,religious,2025,January,Winter,"Bhogi, Sankranti",22670
Jankampet Lakshmi Narasimha Swamy Temple,Nizamabad,religious,2025,February,Winter,Maha Shivaratri,19117
Jankampet Lakshmi Narasimha Swamy Temple,Nizamabad,religious,2025,March,Summer,Holi,11750
Jankampet Lakshmi Narasimha Swamy Temple,Nizamabad,religious,2025,April,Summer,"Ugadi, Sri Rama Navami",11501
Jankampet Lakshmi Narasimha Swamy Temple,Nizamabad,religious,2025,May,Summer,Buddha Purnima,9850
Jankampet Lakshmi Narasimha Swamy Temple,Nizamabad,religious,2025,June,Monsoon,None,6395
Jankampet Lakshmi Narasimha Swamy Temple,Nizamabad,religious,2025,July,Monsoon,Bonalu,6622
Jankampet Lakshmi Narasimha Swamy Temple,Nizamabad,religious,2025,August,Monsoon,"Independence Day, Krishna Janmashtami",6872
Jankampet Lakshmi Narasimha Swamy Temple,Nizamabad,religious,2025,September,Monsoon,Vinayaka Chavithi,8698
Jankampet Lakshmi Narasimha Swamy Temple,Nizamabad,religious,2025,October,Post-Monsoon,"Bathukamma, Dussehra",18081
Jankampet Lakshmi Narasimha Swamy Temple,Nizamabad,religious,2025,November,Winter,Diwali,18453
Jankampet Lakshmi Narasimha Swamy Temple,Nizamabad,religious,2025,December,Winter,Christmas,20298
Lanja Madugu Siwaram WLS,Peddapalli,nature,2024,January,Winter,"Bhogi, Sankranti",11865
Lanja Madugu Siwaram WLS,Peddapalli,nature,2024,February,Winter,Maha Shivaratri,11039
Lanja Madugu Siwaram WLS,Peddapalli,nature,2024,March,Summer,Holi,6830
Lanja Madugu Siwaram WLS,Peddapalli,nature,2024,April,Summer,"Ugadi, Sri Rama Navami",6133
Lanja Madugu Siwaram WLS,Peddapalli,nature,2024,May,Summer,Buddha Purnima,5656
Lanja Madugu Siwaram WLS,Peddapalli,nature,2024,June,Monsoon,None,3897
Lanja Madugu Siwaram WLS,Peddapalli,nature,2024,July,Monsoon,Bonalu,4099
Lanja Madugu Siwaram WLS,Peddapalli,nature,2024,August,Monsoon,"Independence Day, Krishna Janmashtami",4851
Lanja Madugu Siwaram WLS,Peddapalli,nature,2024,September,Monsoon,Vinayaka Chavithi,4845
Lanja Madugu Siwaram WLS,Peddapalli,nature,2024,October,Post-Monsoon,"Bathukamma, Dussehra",9947
Lanja Madugu Siwaram WLS,Peddapalli,nature,2024,November,Winter,Diwali,11182
Lanja Madugu Siwaram WLS,Peddapalli,nature,2024,December,Winter,Christmas,12839
Lanja Madugu Siwaram WLS,Peddapalli,nature,2025,January,Winter,"Bhogi, Sankranti",13595
Lanja Madugu Siwaram WLS,Peddapalli,nature,2025,February,Winter,Maha Shivaratri,11827
Lanja Madugu Siwaram WLS,Peddapalli,nature,2025,March,Summer,Holi,6540
Lanja Madugu Siwaram WLS,Peddapalli,nature,2025,April,Summer,"Ugadi, Sri Rama Navami",7118
Lanja Madugu Siwaram WLS,Peddapalli,nature,2025,May,Summer,Buddha Purnima,6255
Lanja Madugu Siwaram WLS,Peddapalli,nature,2025,June,Monsoon,None,4276
Lanja Madugu Siwaram WLS,Peddapalli,nature,2025,July,Monsoon,Bonalu,4547
Lanja Madugu Siwaram WLS,Peddapalli,nature,2025,August,Monsoon,"Independence Day, Krishna Janmashtami",5574
Lanja Madugu Siwaram WLS,Peddapalli,nature,2025,September,Monsoon,Vinayaka Chavithi,5556
Lanja Madugu Siwaram WLS,Peddapalli,nature,2025,October,Post-Monsoon,"Bathukamma, Dussehra",10849
Lanja Madugu Siwaram WLS,Peddapalli,nature,2025,November,Winter,Diwali,11895
Lanja Madugu Siwaram WLS,Peddapalli,nature,2025,December,Winter,Christmas,11536
Ramagiri Khilla,Peddapalli,heritage,2024,January,Winter,"Bhogi, Sankranti",14519
Ramagiri Khilla,Peddapalli,heritage,2024,February,Winter,Maha Shivaratri,12653
Ramagiri Khilla,Peddapalli,heritage,2024,March,Summer,Holi,7829
Ramagiri Khilla,Peddapalli,heritage,2024,April,Summer,"Ugadi, Sri Rama Navami",7917
Ramagiri Khilla,Peddapalli,heritage,2024,May,Summer,Buddha Purnima,6476
Ramagiri Khilla,Peddapalli,heritage,2024,June,Monsoon,None,4275
Ramagiri Khilla,Peddapalli,heritage,2024,July,Monsoon,Bonalu,4612
Ramagiri Khilla,Peddapalli,heritage,2024,August,Monsoon,"Independence Day, Krishna Janmashtami",5766
Ramagiri Khilla,Peddapalli,heritage,2024,September,Monsoon,Vinayaka Chavithi,6306
Ramagiri Khilla,Peddapalli,heritage,2024,October,Post-Monsoon,"Bathukamma, Dussehra",11815
Ramagiri Khilla,Peddapalli,heritage,2024,November,Winter,Diwali,13642
Ramagiri Khilla,Peddapalli,heritage,2024,December,Winter,Christmas,15233
Ramagiri Khilla,Peddapalli,heritage,2025,January,Winter,"Bhogi, Sankranti",15172
Ramagiri Khilla,Peddapalli,heritage,2025,February,Winter,Maha Shivaratri,14146
Ramagiri Khilla,Peddapalli,heritage,2025,March,Summer,Holi,7986
Ramagiri Khilla,Peddapalli,heritage,2025,April,Summer,"Ugadi, Sri Rama Navami",8989
Ramagiri Khilla,Peddapalli,heritage,2025,May,Summer,Buddha Purnima,7162
Ramagiri Khilla,Peddapalli,heritage,2025,June,Monsoon,None,5144
Ramagiri Khilla,Peddapalli,heritage,2025,July,Monsoon,Bonalu,5022
Ramagiri Khilla,Peddapalli,heritage,2025,August,Monsoon,"Independence Day, Krishna Janmashtami",6297
Ramagiri Khilla,Peddapalli,heritage,2025,September,Monsoon,Vinayaka Chavithi,6926
Ramagiri Khilla,Peddapalli,heritage,2025,October,Post-Monsoon,"Bathukamma, Dussehra",12177
Ramagiri Khilla,Peddapalli,heritage,2025,November,Winter,Diwali,14249
Ramagiri Khilla,Peddapalli,heritage,2025,December,Winter,Christmas,15885
Sabitham Waterfalls,Peddapalli,nature,2024,January,Winter,"Bhogi, Sankranti",12815
Sabitham Waterfalls,Peddapalli,nature,2024,February,Winter,Maha Shivaratri,10529
Sabitham Waterfalls,Peddapalli,nature,2024,March,Summer,Holi,5550
Sabitham Waterfalls,Peddapalli,nature,2024,April,Summer,"Ugadi, Sri Rama Navami",7175
Sabitham Waterfalls,Peddapalli,nature,2024,May,Summer,Buddha Purnima,5753
Sabitham Waterfalls,Peddapalli,nature,2024,June,Monsoon,None,3608
Sabitham Waterfalls,Peddapalli,nature,2024,July,Monsoon,Bonalu,3952
Sabitham Waterfalls,Peddapalli,nature,2024,August,Monsoon,"Independence Day, Krishna Janmashtami",5114
Sabitham Waterfalls,Peddapalli,nature,2024,September,Monsoon,Vinayaka Chavithi,5245
Sabitham Waterfalls,Peddapalli,nature,2024,October,Post-Monsoon,"Bathukamma, Dussehra",10468
Sabitham Waterfalls,Peddapalli,nature,2024,November,Winter,Diwali,11203
Sabitham Waterfalls,Peddapalli,nature,2024,December,Winter,Christmas,12295
Sabitham Waterfalls,Peddapalli,nature,2025,January,Winter,"Bhogi, Sankranti",13229
Sabitham Waterfalls,Peddapalli,nature,2025,February,Winter,Maha Shivaratri,12358
Sabitham Waterfalls,Peddapalli,nature,2025,March,Summer,Holi,6678
Sabitham Waterfalls,Peddapalli,nature,2025,April,Summer,"Ugadi, Sri Rama Navami",6963
Sabitham Waterfalls,Peddapalli,nature,2025,May,Summer,Buddha Purnima,6288
Sabitham Waterfalls,Peddapalli,nature,2025,June,Monsoon,None,4259
Sabitham Waterfalls,Peddapalli,nature,2025,July,Monsoon,Bonalu,4705
Sabitham Waterfalls,Peddapalli,nature,2025,August,Monsoon,"Independence Day, Krishna Janmashtami",4950
Sabitham Waterfalls,Peddapalli,nature,2025,September,Monsoon,Vinayaka Chavithi,5267
Sabitham Waterfalls,Peddapalli,nature,2025,October,Post-Monsoon,"Bathukamma, Dussehra",10300
Sabitham Waterfalls,Peddapalli,nature,2025,November,Winter,Diwali,12211
Sabitham Waterfalls,Peddapalli,nature,2025,December,Winter,Christmas,12246
Ananthagiri Storage Reservoir,Rajanna Sircilla,nature,2024,January,Winter,"Bhogi, Sankranti",12078
Ananthagiri Storage Reservoir,Rajanna Sircilla,nature,2024,February,Winter,Maha Shivaratri,10095
Ananthagiri Storage Reservoir,Rajanna Sircilla,nature,2024,March,Summer,Holi,6718
Ananthagiri Storage Reservoir,Rajanna Sircilla,nature,2024,April,Summer,"Ugadi, Sri Rama Navami",6987
Ananthagiri Storage Reservoir,Rajanna Sircilla,nature,2024,May,Summer,Buddha Purnima,5084
Ananthagiri Storage Reservoir,Rajanna Sircilla,nature,2024,June,Monsoon,None,4233
Ananthagiri Storage Reservoir,Rajanna Sircilla,nature,2024,July,Monsoon,Bonalu,4603
Ananthagiri Storage Reservoir,Rajanna Sircilla,nature,2024,August,Monsoon,"Independence Day, Krishna Janmashtami",4773
Ananthagiri Storage Reservoir,Rajanna Sircilla,nature,2024,September,Monsoon,Vinayaka Chavithi,4753
Ananthagiri Storage Reservoir,Rajanna Sircilla,nature,2024,October,Post-Monsoon,"Bathukamma, Dussehra",11457
Ananthagiri Storage Reservoir,Rajanna Sircilla,nature,2024,November,Winter,Diwali,10600
Ananthagiri Storage Reservoir,Rajanna Sircilla,nature,2024,December,Winter,Christmas,12306
Ananthagiri Storage Reservoir,Rajanna Sircilla,nature,2025,January,Winter,"Bhogi, Sankranti",13491
Ananthagiri Storage Reservoir,Rajanna Sircilla,nature,2025,February,Winter,Maha Shivaratri,12536
Ananthagiri Storage Reservoir,Rajanna Sircilla,nature,2025,March,Summer,Holi,7138
Ananthagiri Storage Reservoir,Rajanna Sircilla,nature,2025,April,Summer,"Ugadi, Sri Rama Navami",7104
Ananthagiri Storage Reservoir,Rajanna Sircilla,nature,2025,May,Summer,Buddha Purnima,5724
Ananthagiri Storage Reservoir,Rajanna Sircilla,nature,2025,June,Monsoon,None,4212
Ananthagiri Storage Reservoir,Rajanna Sircilla,nature,2025,July,Monsoon,Bonalu,4197
Ananthagiri Storage Reservoir,Rajanna Sircilla,nature,2025,August,Monsoon,"Independence Day, Krishna Janmashtami",5155
Ananthagiri Storage Reservoir,Rajanna Sircilla,nature,2025,September,Monsoon,Vinayaka Chavithi,5154
Ananthagiri Storage Reservoir,Rajanna Sircilla,nature,2025,October,Post-Monsoon,"Bathukamma, Dussehra",10032
Ananthagiri Storage Reservoir,Rajanna Sircilla,nature,2025,November,Winter,Diwali,13025
Ananthagiri Storage Reservoir,Rajanna Sircilla,nature,2025,December,Winter,Christmas,12947
Mid Manair Dam,Rajanna Sircilla,nature,2024,January,Winter,"Bhogi, Sankranti",11595
Mid Manair Dam,Rajanna Sircilla,nature,2024,February,Winter,Maha Shivaratri,10784
Mid Manair Dam,Rajanna Sircilla,nature,2024,March,Summer,Holi,6515
Mid Manair Dam,Rajanna Sircilla,nature,2024,April,Summer,"Ugadi, Sri Rama Navami",6156
Mid Manair Dam,Rajanna Sircilla,nature,2024,May,Summer,Buddha Purnima,5657
Mid Manair Dam,Rajanna Sircilla,nature,2024,June,Monsoon,None,3760
Mid Manair Dam,Rajanna Sircilla,nature,2024,July,Monsoon,Bonalu,4442
Mid Manair Dam,Rajanna Sircilla,nature,2024,August,Monsoon,"Independence Day, Krishna Janmashtami",4886
Mid Manair Dam,Rajanna Sircilla,nature,2024,September,Monsoon,Vinayaka Chavithi,4812
Mid Manair Dam,Rajanna Sircilla,nature,2024,October,Post-Monsoon,"Bathukamma, Dussehra",9665
Mid Manair Dam,Rajanna Sircilla,nature,2024,November,Winter,Diwali,11289
Mid Manair Dam,Rajanna Sircilla,nature,2024,December,Winter,Christmas,12671
Mid Manair Dam,Rajanna Sircilla,nature,2025,January,Winter,"Bhogi, Sankranti",13353
Mid Manair Dam,Rajanna Sircilla,nature,2025,February,Winter,Maha Shivaratri,11618
Mid Manair Dam,Rajanna Sircilla,nature,2025,March,Summer,Holi,7032
Mid Manair Dam,Rajanna Sircilla,nature,2025,April,Summer,"Ugadi, Sri Rama Navami",7065
Mid Manair Dam,Rajanna Sircilla,nature,2025,May,Summer,Buddha Purnima,5907
Mid Manair Dam,Rajanna Sircilla,nature,2025,June,Monsoon,None,3838
Mid Manair Dam,Rajanna Sircilla,nature,2025,July,Monsoon,Bonalu,4634
Mid Manair Dam,Rajanna Sircilla,nature,2025,August,Monsoon,"Independence Day, Krishna Janmashtami",5219
Mid Manair Dam,Rajanna Sircilla,nature,2025,September,Monsoon,Vinayaka Chavithi,5098
Mid Manair Dam,Rajanna Sircilla,nature,2025,October,Post-Monsoon,"Bathukamma, Dussehra",11871
Mid Manair Dam,Rajanna Sircilla,nature,2025,November,Winter,Diwali,12310
Mid Manair Dam,Rajanna Sircilla,nature,2025,December,Winter,Christmas,12590
Upper Manair Dam,Rajanna Sircilla,nature,2024,January,Winter,"Bhogi, Sankranti",12910
Upper Manair Dam,Rajanna Sircilla,nature,2024,February,Winter,Maha Shivaratri,11092
Upper Manair Dam,Rajanna Sircilla,nature,2024,March,Summer,Holi,6621
Upper Manair Dam,Rajanna Sircilla,nature,2024,April,Summer,"Ugadi, Sri Rama Navami",6602
Upper Manair Dam,Rajanna Sircilla,nature,2024,May,Summer,Buddha Purnima,5690
Upper Manair Dam,Rajanna Sircilla,nature,2024,June,Monsoon,None,3916
Upper Manair Dam,Rajanna Sircilla,nature,2024,July,Monsoon,Bonalu,4206
Upper Manair Dam,Rajanna Sircilla,nature,2024,August,Monsoon,"Independence Day, Krishna Janmashtami",4308
Upper Manair Dam,Rajanna Sircilla,nature,2024,September,Monsoon,Vinayaka Chavithi,4804
Upper Manair Dam,Rajanna Sircilla,nature,2024,October,Post-Monsoon,"Bathukamma, Dussehra",10903
Upper Manair Dam,Rajanna Sircilla,nature,2024,November,Winter,Diwali,10913
Upper Manair Dam,Rajanna Sircilla,nature,2024,December,Winter,Christmas,11923
Upper Manair Dam,Rajanna Sircilla,nature,2025,January,Winter,"Bhogi, Sankranti",13071
Upper Manair Dam,Rajanna Sircilla,nature,2025,February,Winter,Maha Shivaratri,11032
Upper Manair Dam,Rajanna Sircilla,nature,2025,March,Summer,Holi,6238
Upper Manair Dam,Rajanna Sircilla,nature,2025,April,Summer,"Ugadi, Sri Rama Navami",7201
Upper Manair Dam,Rajanna Sircilla,nature,2025,May,Summer,Buddha Purnima,6051
Upper Manair Dam,Rajanna Sircilla,nature,2025,June,Monsoon,None,4274
Upper Manair Dam,Rajanna Sircilla,nature,2025,July,Monsoon,Bonalu,4387
Upper Manair Dam,Rajanna Sircilla,nature,2025,August,Monsoon,"Independence Day, Krishna Janmashtami",5154
Upper Manair Dam,Rajanna Sircilla,nature,2025,September,Monsoon,Vinayaka Chavithi,5574
Upper Manair Dam,Rajanna Sircilla,nature,2025,October,Post-Monsoon,"Bathukamma, Dussehra",10739
Upper Manair Dam,Rajanna Sircilla,nature,2025,November,Winter,Diwali,11904
Upper Manair Dam,Rajanna Sircilla,nature,2025,December,Winter,Christmas,13091
Devatala Gutta,Ranga Reddy,nature,2024,January,Winter,"Bhogi, Sankranti",13715
Devatala Gutta,Ranga Reddy,nature,2024,February,Winter,Maha Shivaratri,12536
Devatala Gutta,Ranga Reddy,nature,2024,March,Summer,Holi,6771
Devatala Gutta,Ranga Reddy,nature,2024,April,Summer,"Ugadi, Sri Rama Navami",7298
Devatala Gutta,Ranga Reddy,nature,2024,May,Summer,Buddha Purnima,6093
Devatala Gutta,Ranga Reddy,nature,2024,June,Monsoon,None,4060
Devatala Gutta,Ranga Reddy,nature,2024,July,Monsoon,Bonalu,4410
Devatala Gutta,Ranga Reddy,nature,2024,August,Monsoon,"Independence Day, Krishna Janmashtami",4751
Devatala Gutta,Ranga Reddy,nature,2024,September,Monsoon,Vinayaka Chavithi,4819
Devatala Gutta,Ranga Reddy,nature,2024,October,Post-Monsoon,"Bathukamma, Dussehra",11007
Devatala Gutta,Ranga Reddy,nature,2024,November,Winter,Diwali,11984
Devatala Gutta,Ranga Reddy,nature,2024,December,Winter,Christmas,13370
Devatala Gutta,Ranga Reddy,nature,2025,January,Winter,"Bhogi, Sankranti",14382
Devatala Gutta,Ranga Reddy,nature,2025,February,Winter,Maha Shivaratri,12028
Devatala Gutta,Ranga Reddy,nature,2025,March,Summer,Holi,7532
Devatala Gutta,Ranga Reddy,nature,2025,April,Summer,"Ugadi, Sri Rama Navami",7360
Devatala Gutta,Ranga Reddy,nature,2025,May,Summer,Buddha Purnima,6921
Devatala Gutta,Ranga Reddy,nature,2025,June,Monsoon,None,4301
Devatala Gutta,Ranga Reddy,nature,2025,July,Monsoon,Bonalu,4711
Devatala Gutta,Ranga Reddy,nature,2025,August,Monsoon,"Independence Day, Krishna Janmashtami",5248
Devatala Gutta,Ranga Reddy,nature,2025,September,Monsoon,Vinayaka Chavithi,5872
Devatala Gutta,Ranga Reddy,nature,2025,October,Post-Monsoon,"Bathukamma, Dussehra",11480
Devatala Gutta,Ranga Reddy,nature,2025,November,Winter,Diwali,12853
Devatala Gutta,Ranga Reddy,nature,2025,December,Winter,Christmas,14905
Fakhruddin Gutta,Ranga Reddy,nature,2024,January,Winter,"Bhogi, Sankranti",13349
Fakhruddin Gutta,Ranga Reddy,nature,2024,February,Winter,Maha Shivaratri,12012
Fakhruddin Gutta,Ranga Reddy,nature,2024,March,Summer,Holi,6647
Fakhruddin Gutta,Ranga Reddy,nature,2024,April,Summer,"Ugadi, Sri Rama Navami",6752
Fakhruddin Gutta,Ranga Reddy,nature,2024,May,Summer,Buddha Purnima,6024
Fakhruddin Gutta,Ranga Reddy,nature,2024,June,Monsoon,None,4204
Fakhruddin Gutta,Ranga Reddy,nature,2024,July,Monsoon,Bonalu,4544
Fakhruddin Gutta,Ranga Reddy,nature,2024,August,Monsoon,"Independence Day, Krishna Janmashtami",5106
Fakhruddin Gutta,Ranga Reddy,nature,2024,September,Monsoon,Vinayaka Chavithi,5341
Fakhruddin Gutta,Ranga Reddy,nature,2024,October,Post-Monsoon,"Bathukamma, Dussehra",9931
Fakhruddin Gutta,Ranga Reddy,nature,2024,November,Winter,Diwali,13372
Fakhruddin Gutta,Ranga Reddy,nature,2024,December,Winter,Christmas,13128
Fakhruddin Gutta,Ranga Reddy,nature,2025,January,Winter,"Bhogi, Sankranti",14897
Fakhruddin Gutta,Ranga Reddy,nature,2025,February,Winter,Maha Shivaratri,12117
Fakhruddin Gutta,Ranga Reddy,nature,2025,March,Summer,Holi,7666
Fakhruddin Gutta,Ranga Reddy,nature,2025,April,Summer,"Ugadi, Sri Rama Navami",7333
Fakhruddin Gutta,Ranga Reddy,nature,2025,May,Summer,Buddha Purnima,6617
Fakhruddin Gutta,Ranga Reddy,nature,2025,June,Monsoon,None,4532
Fakhruddin Gutta,Ranga Reddy,nature,2025,July,Monsoon,Bonalu,4765
Fakhruddin Gutta,Ranga Reddy,nature,2025,August,Monsoon,"Independence Day, Krishna Janmashtami",5730
Fakhruddin Gutta,Ranga Reddy,nature,2025,September,Monsoon,Vinayaka Chavithi,5358
Fakhruddin Gutta,Ranga Reddy,nature,2025,October,Post-Monsoon,"Bathukamma, Dussehra",11274
Fakhruddin Gutta,Ranga Reddy,nature,2025,November,Winter,Diwali,13497
Fakhruddin Gutta,Ranga Reddy,nature,2025,December,Winter,Christmas,15795
Kanha Shanti Vanam,Ranga Reddy,leisure,2024,January,Winter,"Bhogi, Sankranti",11582
Kanha Shanti Vanam,Ranga Reddy,leisure,2024,February,Winter,Maha Shivaratri,10548
Kanha Shanti Vanam,Ranga Reddy,leisure,2024,March,Summer,Holi,6084
Kanha Shanti Vanam,Ranga Reddy,leisure,2024,April,Summer,"Ugadi, Sri Rama Navami",6972
Kanha Shanti Vanam,Ranga Reddy,leisure,2024,May,Summer,Buddha Purnima,4785
Kanha Shanti Vanam,Ranga Reddy,leisure,2024,June,Monsoon,None,3756
Kanha Shanti Vanam,Ranga Reddy,leisure,2024,July,Monsoon,Bonalu,3542
Kanha Shanti Vanam,Ranga Reddy,leisure,2024,August,Monsoon,"Independence Day, Krishna Janmashtami",3924
Kanha Shanti Vanam,Ranga Reddy,leisure,2024,September,Monsoon,Vinayaka Chavithi,4695
Kanha Shanti Vanam,Ranga Reddy,leisure,2024,October,Post-Monsoon,"Bathukamma, Dussehra",9523
Kanha Shanti Vanam,Ranga Reddy,leisure,2024,November,Winter,Diwali,10539
Kanha Shanti Vanam,Ranga Reddy,leisure,2024,December,Winter,Christmas,11520
Kanha Shanti Vanam,Ranga Reddy,leisure,2025,January,Winter,"Bhogi, Sankranti",14547
Kanha Shanti Vanam,Ranga Reddy,leisure,2025,February,Winter,Maha Shivaratri,10922
Kanha Shanti Vanam,Ranga Reddy,leisure,2025,March,Summer,Holi,6774
Kanha Shanti Vanam,Ranga Reddy,leisure,2025,April,Summer,"Ugadi, Sri Rama Navami",6640
Kanha Shanti Vanam,Ranga Reddy,leisure,2025,May,Summer,Buddha Purnima,5746
Kanha Shanti Vanam,Ranga Reddy,leisure,2025,June,Monsoon,None,3989
Kanha Shanti Vanam,Ranga Reddy,leisure,2025,July,Monsoon,Bonalu,4078
Kanha Shanti Vanam,Ranga Reddy,leisure,2025,August,Monsoon,"Independence Day, Krishna Janmashtami",5285
Kanha Shanti Vanam,Ranga Reddy,leisure,2025,September,Monsoon,Vinayaka Chavithi,5290
Kanha Shanti Vanam,Ranga Reddy,leisure,2025,October,Post-Monsoon,"Bathukamma, Dussehra",10284
Kanha Shanti Vanam,Ranga Reddy,leisure,2025,November,Winter,Diwali,10216
Kanha Shanti Vanam,Ranga Reddy,leisure,2025,December,Winter,Christmas,12283
Kripalu Cave,Ranga Reddy,other,2024,January,Winter,"Bhogi, Sankranti",11348
Kripalu Cave,Ranga Reddy,other,2024,February,Winter,Maha Shivaratri,8681
Kripalu Cave,Ranga Reddy,other,2024,March,Summer,Holi,5532
Kripalu Cave,Ranga Reddy,other,2024,April,Summer,"Ugadi, Sri Rama Navami",5840
Kripalu Cave,Ranga Reddy,other,2024,May,Summer,Buddha Purnima,4543
Kripalu Cave,Ranga Reddy,other,2024,June,Monsoon,None,3069
Kripalu Cave,Ranga Reddy,other,2024,July,Monsoon,Bonalu,2902
Kripalu Cave,Ranga Reddy,other,2024,August,Monsoon,"Independence Day, Krishna Janmashtami",3976
Kripalu Cave,Ranga Reddy,other,2024,September,Monsoon,Vinayaka Chavithi,3804
Kripalu Cave,Ranga Reddy,other,2024,October,Post-Monsoon,"Bathukamma, Dussehra",8178
Kripalu Cave,Ranga Reddy,other,2024,November,Winter,Diwali,8591
Kripalu Cave,Ranga Reddy,other,2024,December,Winter,Christmas,9796
Kripalu Cave,Ranga Reddy,other,2025,January,Winter,"Bhogi, Sankranti",10815
Kripalu Cave,Ranga Reddy,other,2025,February,Winter,Maha Shivaratri,9612
Kripalu Cave,Ranga Reddy,other,2025,March,Summer,Holi,5346
Kripalu Cave,Ranga Reddy,other,2025,April,Summer,"Ugadi, Sri Rama Navami",6235
Kripalu Cave,Ranga Reddy,other,2025,May,Summer,Buddha Purnima,4708
Kripalu Cave,Ranga Reddy,other,2025,June,Monsoon,None,3171
Kripalu Cave,Ranga Reddy,other,2025,July,Monsoon,Bonalu,3549
Kripalu Cave,Ranga Reddy,other,2025,August,Monsoon,"Independence Day, Krishna Janmashtami",4160
Kripalu Cave,Ranga Reddy,other,2025,September,Monsoon,Vinayaka Chavithi,4317
Kripalu Cave,Ranga Reddy,other,2025,October,Post-Monsoon,"Bathukamma, Dussehra",9351
Kripalu Cave,Ranga Reddy,other,2025,November,Winter,Diwali,9780
Kripalu Cave,Ranga Reddy,other,2025,December,Winter,Christmas,10657
Maheshwaram Pyramid Temple,Ranga Reddy,religious,2024,January,Winter,"Bhogi, Sankranti",18891
Maheshwaram Pyramid Temple,Ranga Reddy,religious,2024,February,Winter,Maha Shivaratri,18284
Maheshwaram Pyramid Temple,Ranga Reddy,religious,2024,March,Summer,Holi,10582
Maheshwaram Pyramid Temple,Ranga Reddy,religious,2024,April,Summer,"Ugadi, Sri Rama Navami",10665
Maheshwaram Pyramid Temple,Ranga Reddy,religious,2024,May,Summer,Buddha Purnima,8131
Maheshwaram Pyramid Temple,Ranga Reddy,religious,2024,June,Monsoon,None,6871
Maheshwaram Pyramid Temple,Ranga Reddy,religious,2024,July,Monsoon,Bonalu,6203
Maheshwaram Pyramid Temple,Ranga Reddy,religious,2024,August,Monsoon,"Independence Day, Krishna Janmashtami",7462
Maheshwaram Pyramid Temple,Ranga Reddy,religious,2024,September,Monsoon,Vinayaka Chavithi,8072
Maheshwaram Pyramid Temple,Ranga Reddy,religious,2024,October,Post-Monsoon,"Bathukamma, Dussehra",15243
Maheshwaram Pyramid Temple,Ranga Reddy,religious,2024,November,Winter,Diwali,16959
Maheshwaram Pyramid Temple,Ranga Reddy,religious,2024,December,Winter,Christmas,17746
Maheshwaram Pyramid Temple,Ranga Reddy,religious,2025,January,Winter,"Bhogi, Sankranti",22371
Maheshwaram Pyramid Temple,Ranga Reddy,religious,2025,February,Winter,Maha Shivaratri,18452
Maheshwaram Pyramid Temple,Ranga Reddy,religious,2025,March,Summer,Holi,12982
Maheshwaram Pyramid Temple,Ranga Reddy,religious,2025,April,Summer,"Ugadi, Sri Rama Navami",11180
Maheshwaram Pyramid Temple,Ranga Reddy,religious,2025,May,Summer,Buddha Purnima,9259
Maheshwaram Pyramid Temple,Ranga Reddy,religious,2025,June,Monsoon,None,6725
Maheshwaram Pyramid Temple,Ranga Reddy,religious,2025,July,Monsoon,Bonalu,7224
Maheshwaram Pyramid Temple,Ranga Reddy,religious,2025,August,Monsoon,"Independence Day, Krishna Janmashtami",8110
Maheshwaram Pyramid Temple,Ranga Reddy,religious,2025,September,Monsoon,Vinayaka Chavithi,8827
Maheshwaram Pyramid Temple,Ranga Reddy,religious,2025,October,Post-Monsoon,"Bathukamma, Dussehra",16653
Maheshwaram Pyramid Temple,Ranga Reddy,religious,2025,November,Winter,Diwali,18426
Maheshwaram Pyramid Temple,Ranga Reddy,religious,2025,December,Winter,Christmas,19515
Nizami View Point,Ranga Reddy,nature,2024,January,Winter,"Bhogi, Sankranti",11847
Nizami View Point,Ranga Reddy,nature,2024,February,Winter,Maha Shivaratri,11406
Nizami View Point,Ranga Reddy,nature,2024,March,Summer,Holi,6885
Nizami View Point,Ranga Reddy,nature,2024,April,Summer,"Ugadi, Sri Rama Navami",7033
Nizami View Point,Ranga Reddy,nature,2024,May,Summer,Buddha Purnima,6364
Nizami View Point,Ranga Reddy,nature,2024,June,Monsoon,None,4534
Nizami View Point,Ranga Reddy,nature,2024,July,Monsoon,Bonalu,4332
Nizami View Point,Ranga Reddy,nature,2024,August,Monsoon,"Independence Day, Krishna Janmashtami",4667
Nizami View Point,Ranga Reddy,nature,2024,September,Monsoon,Vinayaka Chavithi,5137
Nizami View Point,Ranga Reddy,nature,2024,October,Post-Monsoon,"Bathukamma, Dussehra",10484
Nizami View Point,Ranga Reddy,nature,2024,November,Winter,Diwali,11817
Nizami View Point,Ranga Reddy,nature,2024,December,Winter,Christmas,12775
Nizami View Point,Ranga Reddy,nature,2025,January,Winter,"Bhogi, Sankranti",13925
Nizami View Point,Ranga Reddy,nature,2025,February,Winter,Maha Shivaratri,12401
Nizami View Point,Ranga Reddy,nature,2025,March,Summer,Holi,7310
Nizami View Point,Ranga Reddy,nature,2025,April,Summer,"Ugadi, Sri Rama Navami",7925
Nizami View Point,Ranga Reddy,nature,2025,May,Summer,Buddha Purnima,6588
Nizami View Point,Ranga Reddy,nature,2025,June,Monsoon,None,4404
Nizami View Point,Ranga Reddy,nature,2025,July,Monsoon,Bonalu,5060
Nizami View Point,Ranga Reddy,nature,2025,August,Monsoon,"Independence Day, Krishna Janmashtami",5265
Nizami View Point,Ranga Reddy,nature,2025,September,Monsoon,Vinayaka Chavithi,5248
Nizami View Point,Ranga Reddy,nature,2025,October,Post-Monsoon,"Bathukamma, Dussehra",11895
Nizami View Point,Ranga Reddy,nature,2025,November,Winter,Diwali,12656
Nizami View Point,Ranga Reddy,nature,2025,December,Winter,Christmas,14525
Pahadi Shareef Dargah,Ranga Reddy,religious,2024,January,Winter,"Bhogi, Sankranti",17590
Pahadi Shareef Dargah,Ranga Reddy,religious,2024,February,Winter,Maha Shivaratri,18786
Pahadi Shareef Dargah,Ranga Reddy,religious,2024,March,Summer,Holi,10838
Pahadi Shareef Dargah,Ranga Reddy,religious,2024,April,Summer,"Ugadi, Sri Rama Navami",10077
Pahadi Shareef Dargah,Ranga Reddy,religious,2024,May,Summer,Buddha Purnima,8323
Pahadi Shareef Dargah,Ranga Reddy,religious,2024,June,Monsoon,None,6944
Pahadi Shareef Dargah,Ranga Reddy,religious,2024,July,Monsoon,Bonalu,6365
Pahadi Shareef Dargah,Ranga Reddy,religious,2024,August,Monsoon,"Independence Day, Krishna Janmashtami",7369
Pahadi Shareef Dargah,Ranga Reddy,religious,2024,September,Monsoon,Vinayaka Chavithi,7032
Pahadi Shareef Dargah,Ranga Reddy,religious,2024,October,Post-Monsoon,"Bathukamma, Dussehra",15928
Pahadi Shareef Dargah,Ranga Reddy,religious,2024,November,Winter,Diwali,18119
Pahadi Shareef Dargah,Ranga Reddy,religious,2024,December,Winter,Christmas,20565
Pahadi Shareef Dargah,Ranga Reddy,religious,2025,January,Winter,"Bhogi, Sankranti",20082
Pahadi Shareef Dargah,Ranga Reddy,religious,2025,February,Winter,Maha Shivaratri,17527
Pahadi Shareef Dargah,Ranga Reddy,religious,2025,March,Summer,Holi,11579
Pahadi Shareef Dargah,Ranga Reddy,religious,2025,April,Summer,"Ugadi, Sri Rama Navami",12358
Pahadi Shareef Dargah,Ranga Reddy,religious,2025,May,Summer,Buddha Purnima,8944
Pahadi Shareef Dargah,Ranga Reddy,religious,2025,June,Monsoon,None,7295
Pahadi Shareef Dargah,Ranga Reddy,religious,2025,July,Monsoon,Bonalu,7150
Pahadi Shareef Dargah,Ranga Reddy,religious,2025,August,Monsoon,"Independence Day, Krishna Janmashtami",8758
Pahadi Shareef Dargah,Ranga Reddy,religious,2025,September,Monsoon,Vinayaka Chavithi,8534
Pahadi Shareef Dargah,Ranga Reddy,religious,2025,October,Post-Monsoon,"Bathukamma, Dussehra",15301
Pahadi Shareef Dargah,Ranga Reddy,religious,2025,November,Winter,Diwali,19643
Pahadi Shareef Dargah,Ranga Reddy,religious,2025,December,Winter,Christmas,22580
Wonderla Hyderabad,Ranga Reddy,leisure,2024,January,Winter,"Bhogi, Sankranti",11142
Wonderla Hyderabad,Ranga Reddy,leisure,2024,February,Winter,Maha Shivaratri,10047
Wonderla Hyderabad,Ranga Reddy,leisure,2024,March,Summer,Holi,6063
Wonderla Hyderabad,Ranga Reddy,leisure,2024,April,Summer,"Ugadi, Sri Rama Navami",5433
Wonderla Hyderabad,Ranga Reddy,leisure,2024,May,Summer,Buddha Purnima,5681
Wonderla Hyderabad,Ranga Reddy,leisure,2024,June,Monsoon,None,3570
Wonderla Hyderabad,Ranga Reddy,leisure,2024,July,Monsoon,Bonalu,3952
Wonderla Hyderabad,Ranga Reddy,leisure,2024,August,Monsoon,"Independence Day, Krishna Janmashtami",4466
Wonderla Hyderabad,Ranga Reddy,leisure,2024,September,Monsoon,Vinayaka Chavithi,4917
Wonderla Hyderabad,Ranga Reddy,leisure,2024,October,Post-Monsoon,"Bathukamma, Dussehra",9649
Wonderla Hyderabad,Ranga Reddy,leisure,2024,November,Winter,Diwali,10565
Wonderla Hyderabad,Ranga Reddy,leisure,2024,December,Winter,Christmas,11064
Wonderla Hyderabad,Ranga Reddy,leisure,2025,January,Winter,"Bhogi, Sankranti",13098
Wonderla Hyderabad,Ranga Reddy,leisure,2025,February,Winter,Maha Shivaratri,10029
Wonderla Hyderabad,Ranga Reddy,leisure,2025,March,Summer,Holi,6819
Wonderla Hyderabad,Ranga Reddy,leisure,2025,April,Summer,"Ugadi, Sri Rama Navami",6486
Wonderla Hyderabad,Ranga Reddy,leisure,2025,May,Summer,Buddha Purnima,6017
Wonderla Hyderabad,Ranga Reddy,leisure,2025,June,Monsoon,None,4070
Wonderla Hyderabad,Ranga Reddy,leisure,2025,July,Monsoon,Bonalu,4297
Wonderla Hyderabad,Ranga Reddy,leisure,2025,August,Monsoon,"Independence Day, Krishna Janmashtami",4864
Wonderla Hyderabad,Ranga Reddy,leisure,2025,September,Monsoon,Vinayaka Chavithi,4558
Wonderla Hyderabad,Ranga Reddy,leisure,2025,October,Post-Monsoon,"Bathukamma, Dussehra",9774
Wonderla Hyderabad,Ranga Reddy,leisure,2025,November,Winter,Diwali,11934
Wonderla Hyderabad,Ranga Reddy,leisure,2025,December,Winter,Christmas,12613
Mrugavani National Park,Ranga Reddy,leisure,2024,January,Winter,"Bhogi, Sankranti",12351
Mrugavani National Park,Ranga Reddy,leisure,2024,February,Winter,Maha Shivaratri,10452
Mrugavani National Park,Ranga Reddy,leisure,2024,March,Summer,Holi,5821
Mrugavani National Park,Ranga Reddy,leisure,2024,April,Summer,"Ugadi, Sri Rama Navami",6102
Mrugavani National Park,Ranga Reddy,leisure,2024,May,Summer,Buddha Purnima,5270
Mrugavani National Park,Ranga Reddy,leisure,2024,June,Monsoon,None,3306
Mrugavani National Park,Ranga Reddy,leisure,2024,July,Monsoon,Bonalu,4177
Mrugavani National Park,Ranga Reddy,leisure,2024,August,Monsoon,"Independence Day, Krishna Janmashtami",4585
Mrugavani National Park,Ranga Reddy,leisure,2024,September,Monsoon,Vinayaka Chavithi,4910
Mrugavani National Park,Ranga Reddy,leisure,2024,October,Post-Monsoon,"Bathukamma, Dussehra",8710
Mrugavani National Park,Ranga Reddy,leisure,2024,November,Winter,Diwali,11356
Mrugavani National Park,Ranga Reddy,leisure,2024,December,Winter,Christmas,12874
Mrugavani National Park,Ranga Reddy,leisure,2025,January,Winter,"Bhogi, Sankranti",11764
Mrugavani National Park,Ranga Reddy,leisure,2025,February,Winter,Maha Shivaratri,11492
Mrugavani National Park,Ranga Reddy,leisure,2025,March,Summer,Holi,6606
Mrugavani National Park,Ranga Reddy,leisure,2025,April,Summer,"Ugadi, Sri Rama Navami",6333
Mrugavani National Park,Ranga Reddy,leisure,2025,May,Summer,Buddha Purnima,5802
Mrugavani National Park,Ranga Reddy,leisure,2025,June,Monsoon,None,4205
Mrugavani National Park,Ranga Reddy,leisure,2025,July,Monsoon,Bonalu,4038
Mrugavani National Park,Ranga Reddy,leisure,2025,August,Monsoon,"Independence Day, Krishna Janmashtami",5127
Mrugavani National Park,Ranga Reddy,leisure,2025,September,Monsoon,Vinayaka Chavithi,4580
Mrugavani National Park,Ranga Reddy,leisure,2025,October,Post-Monsoon,"Bathukamma, Dussehra",9451
Mrugavani National Park,Ranga Reddy,leisure,2025,November,Winter,Diwali,11625
Mrugavani National Park,Ranga Reddy,leisure,2025,December,Winter,Christmas,12524
Ameenpur Lake,Sangareddy,nature,2024,January,Winter,"Bhogi, Sankranti",12033
Ameenpur Lake,Sangareddy,nature,2024,February,Winter,Maha Shivaratri,11407
Ameenpur Lake,Sangareddy,nature,2024,March,Summer,Holi,6719
Ameenpur Lake,Sangareddy,nature,2024,April,Summer,"Ugadi, Sri Rama Navami",7092
Ameenpur Lake,Sangareddy,nature,2024,May,Summer,Buddha Purnima,5575
Ameenpur Lake,Sangareddy,nature,2024,June,Monsoon,None,4120
Ameenpur Lake,Sangareddy,nature,2024,July,Monsoon,Bonalu,4033
Ameenpur Lake,Sangareddy,nature,2024,August,Monsoon,"Independence Day, Krishna Janmashtami",5293
Ameenpur Lake,Sangareddy,nature,2024,September,Monsoon,Vinayaka Chavithi,4749
Ameenpur Lake,Sangareddy,nature,2024,October,Post-Monsoon,"Bathukamma, Dussehra",11185
Ameenpur Lake,Sangareddy,nature,2024,November,Winter,Diwali,11460
Ameenpur Lake,Sangareddy,nature,2024,December,Winter,Christmas,11541
Ameenpur Lake,Sangareddy,nature,2025,January,Winter,"Bhogi, Sankranti",14400
Ameenpur Lake,Sangareddy,nature,2025,February,Winter,Maha Shivaratri,11915
Ameenpur Lake,Sangareddy,nature,2025,March,Summer,Holi,7369
Ameenpur Lake,Sangareddy,nature,2025,April,Summer,"Ugadi, Sri Rama Navami",7793
Ameenpur Lake,Sangareddy,nature,2025,May,Summer,Buddha Purnima,6161
Ameenpur Lake,Sangareddy,nature,2025,June,Monsoon,None,4192
Ameenpur Lake,Sangareddy,nature,2025,July,Monsoon,Bonalu,4672
Ameenpur Lake,Sangareddy,nature,2025,August,Monsoon,"Independence Day, Krishna Janmashtami",5184
Ameenpur Lake,Sangareddy,nature,2025,September,Monsoon,Vinayaka Chavithi,5529
Ameenpur Lake,Sangareddy,nature,2025,October,Post-Monsoon,"Bathukamma, Dussehra",9753
Ameenpur Lake,Sangareddy,nature,2025,November,Winter,Diwali,12631
Ameenpur Lake,Sangareddy,nature,2025,December,Winter,Christmas,12957
Heritage Jail Museum,Sangareddy,heritage,2024,January,Winter,"Bhogi, Sankranti",16045
Heritage Jail Museum,Sangareddy,heritage,2024,February,Winter,Maha Shivaratri,13424
Heritage Jail Museum,Sangareddy,heritage,2024,March,Summer,Holi,7865
Heritage Jail Museum,Sangareddy,heritage,2024,April,Summer,"Ugadi, Sri Rama Navami",8271
Heritage Jail Museum,Sangareddy,heritage,2024,May,Summer,Buddha Purnima,6329
Heritage Jail Museum,Sangareddy,heritage,2024,June,Monsoon,None,5135
Heritage Jail Museum,Sangareddy,heritage,2024,July,Monsoon,Bonalu,5386
Heritage Jail Museum,Sangareddy,heritage,2024,August,Monsoon,"Independence Day, Krishna Janmashtami",5812
Heritage Jail Museum,Sangareddy,heritage,2024,September,Monsoon,Vinayaka Chavithi,6346
Heritage Jail Museum,Sangareddy,heritage,2024,October,Post-Monsoon,"Bathukamma, Dussehra",11675
Heritage Jail Museum,Sangareddy,heritage,2024,November,Winter,Diwali,13043
Heritage Jail Museum,Sangareddy,heritage,2024,December,Winter,Christmas,14747
Heritage Jail Museum,Sangareddy,heritage,2025,January,Winter,"Bhogi, Sankranti",16354
Heritage Jail Museum,Sangareddy,heritage,2025,February,Winter,Maha Shivaratri,13783
Heritage Jail Museum,Sangareddy,heritage,2025,March,Summer,Holi,8620
Heritage Jail Museum,Sangareddy,heritage,2025,April,Summer,"Ugadi, Sri Rama Navami",8855
Heritage Jail Museum,Sangareddy,heritage,2025,May,Summer,Buddha Purnima,6836
Heritage Jail Museum,Sangareddy,heritage,2025,June,Monsoon,None,5263
Heritage Jail Museum,Sangareddy,heritage,2025,July,Monsoon,Bonalu,5519
Heritage Jail Museum,Sangareddy,heritage,2025,August,Monsoon,"Independence Day, Krishna Janmashtami",6209
Heritage Jail Museum,Sangareddy,heritage,2025,September,Monsoon,Vinayaka Chavithi,6714
Heritage Jail Museum,Sangareddy,heritage,2025,October,Post-Monsoon,"Bathukamma, Dussehra",12189
Heritage Jail Museum,Sangareddy,heritage,2025,November,Winter,Diwali,15015
Heritage Jail Museum,Sangareddy,heritage,2025,December,Winter,Christmas,14964
Manjeera Crocodile Wildlife Sanctuary,Sangareddy,nature,2024,January,Winter,"Bhogi, Sankranti",11785
Manjeera Crocodile Wildlife Sanctuary,Sangareddy,nature,2024,February,Winter,Maha Shivaratri,10617
Manjeera Crocodile Wildlife Sanctuary,Sangareddy,nature,2024,March,Summer,Holi,6237
Manjeera Crocodile Wildlife Sanctuary,Sangareddy,nature,2024,April,Summer,"Ugadi, Sri Rama Navami",6614
Manjeera Crocodile Wildlife Sanctuary,Sangareddy,nature,2024,May,Summer,Buddha Purnima,5550
Manjeera Crocodile Wildlife Sanctuary,Sangareddy,nature,2024,June,Monsoon,None,4167
Manjeera Crocodile Wildlife Sanctuary,Sangareddy,nature,2024,July,Monsoon,Bonalu,4059
Manjeera Crocodile Wildlife Sanctuary,Sangareddy,nature,2024,August,Monsoon,"Independence Day, Krishna Janmashtami",4419
Manjeera Crocodile Wildlife Sanctuary,Sangareddy,nature,2024,September,Monsoon,Vinayaka Chavithi,5232
Manjeera Crocodile Wildlife Sanctuary,Sangareddy,nature,2024,October,Post-Monsoon,"Bathukamma, Dussehra",9696
Manjeera Crocodile Wildlife Sanctuary,Sangareddy,nature,2024,November,Winter,Diwali,11406
Manjeera Crocodile Wildlife Sanctuary,Sangareddy,nature,2024,December,Winter,Christmas,12670
Manjeera Crocodile Wildlife Sanctuary,Sangareddy,nature,2025,January,Winter,"Bhogi, Sankranti",13613
Manjeera Crocodile Wildlife Sanctuary,Sangareddy,nature,2025,February,Winter,Maha Shivaratri,12488
Manjeera Crocodile Wildlife Sanctuary,Sangareddy,nature,2025,March,Summer,Holi,7238
Manjeera Crocodile Wildlife Sanctuary,Sangareddy,nature,2025,April,Summer,"Ugadi, Sri Rama Navami",7028
Manjeera Crocodile Wildlife Sanctuary,Sangareddy,nature,2025,May,Summer,Buddha Purnima,6719
Manjeera Crocodile Wildlife Sanctuary,Sangareddy,nature,2025,June,Monsoon,None,4362
Manjeera Crocodile Wildlife Sanctuary,Sangareddy,nature,2025,July,Monsoon,Bonalu,4422
Manjeera Crocodile Wildlife Sanctuary,Sangareddy,nature,2025,August,Monsoon,"Independence Day, Krishna Janmashtami",5434
Manjeera Crocodile Wildlife Sanctuary,Sangareddy,nature,2025,September,Monsoon,Vinayaka Chavithi,5413
Manjeera Crocodile Wildlife Sanctuary,Sangareddy,nature,2025,October,Post-Monsoon,"Bathukamma, Dussehra",11148
Manjeera Crocodile Wildlife Sanctuary,Sangareddy,nature,2025,November,Winter,Diwali,13895
Manjeera Crocodile Wildlife Sanctuary,Sangareddy,nature,2025,December,Winter,Christmas,13201
Manjira Dam,Sangareddy,nature,2024,January,Winter,"Bhogi, Sankranti",12282
Manjira Dam,Sangareddy,nature,2024,February,Winter,Maha Shivaratri,11027
Manjira Dam,Sangareddy,nature,2024,March,Summer,Holi,6896
Manjira Dam,Sangareddy,nature,2024,April,Summer,"Ugadi, Sri Rama Navami",6288
Manjira Dam,Sangareddy,nature,2024,May,Summer,Buddha Purnima,5059
Manjira Dam,Sangareddy,nature,2024,June,Monsoon,None,3883
Manjira Dam,Sangareddy,nature,2024,July,Monsoon,Bonalu,3788
Manjira Dam,Sangareddy,nature,2024,August,Monsoon,"Independence Day, Krishna Janmashtami",4698
Manjira Dam,Sangareddy,nature,2024,September,Monsoon,Vinayaka Chavithi,5074
Manjira Dam,Sangareddy,nature,2024,October,Post-Monsoon,"Bathukamma, Dussehra",9669
Manjira Dam,Sangareddy,nature,2024,November,Winter,Diwali,10624
Manjira Dam,Sangareddy,nature,2024,December,Winter,Christmas,12436
Manjira Dam,Sangareddy,nature,2025,January,Winter,"Bhogi, Sankranti",14060
Manjira Dam,Sangareddy,nature,2025,February,Winter,Maha Shivaratri,10837
Manjira Dam,Sangareddy,nature,2025,March,Summer,Holi,7358
Manjira Dam,Sangareddy,nature,2025,April,Summer,"Ugadi, Sri Rama Navami",7644
Manjira Dam,Sangareddy,nature,2025,May,Summer,Buddha Purnima,6348
Manjira Dam,Sangareddy,nature,2025,June,Monsoon,None,4583
Manjira Dam,Sangareddy,nature,2025,July,Monsoon,Bonalu,4945
Manjira Dam,Sangareddy,nature,2025,August,Monsoon,"Independence Day, Krishna Janmashtami",5092
Manjira Dam,Sangareddy,nature,2025,September,Monsoon,Vinayaka Chavithi,5375
Manjira Dam,Sangareddy,nature,2025,October,Post-Monsoon,"Bathukamma, Dussehra",10702
Manjira Dam,Sangareddy,nature,2025,November,Winter,Diwali,12356
Manjira Dam,Sangareddy,nature,2025,December,Winter,Christmas,14411
Penthouse Cave,Sangareddy,nature,2024,January,Winter,"Bhogi, Sankranti",11641
Penthouse Cave,Sangareddy,nature,2024,February,Winter,Maha Shivaratri,10491
Penthouse Cave,Sangareddy,nature,2024,March,Summer,Holi,6996
Penthouse Cave,Sangareddy,nature,2024,April,Summer,"Ugadi, Sri Rama Navami",7147
Penthouse Cave,Sangareddy,nature,2024,May,Summer,Buddha Purnima,5508
Penthouse Cave,Sangareddy,nature,2024,June,Monsoon,None,4171
Penthouse Cave,Sangareddy,nature,2024,July,Monsoon,Bonalu,4195
Penthouse Cave,Sangareddy,nature,2024,August,Monsoon,"Independence Day, Krishna Janmashtami",5160
Penthouse Cave,Sangareddy,nature,2024,September,Monsoon,Vinayaka Chavithi,4968
Penthouse Cave,Sangareddy,nature,2024,October,Post-Monsoon,"Bathukamma, Dussehra",10639
Penthouse Cave,Sangareddy,nature,2024,November,Winter,Diwali,12951
Penthouse Cave,Sangareddy,nature,2024,December,Winter,Christmas,12764
Penthouse Cave,Sangareddy,nature,2025,January,Winter,"Bhogi, Sankranti",13512
Penthouse Cave,Sangareddy,nature,2025,February,Winter,Maha Shivaratri,12268
Penthouse Cave,Sangareddy,nature,2025,March,Summer,Holi,6939
Penthouse Cave,Sangareddy,nature,2025,April,Summer,"Ugadi, Sri Rama Navami",8221
Penthouse Cave,Sangareddy,nature,2025,May,Summer,Buddha Purnima,6113
Penthouse Cave,Sangareddy,nature,2025,June,Monsoon,None,4261
Penthouse Cave,Sangareddy,nature,2025,July,Monsoon,Bonalu,4269
Penthouse Cave,Sangareddy,nature,2025,August,Monsoon,"Independence Day, Krishna Janmashtami",5468
Penthouse Cave,Sangareddy,nature,2025,September,Monsoon,Vinayaka Chavithi,5578
Penthouse Cave,Sangareddy,nature,2025,October,Post-Monsoon,"Bathukamma, Dussehra",10658
Penthouse Cave,Sangareddy,nature,2025,November,Winter,Diwali,12711
Penthouse Cave,Sangareddy,nature,2025,December,Winter,Christmas,12375
Komuravelli Mallikarjuna Swamy Temple,Siddipet,religious,2024,January,Winter,"Bhogi, Sankranti",18742
Komuravelli Mallikarjuna Swamy Temple,Siddipet,religious,2024,February,Winter,Maha Shivaratri,16683
Komuravelli Mallikarjuna Swamy Temple,Siddipet,religious,2024,March,Summer,Holi,10570
Komuravelli Mallikarjuna Swamy Temple,Siddipet,religious,2024,April,Summer,"Ugadi, Sri Rama Navami",9728
Komuravelli Mallikarjuna Swamy Temple,Siddipet,religious,2024,May,Summer,Buddha Purnima,7814
Komuravelli Mallikarjuna Swamy Temple,Siddipet,religious,2024,June,Monsoon,None,5685
Komuravelli Mallikarjuna Swamy Temple,Siddipet,religious,2024,July,Monsoon,Bonalu,5728
Komuravelli Mallikarjuna Swamy Temple,Siddipet,religious,2024,August,Monsoon,"Independence Day, Krishna Janmashtami",7620
Komuravelli Mallikarjuna Swamy Temple,Siddipet,religious,2024,September,Monsoon,Vinayaka Chavithi,7936
Komuravelli Mallikarjuna Swamy Temple,Siddipet,religious,2024,October,Post-Monsoon,"Bathukamma, Dussehra",15300
Komuravelli Mallikarjuna Swamy Temple,Siddipet,religious,2024,November,Winter,Diwali,18062
Komuravelli Mallikarjuna Swamy Temple,Siddipet,religious,2024,December,Winter,Christmas,18565
Komuravelli Mallikarjuna Swamy Temple,Siddipet,religious,2025,January,Winter,"Bhogi, Sankranti",19960
Komuravelli Mallikarjuna Swamy Temple,Siddipet,religious,2025,February,Winter,Maha Shivaratri,17325
Komuravelli Mallikarjuna Swamy Temple,Siddipet,religious,2025,March,Summer,Holi,10355
Komuravelli Mallikarjuna Swamy Temple,Siddipet,religious,2025,April,Summer,"Ugadi, Sri Rama Navami",10082
Komuravelli Mallikarjuna Swamy Temple,Siddipet,religious,2025,May,Summer,Buddha Purnima,9135
Komuravelli Mallikarjuna Swamy Temple,Siddipet,religious,2025,June,Monsoon,None,6415
Komuravelli Mallikarjuna Swamy Temple,Siddipet,religious,2025,July,Monsoon,Bonalu,6876
Komuravelli Mallikarjuna Swamy Temple,Siddipet,religious,2025,August,Monsoon,"Independence Day, Krishna Janmashtami",7750
Komuravelli Mallikarjuna Swamy Temple,Siddipet,religious,2025,September,Monsoon,Vinayaka Chavithi,7890
Komuravelli Mallikarjuna Swamy Temple,Siddipet,religious,2025,October,Post-Monsoon,"Bathukamma, Dussehra",15555
Komuravelli Mallikarjuna Swamy Temple,Siddipet,religious,2025,November,Winter,Diwali,18451
Komuravelli Mallikarjuna Swamy Temple,Siddipet,religious,2025,December,Winter,Christmas,20652
Konda Pochamma Sagar Reservoir,Siddipet,nature,2024,January,Winter,"Bhogi, Sankranti",11672
Konda Pochamma Sagar Reservoir,Siddipet,nature,2024,February,Winter,Maha Shivaratri,10923
Konda Pochamma Sagar Reservoir,Siddipet,nature,2024,March,Summer,Holi,6568
Konda Pochamma Sagar Reservoir,Siddipet,nature,2024,April,Summer,"Ugadi, Sri Rama Navami",6503
Konda Pochamma Sagar Reservoir,Siddipet,nature,2024,May,Summer,Buddha Purnima,5401
Konda Pochamma Sagar Reservoir,Siddipet,nature,2024,June,Monsoon,None,4014
Konda Pochamma Sagar Reservoir,Siddipet,nature,2024,July,Monsoon,Bonalu,3860
Konda Pochamma Sagar Reservoir,Siddipet,nature,2024,August,Monsoon,"Independence Day, Krishna Janmashtami",4845
Konda Pochamma Sagar Reservoir,Siddipet,nature,2024,September,Monsoon,Vinayaka Chavithi,4691
Konda Pochamma Sagar Reservoir,Siddipet,nature,2024,October,Post-Monsoon,"Bathukamma, Dussehra",10572
Konda Pochamma Sagar Reservoir,Siddipet,nature,2024,November,Winter,Diwali,12675
Konda Pochamma Sagar Reservoir,Siddipet,nature,2024,December,Winter,Christmas,11765
Konda Pochamma Sagar Reservoir,Siddipet,nature,2025,January,Winter,"Bhogi, Sankranti",13728
Konda Pochamma Sagar Reservoir,Siddipet,nature,2025,February,Winter,Maha Shivaratri,11319
Konda Pochamma Sagar Reservoir,Siddipet,nature,2025,March,Summer,Holi,7377
Konda Pochamma Sagar Reservoir,Siddipet,nature,2025,April,Summer,"Ugadi, Sri Rama Navami",6824
Konda Pochamma Sagar Reservoir,Siddipet,nature,2025,May,Summer,Buddha Purnima,6155
Konda Pochamma Sagar Reservoir,Siddipet,nature,2025,June,Monsoon,None,4098
Konda Pochamma Sagar Reservoir,Siddipet,nature,2025,July,Monsoon,Bonalu,4374
Konda Pochamma Sagar Reservoir,Siddipet,nature,2025,August,Monsoon,"Independence Day, Krishna Janmashtami",4877
Konda Pochamma Sagar Reservoir,Siddipet,nature,2025,September,Monsoon,Vinayaka Chavithi,5521
Konda Pochamma Sagar Reservoir,Siddipet,nature,2025,October,Post-Monsoon,"Bathukamma, Dussehra",10388
Konda Pochamma Sagar Reservoir,Siddipet,nature,2025,November,Winter,Diwali,12595
Konda Pochamma Sagar Reservoir,Siddipet,nature,2025,December,Winter,Christmas,13049
Ranganayaka Sagar Reservoir,Siddipet,nature,2024,January,Winter,"Bhogi, Sankranti",12309
Ranganayaka Sagar Reservoir,Siddipet,nature,2024,February,Winter,Maha Shivaratri,10956
Ranganayaka Sagar Reservoir,Siddipet,nature,2024,March,Summer,Holi,6245
Ranganayaka Sagar Reservoir,Siddipet,nature,2024,April,Summer,"Ugadi, Sri Rama Navami",6816
Ranganayaka Sagar Reservoir,Siddipet,nature,2024,May,Summer,Buddha Purnima,5991
Ranganayaka Sagar Reservoir,Siddipet,nature,2024,June,Monsoon,None,3814
Ranganayaka Sagar Reservoir,Siddipet,nature,2024,July,Monsoon,Bonalu,4332
Ranganayaka Sagar Reservoir,Siddipet,nature,2024,August,Monsoon,"Independence Day, Krishna Janmashtami",5118
Ranganayaka Sagar Reservoir,Siddipet,nature,2024,September,Monsoon,Vinayaka Chavithi,4710
Ranganayaka Sagar Reservoir,Siddipet,nature,2024,October,Post-Monsoon,"Bathukamma, Dussehra",9309
Ranganayaka Sagar Reservoir,Siddipet,nature,2024,November,Winter,Diwali,11520
Ranganayaka Sagar Reservoir,Siddipet,nature,2024,December,Winter,Christmas,11958
Ranganayaka Sagar Reservoir,Siddipet,nature,2025,January,Winter,"Bhogi, Sankranti",14620
Ranganayaka Sagar Reservoir,Siddipet,nature,2025,February,Winter,Maha Shivaratri,11766
Ranganayaka Sagar Reservoir,Siddipet,nature,2025,March,Summer,Holi,6731
Ranganayaka Sagar Reservoir,Siddipet,nature,2025,April,Summer,"Ugadi, Sri Rama Navami",6867
Ranganayaka Sagar Reservoir,Siddipet,nature,2025,May,Summer,Buddha Purnima,6338
Ranganayaka Sagar Reservoir,Siddipet,nature,2025,June,Monsoon,None,4163
Ranganayaka Sagar Reservoir,Siddipet,nature,2025,July,Monsoon,Bonalu,4429
Ranganayaka Sagar Reservoir,Siddipet,nature,2025,August,Monsoon,"Independence Day, Krishna Janmashtami",5388
Ranganayaka Sagar Reservoir,Siddipet,nature,2025,September,Monsoon,Vinayaka Chavithi,5175
Ranganayaka Sagar Reservoir,Siddipet,nature,2025,October,Post-Monsoon,"Bathukamma, Dussehra",10817
Ranganayaka Sagar Reservoir,Siddipet,nature,2025,November,Winter,Diwali,12246
Ranganayaka Sagar Reservoir,Siddipet,nature,2025,December,Winter,Christmas,13731
Phanigiri Buddhist Site,Suryapet,heritage,2024,January,Winter,"Bhogi, Sankranti",15136
Phanigiri Buddhist Site,Suryapet,heritage,2024,February,Winter,Maha Shivaratri,12773
Phanigiri Buddhist Site,Suryapet,heritage,2024,March,Summer,Holi,7734
Phanigiri Buddhist Site,Suryapet,heritage,2024,April,Summer,"Ugadi, Sri Rama Navami",7861
Phanigiri Buddhist Site,Suryapet,heritage,2024,May,Summer,Buddha Purnima,6120
Phanigiri Buddhist Site,Suryapet,heritage,2024,June,Monsoon,None,4773
Phanigiri Buddhist Site,Suryapet,heritage,2024,July,Monsoon,Bonalu,5319
Phanigiri Buddhist Site,Suryapet,heritage,2024,August,Monsoon,"Independence Day, Krishna Janmashtami",5405
Phanigiri Buddhist Site,Suryapet,heritage,2024,September,Monsoon,Vinayaka Chavithi,5606
Phanigiri Buddhist Site,Suryapet,heritage,2024,October,Post-Monsoon,"Bathukamma, Dussehra",11402
Phanigiri Buddhist Site,Suryapet,heritage,2024,November,Winter,Diwali,13964
Phanigiri Buddhist Site,Suryapet,heritage,2024,December,Winter,Christmas,14927
Phanigiri Buddhist Site,Suryapet,heritage,2025,January,Winter,"Bhogi, Sankranti",15752
Phanigiri Buddhist Site,Suryapet,heritage,2025,February,Winter,Maha Shivaratri,13308
Phanigiri Buddhist Site,Suryapet,heritage,2025,March,Summer,Holi,8365
Phanigiri Buddhist Site,Suryapet,heritage,2025,April,Summer,"Ugadi, Sri Rama Navami",7974
Phanigiri Buddhist Site,Suryapet,heritage,2025,May,Summer,Buddha Purnima,7188
Phanigiri Buddhist Site,Suryapet,heritage,2025,June,Monsoon,None,5311
Phanigiri Buddhist Site,Suryapet,heritage,2025,July,Monsoon,Bonalu,4920
Phanigiri Buddhist Site,Suryapet,heritage,2025,August,Monsoon,"Independence Day, Krishna Janmashtami",5639
Phanigiri Buddhist Site,Suryapet,heritage,2025,September,Monsoon,Vinayaka Chavithi,6795
Phanigiri Buddhist Site,Suryapet,heritage,2025,October,Post-Monsoon,"Bathukamma, Dussehra",12481
Phanigiri Buddhist Site,Suryapet,heritage,2025,November,Winter,Diwali,15381
Phanigiri Buddhist Site,Suryapet,heritage,2025,December,Winter,Christmas,15646
Pillalamarri Temple,Suryapet,religious,2024,January,Winter,"Bhogi, Sankranti",18420
Pillalamarri Temple,Suryapet,religious,2024,February,Winter,Maha Shivaratri,16671
Pillalamarri Temple,Suryapet,religious,2024,March,Summer,Holi,9308
Pillalamarri Temple,Suryapet,religious,2024,April,Summer,"Ugadi, Sri Rama Navami",10185
Pillalamarri Temple,Suryapet,religious,2024,May,Summer,Buddha Purnima,8188
Pillalamarri Temple,Suryapet,religious,2024,June,Monsoon,None,5559
Pillalamarri Temple,Suryapet,religious,2024,July,Monsoon,Bonalu,6242
Pillalamarri Temple,Suryapet,religious,2024,August,Monsoon,"Independence Day, Krishna Janmashtami",7048
Pillalamarri Temple,Suryapet,religious,2024,September,Monsoon,Vinayaka Chavithi,7308
Pillalamarri Temple,Suryapet,religious,2024,October,Post-Monsoon,"Bathukamma, Dussehra",14147
Pillalamarri Temple,Suryapet,religious,2024,November,Winter,Diwali,18377
Pillalamarri Temple,Suryapet,religious,2024,December,Winter,Christmas,19250
Pillalamarri Temple,Suryapet,religious,2025,January,Winter,"Bhogi, Sankranti",21023
Pillalamarri Temple,Suryapet,religious,2025,February,Winter,Maha Shivaratri,17349
Pillalamarri Temple,Suryapet,religious,2025,March,Summer,Holi,9609
Pillalamarri Temple,Suryapet,religious,2025,April,Summer,"Ugadi, Sri Rama Navami",11995
Pillalamarri Temple,Suryapet,religious,2025,May,Summer,Buddha Purnima,8988
Pillalamarri Temple,Suryapet,religious,2025,June,Monsoon,None,6187
Pillalamarri Temple,Suryapet,religious,2025,July,Monsoon,Bonalu,6767
Pillalamarri Temple,Suryapet,religious,2025,August,Monsoon,"Independence Day, Krishna Janmashtami",8164
Pillalamarri Temple,Suryapet,religious,2025,September,Monsoon,Vinayaka Chavithi,7946
Pillalamarri Temple,Suryapet,religious,2025,October,Post-Monsoon,"Bathukamma, Dussehra",17303
Pillalamarri Temple,Suryapet,religious,2025,November,Winter,Diwali,19380
Pillalamarri Temple,Suryapet,religious,2025,December,Winter,Christmas,18845
Undrugonda Fort,Suryapet,heritage,2024,January,Winter,"Bhogi, Sankranti",14206
Undrugonda Fort,Suryapet,heritage,2024,February,Winter,Maha Shivaratri,13533
Undrugonda Fort,Suryapet,heritage,2024,March,Summer,Holi,6664
Undrugonda Fort,Suryapet,heritage,2024,April,Summer,"Ugadi, Sri Rama Navami",7950
Undrugonda Fort,Suryapet,heritage,2024,May,Summer,Buddha Purnima,6136
Undrugonda Fort,Suryapet,heritage,2024,June,Monsoon,None,4600
Undrugonda Fort,Suryapet,heritage,2024,July,Monsoon,Bonalu,4787
Undrugonda Fort,Suryapet,heritage,2024,August,Monsoon,"Independence Day, Krishna Janmashtami",5553
Undrugonda Fort,Suryapet,heritage,2024,September,Monsoon,Vinayaka Chavithi,5670
Undrugonda Fort,Suryapet,heritage,2024,October,Post-Monsoon,"Bathukamma, Dussehra",11267
Undrugonda Fort,Suryapet,heritage,2024,November,Winter,Diwali,15021
Undrugonda Fort,Suryapet,heritage,2024,December,Winter,Christmas,15962
Undrugonda Fort,Suryapet,heritage,2025,January,Winter,"Bhogi, Sankranti",14955
Undrugonda Fort,Suryapet,heritage,2025,February,Winter,Maha Shivaratri,15051
Undrugonda Fort,Suryapet,heritage,2025,March,Summer,Holi,8160
Undrugonda Fort,Suryapet,heritage,2025,April,Summer,"Ugadi, Sri Rama Navami",8707
Undrugonda Fort,Suryapet,heritage,2025,May,Summer,Buddha Purnima,7115
Undrugonda Fort,Suryapet,heritage,2025,June,Monsoon,None,4921
Undrugonda Fort,Suryapet,heritage,2025,July,Monsoon,Bonalu,5506
Undrugonda Fort,Suryapet,heritage,2025,August,Monsoon,"Independence Day, Krishna Janmashtami",6145
Undrugonda Fort,Suryapet,heritage,2025,September,Monsoon,Vinayaka Chavithi,6147
Undrugonda Fort,Suryapet,heritage,2025,October,Post-Monsoon,"Bathukamma, Dussehra",12035
Undrugonda Fort,Suryapet,heritage,2025,November,Winter,Diwali,13904
Undrugonda Fort,Suryapet,heritage,2025,December,Winter,Christmas,14473
Mellacheruvu Shambhu Lingeswara Temple,Suryapet,religious,2024,January,Winter,"Bhogi, Sankranti",18581
Mellacheruvu Shambhu Lingeswara Temple,Suryapet,religious,2024,February,Winter,Maha Shivaratri,15337
Mellacheruvu Shambhu Lingeswara Temple,Suryapet,religious,2024,March,Summer,Holi,9610
Mellacheruvu Shambhu Lingeswara Temple,Suryapet,religious,2024,April,Summer,"Ugadi, Sri Rama Navami",10811
Mellacheruvu Shambhu Lingeswara Temple,Suryapet,religious,2024,May,Summer,Buddha Purnima,8848
Mellacheruvu Shambhu Lingeswara Temple,Suryapet,religious,2024,June,Monsoon,None,5942
Mellacheruvu Shambhu Lingeswara Temple,Suryapet,religious,2024,July,Monsoon,Bonalu,6111
Mellacheruvu Shambhu Lingeswara Temple,Suryapet,religious,2024,August,Monsoon,"Independence Day, Krishna Janmashtami",7814
Mellacheruvu Shambhu Lingeswara Temple,Suryapet,religious,2024,September,Monsoon,Vinayaka Chavithi,7557
Mellacheruvu Shambhu Lingeswara Temple,Suryapet,religious,2024,October,Post-Monsoon,"Bathukamma, Dussehra",14812
Mellacheruvu Shambhu Lingeswara Temple,Suryapet,religious,2024,November,Winter,Diwali,15809
Mellacheruvu Shambhu Lingeswara Temple,Suryapet,religious,2024,December,Winter,Christmas,18804
Mellacheruvu Shambhu Lingeswara Temple,Suryapet,religious,2025,January,Winter,"Bhogi, Sankranti",20887
Mellacheruvu Shambhu Lingeswara Temple,Suryapet,religious,2025,February,Winter,Maha Shivaratri,17062
Mellacheruvu Shambhu Lingeswara Temple,Suryapet,religious,2025,March,Summer,Holi,10671
Mellacheruvu Shambhu Lingeswara Temple,Suryapet,religious,2025,April,Summer,"Ugadi, Sri Rama Navami",10729
Mellacheruvu Shambhu Lingeswara Temple,Suryapet,religious,2025,May,Summer,Buddha Purnima,8932
Mellacheruvu Shambhu Lingeswara Temple,Suryapet,religious,2025,June,Monsoon,None,5629
Mellacheruvu Shambhu Lingeswara Temple,Suryapet,religious,2025,July,Monsoon,Bonalu,6555
Mellacheruvu Shambhu Lingeswara Temple,Suryapet,religious,2025,August,Monsoon,"Independence Day, Krishna Janmashtami",8088
Mellacheruvu Shambhu Lingeswara Temple,Suryapet,religious,2025,September,Monsoon,Vinayaka Chavithi,7704
Mellacheruvu Shambhu Lingeswara Temple,Suryapet,religious,2025,October,Post-Monsoon,"Bathukamma, Dussehra",16306
Mellacheruvu Shambhu Lingeswara Temple,Suryapet,religious,2025,November,Winter,Diwali,17689
Mellacheruvu Shambhu Lingeswara Temple,Suryapet,religious,2025,December,Winter,Christmas,20275
Anantha Padmanabha Swamy Temple,Vikarabad,religious,2024,January,Winter,"Bhogi, Sankranti",18443
Anantha Padmanabha Swamy Temple,Vikarabad,religious,2024,February,Winter,Maha Shivaratri,15610
Anantha Padmanabha Swamy Temple,Vikarabad,religious,2024,March,Summer,Holi,10430
Anantha Padmanabha Swamy Temple,Vikarabad,religious,2024,April,Summer,"Ugadi, Sri Rama Navami",10631
Anantha Padmanabha Swamy Temple,Vikarabad,religious,2024,May,Summer,Buddha Purnima,8128
Anantha Padmanabha Swamy Temple,Vikarabad,religious,2024,June,Monsoon,None,6125
Anantha Padmanabha Swamy Temple,Vikarabad,religious,2024,July,Monsoon,Bonalu,6328
Anantha Padmanabha Swamy Temple,Vikarabad,religious,2024,August,Monsoon,"Independence Day, Krishna Janmashtami",7401
Anantha Padmanabha Swamy Temple,Vikarabad,religious,2024,September,Monsoon,Vinayaka Chavithi,6769
Anantha Padmanabha Swamy Temple,Vikarabad,religious,2024,October,Post-Monsoon,"Bathukamma, Dussehra",15880
Anantha Padmanabha Swamy Temple,Vikarabad,religious,2024,November,Winter,Diwali,16604
Anantha Padmanabha Swamy Temple,Vikarabad,religious,2024,December,Winter,Christmas,18184
Anantha Padmanabha Swamy Temple,Vikarabad,religious,2025,January,Winter,"Bhogi, Sankranti",22792
Anantha Padmanabha Swamy Temple,Vikarabad,religious,2025,February,Winter,Maha Shivaratri,17956
Anantha Padmanabha Swamy Temple,Vikarabad,religious,2025,March,Summer,Holi,10356
Anantha Padmanabha Swamy Temple,Vikarabad,religious,2025,April,Summer,"Ugadi, Sri Rama Navami",9762
Anantha Padmanabha Swamy Temple,Vikarabad,religious,2025,May,Summer,Buddha Purnima,9681
Anantha Padmanabha Swamy Temple,Vikarabad,religious,2025,June,Monsoon,None,6020
Anantha Padmanabha Swamy Temple,Vikarabad,religious,2025,July,Monsoon,Bonalu,6322
Anantha Padmanabha Swamy Temple,Vikarabad,religious,2025,August,Monsoon,"Independence Day, Krishna Janmashtami",7617
Anantha Padmanabha Swamy Temple,Vikarabad,religious,2025,September,Monsoon,Vinayaka Chavithi,8553
Anantha Padmanabha Swamy Temple,Vikarabad,religious,2025,October,Post-Monsoon,"Bathukamma, Dussehra",16960
Anantha Padmanabha Swamy Temple,Vikarabad,religious,2025,November,Winter,Diwali,18313
Anantha Padmanabha Swamy Temple,Vikarabad,religious,2025,December,Winter,Christmas,20305
Chincholi Wildlife Sanctuary,Vikarabad,nature,2024,January,Winter,"Bhogi, Sankranti",12057
Chincholi Wildlife Sanctuary,Vikarabad,nature,2024,February,Winter,Maha Shivaratri,10996
Chincholi Wildlife Sanctuary,Vikarabad,nature,2024,March,Summer,Holi,6543
Chincholi Wildlife Sanctuary,Vikarabad,nature,2024,April,Summer,"Ugadi, Sri Rama Navami",7101
Chincholi Wildlife Sanctuary,Vikarabad,nature,2024,May,Summer,Buddha Purnima,5858
Chincholi Wildlife Sanctuary,Vikarabad,nature,2024,June,Monsoon,None,4082
Chincholi Wildlife Sanctuary,Vikarabad,nature,2024,July,Monsoon,Bonalu,4034
Chincholi Wildlife Sanctuary,Vikarabad,nature,2024,August,Monsoon,"Independence Day, Krishna Janmashtami",4958
Chincholi Wildlife Sanctuary,Vikarabad,nature,2024,September,Monsoon,Vinayaka Chavithi,4907
Chincholi Wildlife Sanctuary,Vikarabad,nature,2024,October,Post-Monsoon,"Bathukamma, Dussehra",9534
Chincholi Wildlife Sanctuary,Vikarabad,nature,2024,November,Winter,Diwali,11164
Chincholi Wildlife Sanctuary,Vikarabad,nature,2024,December,Winter,Christmas,12396
Chincholi Wildlife Sanctuary,Vikarabad,nature,2025,January,Winter,"Bhogi, Sankranti",14035
Chincholi Wildlife Sanctuary,Vikarabad,nature,2025,February,Winter,Maha Shivaratri,11685
Chincholi Wildlife Sanctuary,Vikarabad,nature,2025,March,Summer,Holi,6615
Chincholi Wildlife Sanctuary,Vikarabad,nature,2025,April,Summer,"Ugadi, Sri Rama Navami",7335
Chincholi Wildlife Sanctuary,Vikarabad,nature,2025,May,Summer,Buddha Purnima,6069
Chincholi Wildlife Sanctuary,Vikarabad,nature,2025,June,Monsoon,None,4343
Chincholi Wildlife Sanctuary,Vikarabad,nature,2025,July,Monsoon,Bonalu,4641
Chincholi Wildlife Sanctuary,Vikarabad,nature,2025,August,Monsoon,"Independence Day, Krishna Janmashtami",5426
Chincholi Wildlife Sanctuary,Vikarabad,nature,2025,September,Monsoon,Vinayaka Chavithi,5166
Chincholi Wildlife Sanctuary,Vikarabad,nature,2025,October,Post-Monsoon,"Bathukamma, Dussehra",10550
Chincholi Wildlife Sanctuary,Vikarabad,nature,2025,November,Winter,Diwali,11666
Chincholi Wildlife Sanctuary,Vikarabad,nature,2025,December,Winter,Christmas,13797
Kotepally Reservoir,Vikarabad,nature,2024,January,Winter,"Bhogi, Sankranti",13330
Kotepally Reservoir,Vikarabad,nature,2024,February,Winter,Maha Shivaratri,10747
Kotepally Reservoir,Vikarabad,nature,2024,March,Summer,Holi,6440
Kotepally Reservoir,Vikarabad,nature,2024,April,Summer,"Ugadi, Sri Rama Navami",7269
Kotepally Reservoir,Vikarabad,nature,2024,May,Summer,Buddha Purnima,5729
Kotepally Reservoir,Vikarabad,nature,2024,June,Monsoon,None,4071
Kotepally Reservoir,Vikarabad,nature,2024,July,Monsoon,Bonalu,3864
Kotepally Reservoir,Vikarabad,nature,2024,August,Monsoon,"Independence Day, Krishna Janmashtami",4943
Kotepally Reservoir,Vikarabad,nature,2024,September,Monsoon,Vinayaka Chavithi,4701
Kotepally Reservoir,Vikarabad,nature,2024,October,Post-Monsoon,"Bathukamma, Dussehra",9508
Kotepally Reservoir,Vikarabad,nature,2024,November,Winter,Diwali,11197
Kotepally Reservoir,Vikarabad,nature,2024,December,Winter,Christmas,11982
Kotepally Reservoir,Vikarabad,nature,2025,January,Winter,"Bhogi, Sankranti",13276
Kotepally Reservoir,Vikarabad,nature,2025,February,Winter,Maha Shivaratri,10943
Kotepally Reservoir,Vikarabad,nature,2025,March,Summer,Holi,7378
Kotepally Reservoir,Vikarabad,nature,2025,April,Summer,"Ugadi, Sri Rama Navami",7727
Kotepally Reservoir,Vikarabad,nature,2025,May,Summer,Buddha Purnima,5447
Kotepally Reservoir,Vikarabad,nature,2025,June,Monsoon,None,4513
Kotepally Reservoir,Vikarabad,nature,2025,July,Monsoon,Bonalu,4257
Kotepally Reservoir,Vikarabad,nature,2025,August,Monsoon,"Independence Day, Krishna Janmashtami",5384
Kotepally Reservoir,Vikarabad,nature,2025,September,Monsoon,Vinayaka Chavithi,5306
Kotepally Reservoir,Vikarabad,nature,2025,October,Post-Monsoon,"Bathukamma, Dussehra",10901
Kotepally Reservoir,Vikarabad,nature,2025,November,Winter,Diwali,12192
Kotepally Reservoir,Vikarabad,nature,2025,December,Winter,Christmas,14139
Sarala Sagar Project,Wanaparthy,nature,2024,January,Winter,"Bhogi, Sankranti",11519
Sarala Sagar Project,Wanaparthy,nature,2024,February,Winter,Maha Shivaratri,11116
Sarala Sagar Project,Wanaparthy,nature,2024,March,Summer,Holi,6795
Sarala Sagar Project,Wanaparthy,nature,2024,April,Summer,"Ugadi, Sri Rama Navami",6931
Sarala Sagar Project,Wanaparthy,nature,2024,May,Summer,Buddha Purnima,6162
Sarala Sagar Project,Wanaparthy,nature,2024,June,Monsoon,None,3832
Sarala Sagar Project,Wanaparthy,nature,2024,July,Monsoon,Bonalu,4253
Sarala Sagar Project,Wanaparthy,nature,2024,August,Monsoon,"Independence Day, Krishna Janmashtami",4698
Sarala Sagar Project,Wanaparthy,nature,2024,September,Monsoon,Vinayaka Chavithi,5171
Sarala Sagar Project,Wanaparthy,nature,2024,October,Post-Monsoon,"Bathukamma, Dussehra",9954
Sarala Sagar Project,Wanaparthy,nature,2024,November,Winter,Diwali,11039
Sarala Sagar Project,Wanaparthy,nature,2024,December,Winter,Christmas,12991
Sarala Sagar Project,Wanaparthy,nature,2025,January,Winter,"Bhogi, Sankranti",12937
Sarala Sagar Project,Wanaparthy,nature,2025,February,Winter,Maha Shivaratri,10828
Sarala Sagar Project,Wanaparthy,nature,2025,March,Summer,Holi,6776
Sarala Sagar Project,Wanaparthy,nature,2025,April,Summer,"Ugadi, Sri Rama Navami",7450
Sarala Sagar Project,Wanaparthy,nature,2025,May,Summer,Buddha Purnima,6377
Sarala Sagar Project,Wanaparthy,nature,2025,June,Monsoon,None,4274
Sarala Sagar Project,Wanaparthy,nature,2025,July,Monsoon,Bonalu,4673
Sarala Sagar Project,Wanaparthy,nature,2025,August,Monsoon,"Independence Day, Krishna Janmashtami",4755
Sarala Sagar Project,Wanaparthy,nature,2025,September,Monsoon,Vinayaka Chavithi,5144
Sarala Sagar Project,Wanaparthy,nature,2025,October,Post-Monsoon,"Bathukamma, Dussehra",10599
Sarala Sagar Project,Wanaparthy,nature,2025,November,Winter,Diwali,12088
Sarala Sagar Project,Wanaparthy,nature,2025,December,Winter,Christmas,13226
Wanaparthy Palace,Wanaparthy,heritage,2024,January,Winter,"Bhogi, Sankranti",15086
Wanaparthy Palace,Wanaparthy,heritage,2024,February,Winter,Maha Shivaratri,12526
Wanaparthy Palace,Wanaparthy,heritage,2024,March,Summer,Holi,7701
Wanaparthy Palace,Wanaparthy,heritage,2024,April,Summer,"Ugadi, Sri Rama Navami",7928
Wanaparthy Palace,Wanaparthy,heritage,2024,May,Summer,Buddha Purnima,6252
Wanaparthy Palace,Wanaparthy,heritage,2024,June,Monsoon,None,4647
Wanaparthy Palace,Wanaparthy,heritage,2024,July,Monsoon,Bonalu,4785
Wanaparthy Palace,Wanaparthy,heritage,2024,August,Monsoon,"Independence Day, Krishna Janmashtami",5562
Wanaparthy Palace,Wanaparthy,heritage,2024,September,Monsoon,Vinayaka Chavithi,5793
Wanaparthy Palace,Wanaparthy,heritage,2024,October,Post-Monsoon,"Bathukamma, Dussehra",11870
Wanaparthy Palace,Wanaparthy,heritage,2024,November,Winter,Diwali,13079
Wanaparthy Palace,Wanaparthy,heritage,2024,December,Winter,Christmas,15403
Wanaparthy Palace,Wanaparthy,heritage,2025,January,Winter,"Bhogi, Sankranti",14828
Wanaparthy Palace,Wanaparthy,heritage,2025,February,Winter,Maha Shivaratri,13337
Wanaparthy Palace,Wanaparthy,heritage,2025,March,Summer,Holi,9408
Wanaparthy Palace,Wanaparthy,heritage,2025,April,Summer,"Ugadi, Sri Rama Navami",8136
Wanaparthy Palace,Wanaparthy,heritage,2025,May,Summer,Buddha Purnima,6600
Wanaparthy Palace,Wanaparthy,heritage,2025,June,Monsoon,None,5233
Wanaparthy Palace,Wanaparthy,heritage,2025,July,Monsoon,Bonalu,4665
Wanaparthy Palace,Wanaparthy,heritage,2025,August,Monsoon,"Independence Day, Krishna Janmashtami",5986
Wanaparthy Palace,Wanaparthy,heritage,2025,September,Monsoon,Vinayaka Chavithi,6917
Wanaparthy Palace,Wanaparthy,heritage,2025,October,Post-Monsoon,"Bathukamma, Dussehra",11785
Wanaparthy Palace,Wanaparthy,heritage,2025,November,Winter,Diwali,13006
Wanaparthy Palace,Wanaparthy,heritage,2025,December,Winter,Christmas,14468
Lalitha Someswara Swamy Temple (Somasila),Nagarkurnool,religious,2024,January,Winter,"Bhogi, Sankranti",19717
Lalitha Someswara Swamy Temple (Somasila),Nagarkurnool,religious,2024,February,Winter,Maha Shivaratri,17509
Lalitha Someswara Swamy Temple (Somasila),Nagarkurnool,religious,2024,March,Summer,Holi,9642
Lalitha Someswara Swamy Temple (Somasila),Nagarkurnool,religious,2024,April,Summer,"Ugadi, Sri Rama Navami",10633
Lalitha Someswara Swamy Temple (Somasila),Nagarkurnool,religious,2024,May,Summer,Buddha Purnima,9072
Lalitha Someswara Swamy Temple (Somasila),Nagarkurnool,religious,2024,June,Monsoon,None,6588
Lalitha Someswara Swamy Temple (Somasila),Nagarkurnool,religious,2024,July,Monsoon,Bonalu,6160
Lalitha Someswara Swamy Temple (Somasila),Nagarkurnool,religious,2024,August,Monsoon,"Independence Day, Krishna Janmashtami",6422
Lalitha Someswara Swamy Temple (Somasila),Nagarkurnool,religious,2024,September,Monsoon,Vinayaka Chavithi,7177
Lalitha Someswara Swamy Temple (Somasila),Nagarkurnool,religious,2024,October,Post-Monsoon,"Bathukamma, Dussehra",14975
Lalitha Someswara Swamy Temple (Somasila),Nagarkurnool,religious,2024,November,Winter,Diwali,17073
Lalitha Someswara Swamy Temple (Somasila),Nagarkurnool,religious,2024,December,Winter,Christmas,18563
Lalitha Someswara Swamy Temple (Somasila),Nagarkurnool,religious,2025,January,Winter,"Bhogi, Sankranti",21519
Lalitha Someswara Swamy Temple (Somasila),Nagarkurnool,religious,2025,February,Winter,Maha Shivaratri,19043
Lalitha Someswara Swamy Temple (Somasila),Nagarkurnool,religious,2025,March,Summer,Holi,10596
Lalitha Someswara Swamy Temple (Somasila),Nagarkurnool,religious,2025,April,Summer,"Ugadi, Sri Rama Navami",11714
Lalitha Someswara Swamy Temple (Somasila),Nagarkurnool,religious,2025,May,Summer,Buddha Purnima,9325
Lalitha Someswara Swamy Temple (Somasila),Nagarkurnool,religious,2025,June,Monsoon,None,6553
Lalitha Someswara Swamy Temple (Somasila),Nagarkurnool,religious,2025,July,Monsoon,Bonalu,7041
Lalitha Someswara Swamy Temple (Somasila),Nagarkurnool,religious,2025,August,Monsoon,"Independence Day, Krishna Janmashtami",7867
Lalitha Someswara Swamy Temple (Somasila),Nagarkurnool,religious,2025,September,Monsoon,Vinayaka Chavithi,8915
Lalitha Someswara Swamy Temple (Somasila),Nagarkurnool,religious,2025,October,Post-Monsoon,"Bathukamma, Dussehra",15337
Lalitha Someswara Swamy Temple (Somasila),Nagarkurnool,religious,2025,November,Winter,Diwali,18200
Lalitha Someswara Swamy Temple (Somasila),Nagarkurnool,religious,2025,December,Winter,Christmas,20110
Jatprole (Jetaprolu),Nagarkurnool,religious,2024,January,Winter,"Bhogi, Sankranti",19284
Jatprole (Jetaprolu),Nagarkurnool,religious,2024,February,Winter,Maha Shivaratri,17627
Jatprole (Jetaprolu),Nagarkurnool,religious,2024,March,Summer,Holi,9884
Jatprole (Jetaprolu),Nagarkurnool,religious,2024,April,Summer,"Ugadi, Sri Rama Navami",9550
Jatprole (Jetaprolu),Nagarkurnool,religious,2024,May,Summer,Buddha Purnima,8840
Jatprole (Jetaprolu),Nagarkurnool,religious,2024,June,Monsoon,None,6276
Jatprole (Jetaprolu),Nagarkurnool,religious,2024,July,Monsoon,Bonalu,5631
Jatprole (Jetaprolu),Nagarkurnool,religious,2024,August,Monsoon,"Independence Day, Krishna Janmashtami",7256
Jatprole (Jetaprolu),Nagarkurnool,religious,2024,September,Monsoon,Vinayaka Chavithi,6889
Jatprole (Jetaprolu),Nagarkurnool,religious,2024,October,Post-Monsoon,"Bathukamma, Dussehra",14793
Jatprole (Jetaprolu),Nagarkurnool,religious,2024,November,Winter,Diwali,16516
Jatprole (Jetaprolu),Nagarkurnool,religious,2024,December,Winter,Christmas,19497
Jatprole (Jetaprolu),Nagarkurnool,religious,2025,January,Winter,"Bhogi, Sankranti",20498
Jatprole (Jetaprolu),Nagarkurnool,religious,2025,February,Winter,Maha Shivaratri,16752
Jatprole (Jetaprolu),Nagarkurnool,religious,2025,March,Summer,Holi,11158
Jatprole (Jetaprolu),Nagarkurnool,religious,2025,April,Summer,"Ugadi, Sri Rama Navami",10308
Jatprole (Jetaprolu),Nagarkurnool,religious,2025,May,Summer,Buddha Purnima,9312
Jatprole (Jetaprolu),Nagarkurnool,religious,2025,June,Monsoon,None,6266
Jatprole (Jetaprolu),Nagarkurnool,religious,2025,July,Monsoon,Bonalu,6613
Jatprole (Jetaprolu),Nagarkurnool,religious,2025,August,Monsoon,"Independence Day, Krishna Janmashtami",8036
Jatprole (Jetaprolu),Nagarkurnool,religious,2025,September,Monsoon,Vinayaka Chavithi,8294
Jatprole (Jetaprolu),Nagarkurnool,religious,2025,October,Post-Monsoon,"Bathukamma, Dussehra",17630
Jatprole (Jetaprolu),Nagarkurnool,religious,2025,November,Winter,Diwali,18604
Jatprole (Jetaprolu),Nagarkurnool,religious,2025,December,Winter,Christmas,20548
Chinna waddepalli lake (Local lake),Warangal,other,2024,January,Winter,"Bhogi, Sankranti",9082
Chinna waddepalli lake (Local lake),Warangal,other,2024,February,Winter,Maha Shivaratri,8231
Chinna waddepalli lake (Local lake),Warangal,other,2024,March,Summer,Holi,4976
Chinna waddepalli lake (Local lake),Warangal,other,2024,April,Summer,"Ugadi, Sri Rama Navami",5034
Chinna waddepalli lake (Local lake),Warangal,other,2024,May,Summer,Buddha Purnima,3797
Chinna waddepalli lake (Local lake),Warangal,other,2024,June,Monsoon,None,3025
Chinna waddepalli lake (Local lake),Warangal,other,2024,July,Monsoon,Bonalu,3125
Chinna waddepalli lake (Local lake),Warangal,other,2024,August,Monsoon,"Independence Day, Krishna Janmashtami",3450
Chinna waddepalli lake (Local lake),Warangal,other,2024,September,Monsoon,Vinayaka Chavithi,3446
Chinna waddepalli lake (Local lake),Warangal,other,2024,October,Post-Monsoon,"Bathukamma, Dussehra",8085
Chinna waddepalli lake (Local lake),Warangal,other,2024,November,Winter,Diwali,8720
Chinna waddepalli lake (Local lake),Warangal,other,2024,December,Winter,Christmas,9115
Chinna waddepalli lake (Local lake),Warangal,other,2025,January,Winter,"Bhogi, Sankranti",9458
Chinna waddepalli lake (Local lake),Warangal,other,2025,February,Winter,Maha Shivaratri,8447
Chinna waddepalli lake (Local lake),Warangal,other,2025,March,Summer,Holi,5602
Chinna waddepalli lake (Local lake),Warangal,other,2025,April,Summer,"Ugadi, Sri Rama Navami",5501
Chinna waddepalli lake (Local lake),Warangal,other,2025,May,Summer,Buddha Purnima,4384
Chinna waddepalli lake (Local lake),Warangal,other,2025,June,Monsoon,None,3296
Chinna waddepalli lake (Local lake),Warangal,other,2025,July,Monsoon,Bonalu,3180
Chinna waddepalli lake (Local lake),Warangal,other,2025,August,Monsoon,"Independence Day, Krishna Janmashtami",4146
Chinna waddepalli lake (Local lake),Warangal,other,2025,September,Monsoon,Vinayaka Chavithi,4246
Chinna waddepalli lake (Local lake),Warangal,other,2025,October,Post-Monsoon,"Bathukamma, Dussehra",7942
Chinna waddepalli lake (Local lake),Warangal,other,2025,November,Winter,Diwali,8903
Chinna waddepalli lake (Local lake),Warangal,other,2025,December,Winter,Christmas,8655
Rani Rudramadevi Statue,Warangal,heritage,2024,January,Winter,"Bhogi, Sankranti",13612
Rani Rudramadevi Statue,Warangal,heritage,2024,February,Winter,Maha Shivaratri,12050
Rani Rudramadevi Statue,Warangal,heritage,2024,March,Summer,Holi,7762
Rani Rudramadevi Statue,Warangal,heritage,2024,April,Summer,"Ugadi, Sri Rama Navami",7880
Rani Rudramadevi Statue,Warangal,heritage,2024,May,Summer,Buddha Purnima,6164
Rani Rudramadevi Statue,Warangal,heritage,2024,June,Monsoon,None,4646
Rani Rudramadevi Statue,Warangal,heritage,2024,July,Monsoon,Bonalu,4982
Rani Rudramadevi Statue,Warangal,heritage,2024,August,Monsoon,"Independence Day, Krishna Janmashtami",5804
Rani Rudramadevi Statue,Warangal,heritage,2024,September,Monsoon,Vinayaka Chavithi,5277
Rani Rudramadevi Statue,Warangal,heritage,2024,October,Post-Monsoon,"Bathukamma, Dussehra",11845
Rani Rudramadevi Statue,Warangal,heritage,2024,November,Winter,Diwali,12544
Rani Rudramadevi Statue,Warangal,heritage,2024,December,Winter,Christmas,15257
Rani Rudramadevi Statue,Warangal,heritage,2025,January,Winter,"Bhogi, Sankranti",16500
Rani Rudramadevi Statue,Warangal,heritage,2025,February,Winter,Maha Shivaratri,13322
Rani Rudramadevi Statue,Warangal,heritage,2025,March,Summer,Holi,8008
Rani Rudramadevi Statue,Warangal,heritage,2025,April,Summer,"Ugadi, Sri Rama Navami",8452
Rani Rudramadevi Statue,Warangal,heritage,2025,May,Summer,Buddha Purnima,6333
Rani Rudramadevi Statue,Warangal,heritage,2025,June,Monsoon,None,5174
Rani Rudramadevi Statue,Warangal,heritage,2025,July,Monsoon,Bonalu,5176
Rani Rudramadevi Statue,Warangal,heritage,2025,August,Monsoon,"Independence Day, Krishna Janmashtami",6403
Rani Rudramadevi Statue,Warangal,heritage,2025,September,Monsoon,Vinayaka Chavithi,5952
Rani Rudramadevi Statue,Warangal,heritage,2025,October,Post-Monsoon,"Bathukamma, Dussehra",12476
Rani Rudramadevi Statue,Warangal,heritage,2025,November,Winter,Diwali,13458
Rani Rudramadevi Statue,Warangal,heritage,2025,December,Winter,Christmas,14975
Pochampally Handloom Park,Yadadri Bhuvanagiri,other,2024,January,Winter,"Bhogi, Sankranti",8842
Pochampally Handloom Park,Yadadri Bhuvanagiri,other,2024,February,Winter,Maha Shivaratri,8666
Pochampally Handloom Park,Yadadri Bhuvanagiri,other,2024,March,Summer,Holi,4756
Pochampally Handloom Park,Yadadri Bhuvanagiri,other,2024,April,Summer,"Ugadi, Sri Rama Navami",5152
Pochampally Handloom Park,Yadadri Bhuvanagiri,other,2024,May,Summer,Buddha Purnima,4144
Pochampally Handloom Park,Yadadri Bhuvanagiri,other,2024,June,Monsoon,None,2821
Pochampally Handloom Park,Yadadri Bhuvanagiri,other,2024,July,Monsoon,Bonalu,3080
Pochampally Handloom Park,Yadadri Bhuvanagiri,other,2024,August,Monsoon,"Independence Day, Krishna Janmashtami",3723
Pochampally Handloom Park,Yadadri Bhuvanagiri,other,2024,September,Monsoon,Vinayaka Chavithi,3502
Pochampally Handloom Park,Yadadri Bhuvanagiri,other,2024,October,Post-Monsoon,"Bathukamma, Dussehra",7929
Pochampally Handloom Park,Yadadri Bhuvanagiri,other,2024,November,Winter,Diwali,8248
Pochampally Handloom Park,Yadadri Bhuvanagiri,other,2024,December,Winter,Christmas,9107
Pochampally Handloom Park,Yadadri Bhuvanagiri,other,2025,January,Winter,"Bhogi, Sankranti",10418
Pochampally Handloom Park,Yadadri Bhuvanagiri,other,2025,February,Winter,Maha Shivaratri,8620
Pochampally Handloom Park,Yadadri Bhuvanagiri,other,2025,March,Summer,Holi,5333
Pochampally Handloom Park,Yadadri Bhuvanagiri,other,2025,April,Summer,"Ugadi, Sri Rama Navami",5443
Pochampally Handloom Park,Yadadri Bhuvanagiri,other,2025,May,Summer,Buddha Purnima,4592
Pochampally Handloom Park,Yadadri Bhuvanagiri,other,2025,June,Monsoon,None,2866
Pochampally Handloom Park,Yadadri Bhuvanagiri,other,2025,July,Monsoon,Bonalu,3048
Pochampally Handloom Park,Yadadri Bhuvanagiri,other,2025,August,Monsoon,"Independence Day, Krishna Janmashtami",4024
Pochampally Handloom Park,Yadadri Bhuvanagiri,other,2025,September,Monsoon,Vinayaka Chavithi,4234
Pochampally Handloom Park,Yadadri Bhuvanagiri,other,2025,October,Post-Monsoon,"Bathukamma, Dussehra",7855
Pochampally Handloom Park,Yadadri Bhuvanagiri,other,2025,November,Winter,Diwali,9190
Pochampally Handloom Park,Yadadri Bhuvanagiri,other,2025,December,Winter,Christmas,10227
Rachakonda Fort,Yadadri Bhuvanagiri,heritage,2024,January,Winter,"Bhogi, Sankranti",15395
Rachakonda Fort,Yadadri Bhuvanagiri,heritage,2024,February,Winter,Maha Shivaratri,11746
Rachakonda Fort,Yadadri Bhuvanagiri,heritage,2024,March,Summer,Holi,7458
Rachakonda Fort,Yadadri Bhuvanagiri,heritage,2024,April,Summer,"Ugadi, Sri Rama Navami",7972
Rachakonda Fort,Yadadri Bhuvanagiri,heritage,2024,May,Summer,Buddha Purnima,6924
Rachakonda Fort,Yadadri Bhuvanagiri,heritage,2024,June,Monsoon,None,5365
Rachakonda Fort,Yadadri Bhuvanagiri,heritage,2024,July,Monsoon,Bonalu,4862
Rachakonda Fort,Yadadri Bhuvanagiri,heritage,2024,August,Monsoon,"Independence Day, Krishna Janmashtami",5320
Rachakonda Fort,Yadadri Bhuvanagiri,heritage,2024,September,Monsoon,Vinayaka Chavithi,6020
Rachakonda Fort,Yadadri Bhuvanagiri,heritage,2024,October,Post-Monsoon,"Bathukamma, Dussehra",12862
Rachakonda Fort,Yadadri Bhuvanagiri,heritage,2024,November,Winter,Diwali,13713
Rachakonda Fort,Yadadri Bhuvanagiri,heritage,2024,December,Winter,Christmas,14106
Rachakonda Fort,Yadadri Bhuvanagiri,heritage,2025,January,Winter,"Bhogi, Sankranti",16839
Rachakonda Fort,Yadadri Bhuvanagiri,heritage,2025,February,Winter,Maha Shivaratri,14585
Rachakonda Fort,Yadadri Bhuvanagiri,heritage,2025,March,Summer,Holi,7995
Rachakonda Fort,Yadadri Bhuvanagiri,heritage,2025,April,Summer,"Ugadi, Sri Rama Navami",8923
Rachakonda Fort,Yadadri Bhuvanagiri,heritage,2025,May,Summer,Buddha Purnima,7584
Rachakonda Fort,Yadadri Bhuvanagiri,heritage,2025,June,Monsoon,None,5455
Rachakonda Fort,Yadadri Bhuvanagiri,heritage,2025,July,Monsoon,Bonalu,5294
Rachakonda Fort,Yadadri Bhuvanagiri,heritage,2025,August,Monsoon,"Independence Day, Krishna Janmashtami",6070
Rachakonda Fort,Yadadri Bhuvanagiri,heritage,2025,September,Monsoon,Vinayaka Chavithi,6765
Rachakonda Fort,Yadadri Bhuvanagiri,heritage,2025,October,Post-Monsoon,"Bathukamma, Dussehra",12242
Rachakonda Fort,Yadadri Bhuvanagiri,heritage,2025,November,Winter,Diwali,15053
Rachakonda Fort,Yadadri Bhuvanagiri,heritage,2025,December,Winter,Christmas,14865
