duration_days,num_travelers,route_distance_km,transport_mode,accommodation_tier,season,travel_cost_est,stay_cost_est,food_cost_est,entry_fees_est,tolls_and_parking_est
2,3,70.29,car,Mid,Winter_Picnic,1567.41,5667.4,8136.21,932.75,153.78
6,4,24.02,bike,Mid,Summer,249.89,25227.35,12066.42,3256.62,0.0
3,2,112.14,auto,Mid,Winter_Picnic,2433.27,8402.03,5425.6,693.9,250.83
3,3,56.45,bus,Budget,Winter_Picnic,626.06,5281.59,2241.54,1636.91,0.0
1,3,25.3,car,Budget,Festival_Peak,712.99,2098.43,950.98,170.95,58.94
1,4,159.37,train,Budget,Summer,1132.0,2042.59,1856.39,300.12,0.0
1,5,43.9,car,Budget,Summer,1523.82,3675.54,1482.11,404.09,141.42
4,1,19.97,bus,Mid,Festival_Peak,80.56,14037.14,2988.62,217.01,0.0
3,3,59.32,car,Mid,Winter_Picnic,1163.95,14192.88,5720.36,522.03,128.38
3,1,29.73,train,Budget,Monsoon,117.83,2485.57,727.48,269.34,0.0
1,2,84.0,train,Budget,Winter_Picnic,277.54,1324.5,744.33,114.57,0.0
6,2,88.96,auto,Budget,Festival_Peak,1774.4,10819.14,3580.23,1173.79,208.76
4,2,180.41,bus,Premium,Festival_Peak,1353.86,23570.61,23070.4,1279.15,0.0
1,2,37.41,bus,Mid,Winter_Picnic,344.45,2645.52,1709.31,257.33,0.0
1,3,37.38,auto,Mid,Summer,675.44,5720.86,1577.27,359.6,97.25
1,2,69.5,car,Mid,Festival_Peak,1450.87,2889.26,1801.76,417.53,176.9
2,3,13.47,bike,Mid,Winter_Picnic,261.06,6388.77,4576.91,612.15,0.0
2,2,56.88,bus,Mid,Festival_Peak,344.9,4679.9,5189.24,683.79,0.0
2,1,41.34,bike,Budget,Summer,176.38,1137.11,773.06,202.47,0.0
1,4,22.4,bike,Mid,Monsoon,370.39,4044.72,2540.55,143.23,0.0
3,2,34.81,car,Budget,Winter_Picnic,614.25,2497.15,1943.55,910.18,107.67
1,2,108.8,car,Mid,Summer,1827.09,3874.76,2305.72,296.3,120.05
1,3,101.96,bus,Budget,Winter_Picnic,829.63,3965.85,1759.18,347.48,0.0
2,2,15.81,train,Mid,Festival_Peak,165.42,3779.17,5289.18,770.55,0.0
2,1,19.63,car,Budget,Winter_Picnic,614.11,1505.83,866.29,226.01,194.81
4,2,26.35,bike,Premium,Festival_Peak,250.71,28869.49,20971.51,1134.77,0.0
1,5,109.78,car,Budget,Winter_Picnic,3090.74,3916.16,1835.93,902.06,236.7
2,3,13.5,car,Mid,Winter_Picnic,408.79,7088.93,5221.35,729.37,51.85
3,3,82.22,car,Mid,Festival_Peak,1750.12,18750.02,7957.69,1289.2,186.73
1,3,18.31,auto,Budget,Winter_Picnic,456.2,3960.0,1697.96,500.0,117.98
3,1,55.88,car,Mid,Winter_Picnic,960.23,7014.77,1864.97,292.4,99.84
1,2,39.01,auto,Premium,Winter_Picnic,918.35,9955.7,4340.32,322.43,129.53
1,4,82.28,bus,Budget,Winter_Picnic,938.87,2304.65,1555.61,607.04,0.0
6,1,33.64,car,Premium,Summer,575.36,25284.74,8530.24,770.86,152.56
6,2,59.96,bus,Mid,Festival_Peak,486.67,23142.77,12196.01,1419.53,0.0
4,2,31.49,car,Mid,Festival_Peak,829.47,11170.09,8102.11,612.49,162.61
2,2,63.43,auto,Budget,Winter_Picnic,1128.77,948.29,1791.76,248.07,118.53
1,6,115.02,bus,Mid,Winter_Picnic,1844.76,9518.01,3780.46,597.6,0.0
3,1,25.82,car,Mid,Winter_Picnic,670.53,6066.56,3582.42,469.32,126.5
2,2,99.88,auto,Budget,Winter_Picnic,1995.5,1340.94,1860.46,733.6,204.31
1,1,48.42,car,Mid,Winter_Picnic,972.46,3110.86,681.39,149.52,130.58
2,6,17.44,auto,Budget,Festival_Peak,974.19,4366.1,4369.96,1871.24,61.35
1,1,49.62,bus,Budget,Summer,173.32,1272.08,332.21,149.72,0.0
5,2,18.03,car,Mid,Monsoon,429.73,7512.16,6133.05,545.75,160.79
1,3,68.35,car,Mid,Festival_Peak,1781.26,9738.71,3730.65,555.36,203.46
3,3,69.61,bike,Mid,Winter_Picnic,987.35,15168.07,9589.72,695.47,0.0
2,2,17.98,auto,Budget,Festival_Peak,532.79,1231.4,2011.49,303.81,191.15
2,2,48.17,train,Budget,Monsoon,242.73,1133.64,1523.86,529.61,0.0
2,2,99.9,bus,Budget,Monsoon,502.21,641.58,1382.88,406.25,0.0
1,2,139.15,bike,Mid,Festival_Peak,1083.08,2795.54,2703.43,288.3,0.0
6,1,53.81,auto,Premium,Monsoon,675.88,23367.41,9223.27,477.75,186.14
4,2,151.0,auto,Mid,Festival_Peak,3844.42,14212.92,10554.84,1330.23,250.3
5,2,40.34,car,Budget,Festival_Peak,815.57,4014.96,4329.31,2003.89,183.13
5,2,33.85,bus,Premium,Winter_Picnic,189.33,27721.22,22649.51,1839.41,0.0
3,3,101.35,car,Mid,Monsoon,1143.8,9539.71,6176.79,958.33,152.46
5,6,54.58,car,Mid,Winter_Picnic,2080.25,48006.64,33860.97,4414.02,191.69
1,3,50.91,bus,Budget,Festival_Peak,767.08,3378.54,1819.64,541.89,0.0
1,1,39.9,car,Mid,Summer,594.67,2512.61,543.39,100.81,68.96
1,1,93.82,bike,Budget,Summer,506.1,790.27,226.57,151.69,0.0
2,5,89.28,car,Budget,Summer,2357.43,2119.18,3522.89,491.88,162.04
2,2,46.7,train,Budget,Monsoon,156.04,908.04,764.78,392.65,0.0
1,1,40.3,bus,Budget,Festival_Peak,202.03,1504.86,574.22,57.73,0.0
4,3,50.97,car,Budget,Festival_Peak,1174.51,8080.31,6075.03,2410.11,136.91
2,3,51.12,car,Budget,Festival_Peak,1190.02,2959.64,3911.17,529.28,125.14
1,3,27.34,train,Budget,Winter_Picnic,373.93,2495.55,1081.63,381.33,0.0
2,2,85.37,car,Mid,Winter_Picnic,1195.54,2225.03,3994.55,731.48,193.71
1,1,40.06,auto,Budget,Summer,702.74,1667.13,591.3,45.08,76.54
4,6,33.39,train,Mid,Winter_Picnic,687.38,28171.4,24011.13,1758.19,0.0
1,2,10.69,bus,Budget,Winter_Picnic,112.57,1532.64,1013.33,316.9,0.0
7,3,19.92,auto,Premium,Festival_Peak,572.46,113378.81,50234.77,1058.67,68.02
4,3,156.9,car,Premium,Festival_Peak,3603.78,56636.02,28664.83,1043.72,220.96
1,3,36.41,car,Budget,Festival_Peak,848.48,3525.76,1492.09,485.33,103.13
1,2,21.78,bike,Mid,Festival_Peak,234.37,4333.72,1402.22,355.06,0.0
4,2,43.13,train,Budget,Festival_Peak,274.91,4266.77,2934.9,1508.99,0.0
3,3,28.91,car,Premium,Monsoon,438.52,22123.53,12744.83,415.5,106.6
3,4,21.43,bus,Mid,Festival_Peak,558.2,11526.58,10469.55,1442.82,0.0
4,5,38.25,bike,Budget,Winter_Picnic,829.17,10364.99,4958.37,2262.14,0.0
1,1,55.61,car,Budget,Summer,695.35,1496.59,360.47,35.39,157.99
2,1,55.56,bike,Budget,Monsoon,298.33,1110.01,583.78,200.61,0.0
1,5,28.93,bus,Budget,Winter_Picnic,529.97,3701.18,1923.43,575.94,0.0
4,3,38.44,car,Mid,Summer,855.28,18082.29,10133.92,2074.27,158.16
3,4,165.93,car,Mid,Winter_Picnic,3189.89,15155.91,12585.55,612.56,213.42
2,1,32.94,bike,Budget,Winter_Picnic,202.13,1537.63,1105.88,92.08,0.0
1,3,33.54,auto,Budget,Festival_Peak,963.91,5124.12,1701.35,397.4,70.8
2,3,24.14,bike,Budget,Festival_Peak,402.33,2696.62,3169.52,312.43,0.0
2,3,35.31,auto,Budget,Winter_Picnic,695.45,2544.4,2718.33,315.41,151.93
3,2,77.11,car,Mid,Summer,1163.36,4769.22,5102.72,368.09,240.21
3,1,34.98,car,Budget,Summer,633.42,1813.56,1684.39,517.99,124.6
5,3,65.11,car,Mid,Summer,931.32,22447.05,13455.86,1241.58,158.74
2,2,18.21,car,Budget,Monsoon,313.83,943.82,1294.71,403.03,95.81
1,2,38.09,auto,Budget,Festival_Peak,1137.02,1283.04,765.47,383.08,177.23
3,5,73.72,auto,Mid,Winter_Picnic,3260.3,18763.3,9461.84,884.24,189.13
4,2,33.37,bike,Mid,Monsoon,229.92,4803.39,6240.21,817.48,0.0
3,4,56.37,bus,Budget,Summer,665.88,4989.67,3709.26,1006.22,0.0
4,1,25.59,car,Mid,Winter_Picnic,628.14,9053.77,3026.56,762.34,131.88
2,3,83.41,bike,Mid,Winter_Picnic,735.06,5091.02,5386.4,262.06,0.0
2,6,13.2,bike,Budget,Monsoon,343.37,4561.05,3630.72,1100.4,0.0
2,1,92.86,bus,Mid,Festival_Peak,307.51,2715.32,2174.33,314.93,0.0
1,1,33.67,car,Mid,Summer,528.12,2002.61,871.98,34.9,171.36
1,2,105.92,car,Budget,Monsoon,1351.8,871.58,410.17,198.47,220.89
1,1,36.09,car,Mid,Monsoon,438.29,1794.79,528.83,54.11,120.92
3,3,78.56,auto,Budget,Winter_Picnic,1708.26,4674.56,2958.61,741.04,93.93
2,5,28.79,train,Budget,Monsoon,283.61,1964.31,3017.14,945.42,0.0
2,2,125.68,bus,Mid,Monsoon,515.79,2291.33,2043.74,281.5,0.0
5,2,13.8,auto,Mid,Summer,324.44,9965.0,5992.95,1177.99,111.59
1,2,19.68,bus,Premium,Winter_Picnic,202.12,8418.41,4247.76,227.38,0.0
2,3,38.46,bus,Budget,Monsoon,415.63,2699.24,1843.57,311.58,0.0
4,1,25.07,auto,Budget,Summer,505.45,2236.59,1027.34,544.59,178.13
1,3,19.27,car,Mid,Summer,377.8,5063.32,1770.56,285.52,90.69
1,3,148.87,bike,Budget,Monsoon,1213.28,1620.94,1199.02,83.92,0.0
1,3,192.63,bike,Mid,Winter_Picnic,2762.54,8580.36,2331.55,548.8,0.0
1,1,36.8,car,Mid,Monsoon,580.91,1696.86,840.08,25.65,112.41
5,3,131.35,auto,Premium,Monsoon,1934.74,27212.5,23080.3,1176.21,218.07
4,1,49.64,bus,Budget,Winter_Picnic,167.22,4442.52,1576.88,212.21,0.0
3,1,25.66,train,Budget,Summer,116.24,2393.93,813.9,443.93,0.0
5,4,69.05,bike,Mid,Monsoon,610.63,19270.43,8510.08,627.78,0.0
4,3,65.46,car,Mid,Summer,983.65,10924.95,6092.54,643.96,101.81
1,1,228.18,bus,Premium,Festival_Peak,897.27,6951.94,2231.68,175.84,0.0
5,1,37.61,bus,Budget,Winter_Picnic,201.42,3637.98,1280.25,614.22,0.0
2,1,72.41,bus,Mid,Festival_Peak,296.14,2829.29,2286.36,131.34,0.0
4,2,25.19,auto,Mid,Festival_Peak,755.85,13921.59,8117.29,1214.94,67.46
5,1,19.79,car,Budget,Festival_Peak,467.84,7057.63,2300.86,861.59,115.09
2,1,18.33,car,Mid,Winter_Picnic,514.31,2547.06,1309.98,167.73,120.2
1,2,350.0,train,Mid,Winter_Picnic,1659.01,3952.42,1826.69,186.57,0.0
1,3,85.8,auto,Budget,Summer,1870.82,3568.02,693.88,177.56,178.6
2,3,93.77,train,Budget,Monsoon,670.8,2975.28,2740.23,853.72,0.0
4,3,45.39,auto,Mid,Winter_Picnic,882.41,15021.09,10526.14,1651.55,212.53
4,1,33.08,train,Mid,Festival_Peak,193.29,9547.12,4999.16,533.03,0.0
1,5,26.58,car,Mid,Winter_Picnic,1136.67,7550.45,3750.78,224.75,176.78
2,4,39.09,car,Budget,Winter_Picnic,825.09,2026.1,3650.49,1067.38,147.45
2,4,31.11,car,Budget,Winter_Picnic,776.27,3033.9,4295.54,926.8,182.03
1,4,83.46,auto,Premium,Summer,3138.25,9266.32,5559.68,277.19,205.81
1,5,50.33,auto,Premium,Summer,1955.61,19436.95,6070.84,729.67,145.67
2,2,14.0,bike,Budget,Winter_Picnic,105.87,1160.14,1130.98,459.34,0.0
6,1,21.35,bike,Mid,Summer,127.79,9134.59,5455.7,812.03,0.0
2,3,20.9,auto,Budget,Winter_Picnic,501.71,2413.08,2258.14,601.77,113.5
2,3,42.0,bus,Budget,Festival_Peak,746.37,3247.03,3730.13,1492.89,0.0
3,3,133.23,car,Budget,Festival_Peak,2905.28,5300.35,4685.09,1894.45,227.4
2,2,60.28,bike,Budget,Summer,298.03,662.44,830.17,281.7,0.0
6,1,90.18,bus,Mid,Festival_Peak,402.22,18213.79,5360.57,351.21,0.0
6,2,41.36,car,Mid,Summer,895.6,14943.54,7235.91,1713.65,103.49
1,5,29.17,train,Premium,Summer,346.64,15262.58,9053.2,292.86,0.0
2,3,29.4,car,Mid,Winter_Picnic,624.66,5223.27,4647.13,556.34,106.25
2,2,109.14,bike,Budget,Summer,612.28,1682.88,1462.68,482.77,0.0
1,2,88.47,car,Mid,Monsoon,1186.4,2239.93,1318.01,123.55,132.0
1,2,21.5,car,Premium,Summer,378.81,5261.4,3121.09,99.89,182.33
3,4,44.41,bike,Mid,Winter_Picnic,565.29,12780.56,7566.49,2097.86,0.0
2,3,43.21,bike,Mid,Summer,434.2,6038.8,5000.54,866.65,0.0
1,4,57.33,bike,Premium,Winter_Picnic,621.66,15050.81,8516.17,853.08,0.0
1,2,147.38,auto,Budget,Winter_Picnic,3234.07,2143.34,756.69,104.48,219.77
5,3,54.88,car,Mid,Winter_Picnic,1210.09,27945.15,9417.89,2702.85,128.02
1,1,49.91,car,Mid,Festival_Peak,1401.84,4490.25,1516.66,91.86,102.88
1,3,10.02,bike,Premium,Summer,185.61,8113.78,4618.81,431.59,0.0
2,2,17.85,car,Budget,Monsoon,375.24,1025.82,1613.49,270.95,146.32
7,2,17.72,car,Mid,Summer,324.06,17029.64,11195.82,2027.15,47.96
1,3,9.01,auto,Mid,Summer,201.16,3662.29,2226.51,446.29,158.42
3,5,84.86,bike,Budget,Winter_Picnic,1598.13,9086.12,6609.03,1432.12,0.0
4,1,74.92,bike,Mid,Monsoon,375.4,7182.69,2511.97,500.34,0.0
1,4,24.77,auto,Budget,Summer,947.56,2945.87,979.37,608.68,169.43
3,2,94.41,bike,Budget,Winter_Picnic,609.56,2487.76,2202.21,653.0,0.0
2,2,30.75,auto,Budget,Winter_Picnic,694.05,1302.33,1000.45,530.01,65.46
3,1,33.88,car,Mid,Winter_Picnic,655.55,7028.62,2764.14,537.99,103.23
3,2,33.27,car,Budget,Festival_Peak,1043.85,5311.05,3757.63,936.38,175.96
2,2,33.33,auto,Mid,Winter_Picnic,687.16,3402.45,3577.05,524.5,76.55
1,1,37.43,auto,Budget,Winter_Picnic,822.51,1842.21,344.02,73.86,116.46
4,2,51.62,car,Budget,Summer,794.12,2911.13,3614.72,900.47,110.01
2,5,45.63,bus,Budget,Festival_Peak,1168.49,5139.74,4405.52,944.81,0.0
1,1,202.4,bus,Budget,Winter_Picnic,582.75,1413.27,359.09,58.55,0.0
1,4,13.01,car,Mid,Summer,354.04,6044.0,3404.02,698.95,93.27
3,2,17.61,auto,Mid,Summer,347.49,5121.03,3644.36,381.08,44.99
3,3,12.86,auto,Budget,Winter_Picnic,400.07,7212.08,4007.47,789.04,157.17
1,2,66.35,bus,Budget,Festival_Peak,545.11,1531.72,741.83,318.2,0.0
2,1,8.16,bike,Mid,Monsoon,98.55,2707.88,1341.81,176.61,0.0
1,1,88.0,train,Budget,Monsoon,212.39,1248.16,261.17,119.32,0.0
3,1,42.76,car,Premium,Festival_Peak,1159.84,13923.89,6316.68,200.26,97.72
1,1,42.69,car,Mid,Festival_Peak,1112.76,4532.25,836.12,64.91,127.62
3,3,46.74,bike,Budget,Summer,405.05,3875.68,2739.27,1112.98,0.0
2,4,29.39,car,Budget,Summer,542.8,3068.9,2826.02,1044.81,92.43
5,4,26.17,car,Mid,Winter_Picnic,585.34,19991.66,15085.79,3418.16,152.12
1,3,22.39,bike,Budget,Summer,328.26,1340.19,915.56,169.4,0.0
2,1,54.09,auto,Budget,Festival_Peak,1301.11,1526.02,1111.98,429.85,117.56
1,2,23.77,bus,Budget,Monsoon,237.37,1235.8,680.1,74.83,0.0
5,2,12.84,car,Mid,Monsoon,328.71,11057.72,5056.21,1136.95,99.72
5,1,176.49,car,Mid,Summer,2274.05,10160.67,3589.45,662.05,200.53
1,2,20.04,bike,Budget,Summer,148.84,1546.13,580.69,160.61,0.0
3,2,92.45,car,Mid,Monsoon,1353.18,4407.91,2639.15,585.81,157.84
4,2,89.38,car,Budget,Monsoon,1012.21,2711.48,1392.81,870.88,159.64
3,2,20.87,car,Mid,Winter_Picnic,485.12,6521.06,5380.39,1036.82,188.32
2,4,30.64,car,Budget,Monsoon,449.94,2504.98,1321.08,488.72,147.63
1,4,28.37,car,Mid,Festival_Peak,768.92,8776.85,5573.92,390.48,91.09
1,2,76.87,car,Premium,Summer,1082.36,5034.76,2824.18,293.38,126.45
5,5,51.64,auto,Budget,Winter_Picnic,2365.52,10797.27,11023.99,2457.47,154.59
5,5,92.38,train,Budget,Summer,657.83,14658.59,6357.41,2973.46,0.0
3,2,145.95,car,Budget,Summer,1747.63,2203.99,2068.96,585.34,261.02
2,2,74.73,auto,Budget,Winter_Picnic,1980.41,1743.02,1535.02,759.14,103.18
2,2,14.49,car,Budget,Winter_Picnic,409.69,868.66,968.48,565.7,73.69
3,5,32.33,bus,Mid,Winter_Picnic,891.57,22573.71,18040.45,1022.22,0.0
5,4,107.29,bike,Premium,Winter_Picnic,1727.19,48111.75,45005.12,3781.23,0.0
5,1,29.14,auto,Budget,Winter_Picnic,824.39,6284.77,1940.54,503.15,165.03
4,2,19.8,car,Mid,Summer,302.59,8473.71,4871.51,913.82,76.02
3,3,78.59,auto,Mid,Festival_Peak,1749.19,14556.05,10495.03,769.94,123.88
1,2,37.04,bus,Mid,Winter_Picnic,308.69,2237.41,2224.35,263.89,0.0
1,1,130.67,bike,Budget,Festival_Peak,1013.55,1506.67,608.61,194.24,0.0
5,4,61.8,bus,Budget,Festival_Peak,1033.12,11754.26,10230.98,2912.57,0.0
3,3,27.92,bike,Mid,Monsoon,253.42,7067.86,6180.57,460.89,0.0
1,4,139.44,bike,Budget,Summer,976.52,2944.28,1439.33,275.5,0.0
1,4,28.48,bus,Mid,Winter_Picnic,492.43,6929.73,3013.86,347.85,0.0
3,3,37.25,car,Mid,Winter_Picnic,904.68,15047.11,10870.7,1463.88,91.39
1,2,44.0,auto,Budget,Winter_Picnic,877.12,881.02,570.53,374.44,80.32
1,3,19.03,auto,Budget,Winter_Picnic,466.27,3157.26,1660.29,254.45,58.84
2,1,54.06,car,Premium,Summer,839.88,5689.16,3126.7,167.87,95.7
3,3,29.76,car,Mid,Monsoon,467.11,6070.42,5426.42,468.35,162.89
3,1,29.35,train,Mid,Monsoon,153.96,4461.77,2041.56,171.43,0.0
1,3,32.48,train,Budget,Winter_Picnic,311.14,2789.55,875.26,385.15,0.0
3,1,72.16,car,Mid,Winter_Picnic,1380.97,6339.9,2238.59,178.45,206.51
1,1,84.73,car,Mid,Summer,1195.79,2777.56,738.8,80.86,179.17
2,1,23.23,car,Mid,Winter_Picnic,641.85,3911.86,1216.95,153.97,114.87
3,1,43.76,car,Budget,Monsoon,732.34,3335.94,885.58,268.69,133.01
3,3,42.96,bike,Budget,Monsoon,498.51,6288.35,4279.9,846.03,0.0
4,3,14.94,auto,Budget,Winter_Picnic,367.98,8041.42,6309.37,2647.91,147.34
3,2,78.94,bike,Mid,Summer,388.36,5097.0,4156.23,674.14,0.0
3,1,72.06,bike,Premium,Winter_Picnic,603.0,16492.21,5490.65,662.99,0.0
1,1,25.15,bike,Premium,Festival_Peak,244.51,7844.98,2470.77,189.05,0.0
2,1,30.89,car,Premium,Festival_Peak,687.58,7492.25,4492.96,262.26,96.1
1,1,28.02,bus,Budget,Monsoon,117.93,991.6,392.68,29.92,0.0
1,4,68.07,car,Budget,Winter_Picnic,1632.74,2815.01,1779.9,480.54,134.79
6,1,18.87,auto,Budget,Winter_Picnic,412.95,5589.73,2003.9,410.42,107.52
2,2,214.69,bike,Budget,Winter_Picnic,1183.44,853.62,1398.59,492.47,0.0
5,1,80.95,car,Mid,Winter_Picnic,1265.28,9949.84,5049.15,660.91,144.45
3,1,42.0,auto,Premium,Summer,737.76,9160.9,4273.44,396.8,81.66
4,2,53.4,car,Budget,Monsoon,728.4,2439.2,2009.28,855.91,218.69
2,3,116.49,train,Mid,Winter_Picnic,688.72,6524.37,4608.4,278.8,0.0
3,1,59.9,bike,Premium,Winter_Picnic,554.17,14976.19,7495.65,329.62,0.0
2,1,22.71,auto,Mid,Summer,539.43,2335.85,2187.47,172.34,78.83
1,2,41.11,car,Budget,Monsoon,710.8,1272.31,523.76,161.71,161.58
3,1,95.7,train,Mid,Winter_Picnic,273.99,4908.77,3328.27,483.34,0.0
1,1,51.88,bus,Budget,Summer,132.04,1182.37,499.55,73.94,0.0
1,5,54.35,bus,Mid,Monsoon,675.36,5293.41,2540.15,539.4,0.0
3,3,105.65,auto,Budget,Monsoon,1610.4,3578.43,2328.41,1142.81,136.67
1,3,119.78,train,Budget,Summer,687.6,2652.37,754.4,396.46,0.0
6,2,125.24,bike,Premium,Winter_Picnic,859.91,30202.34,27003.72,1608.13,0.0
6,2,23.39,bike,Mid,Summer,131.44,12616.64,7300.6,796.98,0.0
5,2,54.32,bus,Mid,Monsoon,257.31,9791.54,4279.29,323.33,0.0
2,3,79.79,train,Premium,Monsoon,462.01,9378.88,8471.97,730.49,0.0
1,3,78.5,bike,Budget,Summer,572.43,2540.06,744.47,197.37,0.0
5,1,65.29,bike,Budget,Winter_Picnic,477.81,6206.52,1912.99,706.46,0.0
2,2,22.99,bike,Mid,Monsoon,210.75,3345.99,2170.19,183.28,0.0
6,2,85.85,bike,Budget,Winter_Picnic,475.74,5846.15,4641.22,866.62,0.0
6,4,66.29,auto,Mid,Monsoon,1856.14,23991.45,12343.88,1462.84,162.61
4,3,15.21,train,Budget,Summer,189.38,7364.68,2441.47,1316.19,0.0
1,2,33.89,car,Budget,Monsoon,548.12,781.45,925.06,191.3,168.6
2,1,26.27,bus,Mid,Monsoon,136.29,2372.65,829.13,116.8,0.0
4,3,28.5,bus,Budget,Winter_Picnic,354.78,5406.44,3114.64,1851.43,0.0
2,1,11.9,car,Mid,Winter_Picnic,324.77,3087.5,1575.34,372.37,173.18
1,2,43.43,bus,Mid,Festival_Peak,412.22,4758.96,2161.91,168.5,0.0
3,1,47.46,car,Premium,Monsoon,551.82,6849.26,3884.51,379.95,101.12
5,3,53.34,auto,Mid,Monsoon,727.31,17191.07,8924.17,1332.46,153.55
3,1,57.39,car,Budget,Summer,771.86,2293.05,1146.87,409.96,186.23
3,2,101.93,car,Mid,Winter_Picnic,2041.64,6448.76,5235.03,531.44,159.21
1,4,18.51,bus,Mid,Summer,284.01,6241.95,3957.05,652.96,0.0
3,1,19.85,train,Mid,Summer,84.38,3872.2,1598.23,226.12,0.0
7,2,100.97,car,Mid,Summer,1656.51,16813.06,8469.1,2096.61,188.41
1,2,26.41,bus,Mid,Monsoon,270.85,2930.38,1212.38,297.17,0.0
2,1,183.24,bike,Mid,Festival_Peak,2031.23,3478.07,3095.31,456.67,0.0
5,4,104.4,bus,Mid,Winter_Picnic,1160.89,27936.24,15140.4,2847.2,0.0
3,1,37.17,auto,Budget,Winter_Picnic,915.61,1731.28,1148.63,297.41,176.95
3,2,190.29,bike,Budget,Winter_Picnic,810.89,1675.22,2368.19,355.5,0.0
3,3,15.21,auto,Mid,Winter_Picnic,492.89,12104.93,12202.45,659.86,136.34
2,3,24.17,car,Budget,Monsoon,425.19,1390.71,1225.89,517.09,105.09
1,3,56.54,bike,Budget,Winter_Picnic,830.46,3860.82,792.66,482.41,0.0
4,2,30.58,train,Budget,Monsoon,105.5,2350.56,1677.05,408.69,0.0
4,1,134.07,bike,Mid,Summer,666.91,7614.52,2799.71,370.34,0.0
4,3,21.33,train,Budget,Winter_Picnic,198.16,7472.8,3743.91,577.0,0.0
5,2,48.5,car,Mid,Winter_Picnic,950.4,12584.21,10079.7,1799.84,197.43
2,4,59.61,auto,Budget,Winter_Picnic,2728.59,2396.82,4574.83,1472.9,92.74
2,4,59.32,auto,Mid,Winter_Picnic,2422.24,6445.82,5088.97,1421.55,134.86
4,4,24.09,car,Budget,Monsoon,292.56,7839.01,2680.92,1721.47,170.75
3,2,36.23,car,Mid,Summer,528.68,5710.16,5446.21,667.41,135.45
3,2,88.99,car,Budget,Monsoon,1259.49,1560.65,2344.59,369.8,182.83
4,4,16.35,auto,Premium,Winter_Picnic,672.79,33892.0,33115.32,2823.99,104.9
5,2,92.28,car,Premium,Festival_Peak,1891.95,23149.92,21742.26,934.25,201.01
2,1,61.07,train,Mid,Summer,189.66,2967.59,1197.25,88.62,0.0
2,4,84.06,auto,Premium,Monsoon,2434.0,7704.84,11214.52,301.23,172.42
1,4,63.03,car,Budget,Winter_Picnic,1439.05,3522.7,1797.71,726.57,211.33
3,2,32.39,auto,Mid,Festival_Peak,772.0,5741.6,5277.64,1277.52,115.82
1,1,57.5,bus,Mid,Winter_Picnic,211.68,2977.04,1162.21,224.53,0.0
2,2,108.25,bus,Mid,Monsoon,526.69,2726.1,2871.81,252.21,0.0
2,4,46.87,auto,Premium,Festival_Peak,2591.71,14540.14,13907.19,611.79,171.54
1,5,166.03,bike,Mid,Festival_Peak,3075.87,12156.82,5173.58,768.25,0.0
3,1,36.51,bike,Premium,Monsoon,234.86,6992.57,3634.37,150.65,0.0
1,1,22.17,car,Budget,Festival_Peak,762.12,1957.63,879.41,83.26,175.92
1,4,38.18,car,Mid,Winter_Picnic,806.37,7999.53,3052.64,600.52,127.63
4,2,152.13,train,Mid,Summer,541.64,7728.9,4889.08,995.93,0.0
2,2,33.64,car,Mid,Winter_Picnic,661.92,2468.84,3021.46,351.6,131.72
1,6,115.13,auto,Budget,Festival_Peak,6626.82,4863.24,3663.38,434.25,256.3
2,1,118.93,bus,Mid,Winter_Picnic,455.22,2477.15,1869.58,367.37,0.0
4,3,41.91,car,Premium,Monsoon,704.96,20654.29,12360.24,648.93,155.04
1,1,24.94,car,Budget,Festival_Peak,583.75,1079.28,596.57,44.55,110.41
3,2,81.89,bike,Mid,Monsoon,297.42,5602.1,3081.05,750.71,0.0
1,4,23.77,auto,Budget,Winter_Picnic,988.1,2707.33,2268.17,546.24,131.37
1,2,79.04,train,Premium,Winter_Picnic,314.31,6211.6,4088.8,103.37,0.0
2,6,41.21,car,Mid,Monsoon,1224.63,7709.87,9932.6,1474.03,89.89
2,3,51.82,auto,Budget,Monsoon,1031.43,2108.63,1659.01,427.6,158.25
3,2,82.81,car,Budget,Festival_Peak,1838.72,4194.52,3744.77,1017.91,186.34
3,1,41.64,train,Mid,Summer,90.65,5687.91,2222.0,98.36,0.0
6,2,34.12,auto,Budget,Winter_Picnic,839.84,5260.27,8104.05,1973.6,75.04
2,2,31.28,car,Mid,Winter_Picnic,731.75,2739.23,4567.71,335.64,156.05
2,1,40.24,train,Premium,Winter_Picnic,132.68,6277.68,3622.16,201.5,0.0
4,2,41.88,bike,Mid,Winter_Picnic,349.13,8991.96,8431.85,784.77,0.0
1,2,86.48,car,Budget,Summer,1209.84,1680.55,669.93,318.49,160.49
2,3,30.5,car,Premium,Summer,647.8,9003.59,8389.21,833.66,194.07
1,3,45.43,car,Mid,Festival_Peak,1023.84,8756.22,3793.47,263.25,84.41
1,3,69.16,auto,Budget,Winter_Picnic,1445.0,2772.33,1451.56,346.74,134.92
6,1,26.48,auto,Budget,Summer,575.14,4525.87,2065.88,414.61,118.44
4,1,30.73,car,Budget,Festival_Peak,653.13,4551.81,2175.85,225.49,87.09
3,3,128.91,auto,Mid,Winter_Picnic,3401.26,11982.24,8135.86,691.98,277.76
2,2,78.96,car,Budget,Monsoon,921.83,1089.26,1274.3,189.02,144.03
1,1,51.13,bike,Budget,Festival_Peak,433.66,1539.19,484.65,119.08,0.0
1,4,64.92,bike,Mid,Winter_Picnic,1040.22,7689.05,4278.6,596.41,0.0
1,4,20.85,train,Mid,Monsoon,238.85,3118.06,1669.39,425.76,0.0
2,2,52.51,car,Mid,Summer,810.23,2002.59,2473.23,511.2,139.85
3,1,54.75,train,Mid,Winter_Picnic,225.01,4594.65,2594.63,233.19,0.0
3,4,52.83,bike,Budget,Winter_Picnic,546.42,5226.01,4569.9,1711.54,0.0
1,3,33.62,car,Premium,Summer,734.34,10983.61,6626.16,383.66,85.94
6,4,12.47,auto,Budget,Summer,523.76,9977.93,10770.9,2821.16,133.77
3,4,33.51,bus,Mid,Summer,294.93,7341.8,8350.86,1765.02,0.0
3,4,155.58,bus,Mid,Winter_Picnic,1982.78,11963.53,16209.02,1415.91,0.0
3,2,32.8,bike,Budget,Monsoon,256.97,2095.33,2137.58,656.36,0.0
2,1,40.04,train,Premium,Monsoon,134.71,4963.44,2775.49,100.89,0.0
1,3,23.63,bike,Mid,Winter_Picnic,421.56,9662.14,3240.32,418.09,0.0
2,3,20.64,car,Budget,Winter_Picnic,442.26,2747.03,2651.3,339.95,168.96
4,3,77.15,train,Premium,Winter_Picnic,692.45,41314.31,22617.3,600.16,0.0
1,1,48.58,bus,Mid,Summer,133.62,2157.77,568.77,64.01,0.0
1,1,51.31,train,Mid,Summer,126.52,2958.26,1032.25,64.0,0.0
1,4,25.26,auto,Mid,Summer,802.3,4910.97,2066.94,557.68,186.18
1,3,70.67,bike,Mid,Festival_Peak,930.73,5307.71,3587.99,390.97,0.0
4,5,25.94,bike,Budget,Winter_Picnic,423.71,16866.85,6349.37,2950.74,0.0
3,4,34.0,car,Budget,Summer,648.81,4086.96,5503.87,1557.28,77.16
2,3,39.0,bus,Mid,Summer,380.8,3524.04,4824.4,805.04,0.0
1,3,29.4,bike,Budget,Winter_Picnic,432.17,2976.94,1199.95,505.22,0.0
2,4,31.27,car,Mid,Winter_Picnic,674.9,7065.82,7090.1,337.38,188.64
2,3,62.46,auto,Budget,Winter_Picnic,1402.22,3721.76,3389.89,911.83,148.42
1,3,69.24,auto,Budget,Festival_Peak,1679.95,2549.94,1966.76,493.02,208.43
2,1,98.54,car,Budget,Winter_Picnic,1983.25,1853.9,970.77,77.55,141.93
2,2,30.5,car,Mid,Winter_Picnic,624.5,4043.9,4541.89,728.61,165.0
3,3,28.38,bus,Mid,Festival_Peak,384.37,14457.08,7904.71,1528.77,0.0
3,2,34.44,bike,Budget,Winter_Picnic,245.57,2931.53,2792.77,327.49,0.0
1,1,198.33,bus,Mid,Winter_Picnic,823.88,4187.23,1168.91,117.69,0.0
2,2,58.84,bike,Budget,Festival_Peak,540.63,1998.14,1400.25,328.47,0.0
3,1,77.79,bike,Mid,Summer,441.43,6680.82,2351.14,219.24,0.0
2,1,7.58,car,Budget,Summer,248.46,1284.22,871.78,123.84,161.03
4,2,44.82,bus,Mid,Festival_Peak,395.98,12348.81,8110.29,1584.99,0.0
3,5,24.25,auto,Mid,Winter_Picnic,1300.9,25396.57,20244.57,3344.64,72.41
1,2,46.93,auto,Premium,Festival_Peak,1212.49,7340.02,5299.05,259.96,86.8
1,1,120.66,car,Budget,Monsoon,1123.11,1480.63,339.64,94.88,133.17
3,1,176.25,auto,Mid,Winter_Picnic,3833.41,4627.22,2331.91,408.68,276.75
1,3,56.71,bus,Mid,Monsoon,605.17,5321.84,2099.45,401.38,0.0
3,2,35.83,bus,Premium,Winter_Picnic,188.94,9931.17,8961.01,623.2,0.0
6,4,152.62,bike,Budget,Monsoon,1092.97,10190.44,4113.68,1371.94,0.0
3,3,69.12,car,Budget,Monsoon,992.56,5042.59,4184.54,795.98,117.31
2,4,18.42,bus,Premium,Monsoon,221.65,8568.53,11353.52,976.42,0.0
3,2,49.81,auto,Budget,Winter_Picnic,947.86,3107.31,2342.13,766.73,215.46
2,3,25.75,car,Budget,Summer,481.35,2223.42,1879.41,879.44,143.36
2,2,37.43,bike,Budget,Monsoon,217.64,925.54,1118.58,305.61,0.0
6,5,38.05,car,Mid,Summer,1310.49,48017.16,15036.0,2850.15,112.8
2,3,54.37,bike,Budget,Monsoon,479.42,1682.55,1887.2,382.69,0.0
6,2,35.48,bus,Mid,Festival_Peak,345.7,23451.5,10408.35,871.91,0.0
5,2,29.19,auto,Mid,Summer,629.84,13472.55,9737.55,1298.9,77.14
1,1,52.35,auto,Budget,Summer,931.79,1540.12,369.73,92.93,179.73
1,3,96.42,bus,Budget,Festival_Peak,750.74,2056.08,1503.98,291.72,0.0
1,1,69.7,bike,Budget,Winter_Picnic,531.96,1005.91,250.45,106.38,0.0
1,3,27.42,auto,Mid,Winter_Picnic,735.18,6212.53,3748.89,366.47,183.05
1,2,129.37,auto,Mid,Winter_Picnic,2978.11,3049.0,1816.28,136.24,253.18
3,3,131.95,auto,Mid,Festival_Peak,2625.88,10602.73,6525.25,1522.02,177.62
1,4,17.08,train,Budget,Summer,274.0,1624.43,775.36,177.27,0.0
2,4,11.74,bus,Mid,Festival_Peak,309.29,9576.37,7036.21,1432.5,0.0
4,4,79.75,bike,Mid,Festival_Peak,1013.78,21958.76,18556.11,1183.1,0.0
1,1,92.3,car,Mid,Winter_Picnic,2231.15,4118.57,1331.08,98.54,114.93
4,1,177.23,car,Mid,Winter_Picnic,2813.3,9540.99,3021.39,619.54,268.35
1,3,110.22,train,Budget,Winter_Picnic,751.62,3736.99,1075.05,568.54,0.0
1,2,46.53,auto,Premium,Monsoon,776.12,3534.09,2832.93,91.39,155.37
3,2,44.99,car,Budget,Summer,880.72,2557.27,2240.01,761.51,85.55
3,1,17.83,car,Budget,Festival_Peak,491.29,2183.9,1520.33,442.73,124.38
5,2,25.26,car,Mid,Winter_Picnic,550.2,16070.64,8707.07,491.7,62.4
3,1,43.39,car,Premium,Summer,742.49,9198.93,4199.3,245.14,114.43
4,4,67.09,auto,Mid,Winter_Picnic,2817.38,18995.15,18115.54,2675.59,169.13
1,1,59.91,bus,Budget,Winter_Picnic,302.88,1920.4,411.92,181.91,0.0
1,3,71.4,car,Budget,Monsoon,953.7,1548.3,741.78,194.43,114.44
4,1,29.01,train,Mid,Winter_Picnic,139.15,11909.16,3457.21,201.15,0.0
4,3,53.44,auto,Premium,Winter_Picnic,1192.36,41339.7,26983.37,899.49,92.93
7,2,28.13,car,Budget,Monsoon,526.56,5657.24,2814.98,611.27,52.54
2,4,49.0,train,Mid,Festival_Peak,683.78,5793.2,9330.36,1320.35,0.0
2,4,72.12,car,Budget,Summer,1182.3,3726.26,1951.22,667.4,119.81
4,2,72.74,bus,Mid,Winter_Picnic,787.75,9040.86,9591.7,1211.85,0.0
2,5,222.78,bus,Premium,Monsoon,2982.34,17012.68,18379.3,1381.39,0.0
5,6,19.81,auto,Budget,Winter_Picnic,772.65,10660.48,7619.14,4034.66,50.17
4,4,36.21,car,Budget,Summer,656.93,7112.21,7296.49,1206.63,108.26
2,4,32.2,bike,Mid,Summer,426.51,3940.39,7155.26,1114.56,0.0
4,1,40.91,car,Mid,Festival_Peak,1079.02,9656.9,5702.83,779.43,90.43
4,3,92.96,auto,Mid,Monsoon,1511.77,15570.58,7434.61,1778.73,127.22
1,1,70.61,car,Mid,Winter_Picnic,1402.75,3517.42,705.43,183.21,208.51
5,1,107.22,car,Budget,Winter_Picnic,1858.25,6241.49,1527.89,827.69,131.74
2,6,26.44,car,Mid,Festival_Peak,1254.38,8720.11,15667.73,967.63,131.58
4,2,104.01,auto,Budget,Winter_Picnic,2202.71,4414.73,2604.79,1385.82,203.54
2,3,11.12,train,Premium,Monsoon,119.02,6999.42,6107.15,408.18,0.0
5,4,111.9,bike,Budget,Monsoon,1118.89,8345.3,5159.55,1354.65,0.0
2,4,27.6,bike,Mid,Festival_Peak,532.57,8889.21,9854.71,1158.27,0.0
1,6,32.69,auto,Budget,Festival_Peak,1912.62,4752.37,3087.78,860.64,145.98
5,1,41.27,train,Budget,Summer,210.75,4422.88,1198.15,737.9,0.0
1,1,142.29,train,Budget,Winter_Picnic,228.63,2104.54,560.41,149.94,0.0
2,2,10.35,car,Mid,Winter_Picnic,372.43,3774.46,4842.83,223.41,79.52
6,1,37.96,bus,Mid,Festival_Peak,220.58,18249.15,6170.02,1049.09,0.0
6,1,107.47,auto,Premium,Festival_Peak,3155.39,56848.14,17362.52,819.93,244.91
3,2,29.9,train,Budget,Festival_Peak,368.12,4238.64,2626.79,1274.46,0.0
3,4,24.35,bike,Mid,Festival_Peak,402.79,14641.54,15742.3,2163.79,0.0
2,3,31.3,bike,Mid,Festival_Peak,564.32,5783.95,7918.7,962.07,0.0
1,2,38.88,bike,Budget,Summer,237.63,948.23,641.07,189.2,0.0
2,3,121.44,car,Budget,Festival_Peak,3016.7,4429.49,3207.39,400.69,147.14
3,1,80.14,bus,Mid,Winter_Picnic,308.76,7117.27,3519.47,178.94,0.0
4,1,47.0,auto,Budget,Festival_Peak,1146.75,3921.81,2176.08,712.57,146.15
4,4,223.93,train,Budget,Winter_Picnic,2189.33,9101.16,6130.75,2893.06,0.0
4,3,44.15,car,Mid,Monsoon,667.85,10132.46,8309.68,1014.0,74.14
1,4,19.36,bike,Budget,Winter_Picnic,311.87,2511.01,2290.27,689.08,0.0
2,1,26.72,car,Mid,Winter_Picnic,564.54,3980.53,1777.7,307.25,70.77
1,4,49.76,car,Premium,Summer,767.01,9923.41,6650.64,125.43,161.71
2,3,28.22,bus,Mid,Summer,369.88,6191.47,3554.52,617.07,0.0
2,3,143.38,car,Mid,Winter_Picnic,2650.22,7162.63,4553.17,1094.02,177.17
5,3,87.41,car,Budget,Summer,1211.37,5517.41,3014.94,583.11,220.49
2,4,27.7,auto,Mid,Summer,1083.33,4910.29,4014.58,617.95,193.13
1,3,61.78,car,Budget,Monsoon,764.78,1430.05,1113.84,371.56,99.05
1,3,78.97,train,Mid,Festival_Peak,822.68,6333.58,4132.44,588.68,0.0
4,6,136.35,bike,Premium,Winter_Picnic,1976.88,61012.93,50358.09,3618.54,0.0
3,4,115.05,bus,Mid,Monsoon,873.91,6319.29,7162.84,516.01,0.0
1,2,43.39,car,Mid,Winter_Picnic,907.95,2410.34,1586.48,371.73,66.72
1,3,78.0,auto,Budget,Winter_Picnic,1518.7,2312.37,1653.61,462.21,151.73
3,2,48.09,train,Budget,Monsoon,232.5,1468.48,1089.54,690.13,0.0
1,1,55.72,car,Mid,Summer,712.59,3094.53,805.67,113.95,180.44
4,3,15.08,auto,Budget,Winter_Picnic,507.35,6243.37,5540.78,1546.21,186.15
3,5,11.09,bike,Mid,Winter_Picnic,433.57,24259.33,15089.0,617.42,0.0
1,5,53.24,auto,Budget,Winter_Picnic,1976.82,2571.68,2895.26,421.55,191.6
1,2,22.52,bus,Mid,Summer,134.29,3235.46,1608.12,180.02,0.0
7,2,8.05,car,Budget,Monsoon,196.47,7578.09,3703.21,1707.45,71.26
2,1,67.49,train,Mid,Festival_Peak,199.3,2704.1,2382.05,152.43,0.0
2,6,14.08,auto,Mid,Summer,594.53,7688.6,7187.7,728.12,121.24
4,6,55.22,bike,Mid,Winter_Picnic,976.25,31693.76,18100.09,3321.68,0.0
6,3,40.76,bike,Budget,Monsoon,256.26,8553.48,3018.88,751.66,0.0
7,4,180.46,car,Mid,Summer,3441.04,36276.62,23615.13,2147.65,262.72
4,3,49.11,train,Budget,Summer,247.78,4186.65,2427.56,1573.97,0.0
2,3,14.42,car,Budget,Monsoon,361.66,2551.81,1664.43,223.41,144.87
1,1,47.48,auto,Budget,Summer,843.78,972.28,567.35,142.97,114.15
4,2,96.75,bus,Mid,Monsoon,427.21,9823.76,5843.56,760.45,0.0
3,3,276.73,bus,Budget,Winter_Picnic,3198.34,6267.28,4051.02,455.51,0.0
2,3,33.25,bike,Premium,Winter_Picnic,452.26,10143.92,11356.69,251.0,0.0
5,2,26.15,bus,Mid,Monsoon,216.05,10486.15,6178.27,698.88,0.0
1,5,128.9,auto,Budget,Festival_Peak,6152.19,3209.45,2278.89,296.37,177.71
2,1,19.68,bike,Mid,Monsoon,110.2,2303.61,1139.34,208.96,0.0
1,2,55.61,auto,Mid,Summer,1016.81,2907.75,1888.97,204.33,135.82
2,3,45.84,car,Budget,Winter_Picnic,1014.07,1728.7,1513.8,968.29,164.4
1,3,20.15,car,Mid,Winter_Picnic,480.94,6355.09,2372.92,255.75,60.24
1,3,31.03,auto,Mid,Winter_Picnic,829.71,8375.21,2332.17,500.24,109.75
1,2,32.54,bike,Budget,Monsoon,289.27,1048.83,500.61,162.62,0.0
3,1,57.53,bus,Mid,Festival_Peak,222.1,8064.47,2191.82,457.27,0.0
3,3,153.45,train,Budget,Winter_Picnic,1387.55,6219.94,4122.23,1241.27,0.0
3,3,28.78,bus,Budget,Monsoon,281.97,3011.18,2709.86,548.87,0.0
6,1,96.35,auto,Mid,Summer,1866.98,15956.92,5415.74,189.11,165.77
2,3,26.66,auto,Mid,Festival_Peak,822.64,8927.79,6284.53,737.66,189.79
1,2,58.28,auto,Premium,Winter_Picnic,1041.56,5882.52,3032.29,197.04,209.88
4,3,26.48,bike,Mid,Monsoon,287.05,9461.59,7215.25,836.94,0.0
1,4,137.58,car,Mid,Summer,2122.42,6281.82,3006.63,229.7,280.48
6,1,77.63,car,Mid,Summer,1069.53,12687.3,4845.92,556.67,96.61
1,1,62.58,car,Budget,Winter_Picnic,1098.3,1373.32,530.91,72.78,195.59
6,4,96.95,car,Mid,Festival_Peak,1622.39,26291.86,24397.45,3928.22,113.02
1,3,69.6,auto,Mid,Summer,1076.04,5652.44,1853.75,314.03,148.7
5,3,165.38,auto,Budget,Summer,3474.1,6709.22,5489.55,1014.66,308.74
2,4,79.69,car,Mid,Festival_Peak,1584.85,5473.96,9269.09,1647.07,141.13
7,4,137.66,auto,Budget,Winter_Picnic,5688.3,18267.03,15898.92,1816.97,185.84
1,6,57.34,auto,Mid,Winter_Picnic,2466.9,9304.57,6142.17,589.97,109.59
3,2,28.21,auto,Mid,Summer,430.46,5864.64,3060.65,680.78,94.03
6,2,44.4,auto,Premium,Winter_Picnic,1009.52,34456.0,24760.36,833.48,93.62
2,2,13.22,bike,Budget,Winter_Picnic,100.94,1285.89,1464.71,322.45,0.0
3,1,47.64,bus,Mid,Summer,165.96,5185.12,1505.28,141.25,0.0
3,3,40.47,bus,Budget,Festival_Peak,425.22,5330.84,4526.99,768.94,0.0
2,2,61.13,auto,Mid,Festival_Peak,1651.05,3674.94,4649.01,255.5,117.53
3,5,21.54,bike,Mid,Winter_Picnic,505.44,22696.0,15714.38,1863.4,0.0
3,3,32.74,car,Mid,Winter_Picnic,794.24,10848.24,8236.96,1346.78,99.29
5,3,47.89,auto,Mid,Winter_Picnic,1246.85,21594.89,15710.38,1411.26,99.56
1,2,140.38,auto,Mid,Monsoon,1772.8,2566.35,1323.29,62.91,167.43
1,1,30.5,bike,Budget,Summer,184.25,982.58,251.84,141.37,0.0
6,1,31.85,auto,Budget,Winter_Picnic,780.96,9016.44,2264.85,1051.72,178.3
5,2,68.71,bus,Mid,Winter_Picnic,499.19,9949.72,11327.63,415.46,0.0
2,1,56.69,bus,Mid,Festival_Peak,271.97,4867.63,1834.02,255.98,0.0
3,3,21.85,auto,Budget,Monsoon,422.69,3992.15,2831.0,434.12,99.83
1,4,35.78,auto,Mid,Winter_Picnic,1851.32,9510.99,2973.22,560.24,151.64
1,4,19.63,bike,Budget,Winter_Picnic,339.43,3527.31,1457.82,190.0,0.0
2,3,170.13,bike,Budget,Winter_Picnic,2136.04,2928.38,2356.05,999.05,0.0
2,1,20.59,train,Mid,Festival_Peak,119.48,3576.36,2673.92,393.32,0.0
3,4,35.83,car,Budget,Festival_Peak,880.33,5178.1,6212.49,1624.4,74.29
1,4,14.73,car,Budget,Monsoon,348.63,3039.79,832.19,137.33,165.98
6,1,35.4,bus,Budget,Monsoon,137.12,4288.2,1379.11,578.68,0.0
7,3,77.53,bus,Mid,Monsoon,552.5,21957.42,15046.92,1760.22,0.0
3,2,25.44,bus,Premium,Winter_Picnic,246.89,12464.5,12440.25,308.21,0.0
2,4,23.48,bike,Mid,Summer,303.83,5867.57,5696.32,294.33,0.0
2,6,45.09,bike,Budget,Winter_Picnic,1101.11,4637.42,8089.62,752.21,0.0
4,1,24.03,car,Premium,Summer,494.67,19656.66,6690.13,161.94,163.53
3,4,16.55,auto,Mid,Winter_Picnic,838.76,15025.83,10783.85,1174.76,46.19
1,3,88.45,train,Mid,Winter_Picnic,649.39,8228.17,2721.09,242.05,0.0
5,6,73.2,car,Mid,Winter_Picnic,2563.6,45220.65,31481.38,5957.08,182.65
4,2,128.18,train,Budget,Winter_Picnic,704.22,3304.82,2468.57,592.09,0.0
6,4,97.51,auto,Mid,Monsoon,2645.19,27387.44,10218.28,2282.39,127.36
3,1,59.93,bus,Budget,Summer,256.28,1982.34,688.16,97.72,0.0
3,2,18.31,auto,Budget,Winter_Picnic,441.41,3156.47,2334.98,921.42,189.62
2,1,84.37,train,Mid,Winter_Picnic,362.56,4329.66,1483.11,385.3,0.0
5,6,90.56,bike,Premium,Festival_Peak,2139.88,86910.41,60934.13,3840.96,0.0
4,4,91.18,car,Mid,Festival_Peak,2139.04,21797.17,21002.37,1917.58,252.9
1,4,49.44,bus,Mid,Festival_Peak,677.22,7240.48,4197.49,721.19,0.0
1,5,20.71,car,Budget,Summer,726.73,2114.35,1049.89,575.01,159.25
2,1,98.38,car,Budget,Winter_Picnic,1388.75,1066.72,634.86,265.35,241.2
4,2,77.86,train,Budget,Summer,348.25,2357.99,1988.42,342.21,0.0
7,1,193.38,car,Mid,Summer,2475.8,19417.35,4265.17,733.58,308.11
1,1,20.53,car,Mid,Summer,497.2,3558.37,590.09,135.16,173.99
3,1,22.96,bike,Budget,Monsoon,197.3,1596.68,773.56,163.83,0.0
2,2,27.92,bus,Premium,Summer,188.74,6242.96,6832.16,668.92,0.0
6,2,94.56,car,Budget,Winter_Picnic,1382.64,5595.13,4591.12,1160.57,111.52
4,1,27.75,car,Mid,Festival_Peak,821.64,8798.75,2917.86,537.68,129.78
4,1,9.6,bike,Mid,Summer,141.07,6132.16,2435.03,219.61,0.0
2,1,308.68,car,Budget,Festival_Peak,6006.18,926.27,856.65,290.59,338.17
2,6,23.95,bike,Mid,Summer,493.56,7714.95,9734.36,668.19,0.0
1,4,88.04,bike,Mid,Monsoon,1039.56,5125.53,3747.53,308.78,0.0
1,6,45.24,car,Mid,Winter_Picnic,1863.85,7617.59,5365.15,636.32,188.38
4,2,106.9,bike,Mid,Winter_Picnic,736.44,9054.18,10793.2,1526.74,0.0
4,2,42.96,bike,Budget,Monsoon,170.76,1983.35,1780.83,774.55,0.0
7,4,128.02,car,Mid,Summer,1683.73,30278.94,16786.66,2068.39,232.84
7,2,129.55,bike,Premium,Winter_Picnic,852.37,48765.33,26349.45,2449.73,0.0
3,2,22.31,auto,Budget,Summer,494.02,3643.39,2290.9,909.14,84.36
4,1,16.9,bike,Budget,Winter_Picnic,151.05,5924.57,1796.87,156.1,0.0
6,1,26.78,car,Premium,Winter_Picnic,711.15,37642.68,13638.88,295.0,158.24
4,2,67.48,car,Budget,Monsoon,844.68,2964.1,1687.82,340.26,193.26
1,2,119.12,car,Mid,Festival_Peak,2092.44,3032.09,2336.21,296.85,249.02
2,3,33.4,auto,Mid,Summer,545.27,3949.06,4195.25,771.38,63.15
1,1,58.89,bike,Mid,Winter_Picnic,354.6,3941.95,1018.35,216.57,0.0
6,1,18.13,bike,Budget,Winter_Picnic,235.93,7427.79,2217.5,1337.99,0.0
3,4,85.48,car,Budget,Festival_Peak,1572.0,5381.3,4457.05,753.37,232.66
1,1,165.92,train,Budget,Winter_Picnic,545.86,1033.43,649.39,73.07,0.0
3,2,28.46,auto,Mid,Winter_Picnic,646.62,5130.33,4478.11,706.37,110.82
3,4,42.41,auto,Mid,Summer,1734.82,12074.6,10076.46,484.58,191.08
2,1,11.2,bike,Mid,Winter_Picnic,172.81,4926.0,1803.65,426.26,0.0
1,1,44.77,car,Mid,Winter_Picnic,919.04,3363.02,1006.64,127.44,130.35
3,2,37.11,car,Budget,Summer,646.08,1783.98,1818.42,628.44,209.24
2,2,21.42,car,Budget,Festival_Peak,535.94,1444.52,1120.03,189.93,111.81
4,3,50.35,bus,Mid,Monsoon,313.59,14231.71,9247.52,339.8,0.0
2,4,25.61,car,Mid,Festival_Peak,732.81,7263.71,9327.14,532.26,66.12
4,1,57.13,bike,Budget,Festival_Peak,474.15,3144.77,2035.76,366.4,0.0
3,3,59.31,auto,Budget,Winter_Picnic,1325.12,5282.01,3899.86,769.38,98.8
3,2,18.13,car,Budget,Winter_Picnic,563.53,2417.88,2621.74,393.91,46.19
5,1,82.31,car,Budget,Summer,1177.66,5951.1,1281.61,618.37,187.63
2,3,77.71,car,Mid,Festival_Peak,1669.03,5311.07,7797.69,803.09,136.52
1,2,27.67,car,Premium,Monsoon,448.14,4490.88,2433.27,53.23,170.57
1,2,17.54,car,Premium,Winter_Picnic,469.76,5529.32,3647.14,170.94,60.36
4,1,82.22,bus,Premium,Winter_Picnic,238.53,18104.6,8453.86,281.35,0.0
3,2,156.46,car,Premium,Festival_Peak,2927.2,11659.5,12178.07,892.13,243.45
3,2,34.01,bus,Mid,Winter_Picnic,315.96,5983.87,6342.21,626.72,0.0
1,4,24.03,auto,Budget,Winter_Picnic,1130.67,3696.62,1773.65,669.16,60.35
1,1,27.95,car,Mid,Monsoon,403.63,3014.22,585.99,80.12,75.52
1,2,54.39,train,Budget,Summer,269.46,950.32,503.67,182.62,0.0
2,2,20.15,auto,Budget,Monsoon,336.41,795.69,807.94,183.09,159.66
3,3,31.62,bus,Budget,Festival_Peak,387.78,5398.58,4574.75,770.81,0.0
2,3,71.15,car,Mid,Winter_Picnic,1300.7,6187.77,5302.68,327.52,184.29
2,3,59.78,bike,Budget,Winter_Picnic,682.01,2346.84,1641.52,824.01,0.0
5,4,36.91,car,Budget,Winter_Picnic,714.8,9138.72,6346.68,2919.03,142.33
2,4,46.03,bike,Mid,Winter_Picnic,652.73,7458.0,7286.87,1556.42,0.0
2,2,50.2,train,Premium,Monsoon,159.77,4931.28,5055.38,385.54,0.0
4,2,7.31,bus,Mid,Summer,68.35,7635.35,4899.95,651.05,0.0
2,4,9.91,bike,Premium,Monsoon,170.02,7792.6,11364.78,514.17,0.0
3,6,101.91,bike,Budget,Winter_Picnic,1339.03,7778.58,4518.41,1036.63,0.0
4,4,16.25,car,Budget,Monsoon,422.08,6094.64,3331.63,1481.29,147.22
6,2,66.96,auto,Mid,Winter_Picnic,1345.74,11394.06,10633.95,1605.22,143.37
1,1,133.04,bike,Mid,Winter_Picnic,786.98,2280.76,1205.81,117.41,0.0
5,2,34.06,car,Mid,Winter_Picnic,676.66,9999.3,7481.63,1804.97,147.55
2,3,26.84,auto,Mid,Monsoon,494.46,3302.37,3621.57,445.32,60.75
1,2,47.29,bike,Mid,Summer,266.56,1988.95,1220.63,134.11,0.0
2,2,106.54,bus,Premium,Summer,896.36,6292.42,8661.19,400.43,0.0
7,4,144.01,train,Budget,Winter_Picnic,1600.96,13675.75,8767.87,2005.75,0.0
2,2,68.43,bus,Budget,Monsoon,258.63,1293.4,647.4,328.86,0.0
2,4,11.76,bus,Mid,Festival_Peak,306.13,5295.32,8128.88,769.11,0.0
3,2,73.65,auto,Budget,Winter_Picnic,1462.35,3666.78,1986.71,975.56,105.65
1,2,44.85,auto,Budget,Monsoon,789.54,847.42,405.0,110.4,152.89
1,2,37.24,auto,Budget,Winter_Picnic,877.7,1212.2,850.32,173.04,147.74
1,4,15.4,bus,Budget,Winter_Picnic,300.64,2252.77,1627.88,494.0,0.0
1,1,21.65,train,Budget,Winter_Picnic,89.45,1317.63,487.39,163.72,0.0
1,1,91.16,car,Budget,Monsoon,1156.47,1328.47,431.8,75.64,212.29
1,5,42.43,bus,Mid,Monsoon,440.29,6353.59,3099.58,171.37,0.0
3,1,23.71,car,Mid,Summer,397.75,4067.18,2067.32,91.28,183.73
1,3,41.58,auto,Mid,Summer,664.73,6630.71,1551.7,352.83,168.02
2,3,99.65,car,Mid,Winter_Picnic,1914.62,5085.95,5321.72,288.47,119.46
5,2,72.46,bike,Budget,Winter_Picnic,589.88,4707.05,3736.29,1075.85,0.0
2,3,26.81,bike,Budget,Festival_Peak,552.12,5233.88,3626.46,804.66,0.0
3,1,20.58,car,Budget,Monsoon,397.37,2001.37,666.65,339.66,63.47
1,3,24.93,car,Mid,Monsoon,506.01,3653.08,1804.13,384.77,124.27
1,2,123.92,car,Mid,Winter_Picnic,2475.62,3716.79,1797.79,269.55,172.86
1,3,52.18,car,Budget,Summer,1000.94,3064.06,873.18,342.34,101.58
1,1,39.69,auto,Budget,Summer,719.87,1282.46,445.74,145.23,70.41
1,3,61.28,car,Premium,Winter_Picnic,1401.22,16599.12,6773.59,281.59,220.95
1,1,28.93,car,Mid,Monsoon,462.45,2282.91,819.76,129.59,176.63
1,2,79.93,auto,Mid,Winter_Picnic,1666.31,2379.59,1561.61,224.54,184.27
1,1,51.41,bus,Budget,Summer,95.4,1177.25,409.32,147.82,0.0
2,1,26.07,car,Budget,Winter_Picnic,738.78,1446.92,846.78,314.16,123.53
1,4,27.5,car,Mid,Festival_Peak,663.94,6028.19,4084.55,202.26,86.86
2,2,49.51,bus,Mid,Monsoon,415.4,2636.53,2899.25,437.85,0.0
2,5,133.21,bus,Mid,Festival_Peak,2124.14,12211.99,11647.47,738.87,0.0
3,6,36.34,bus,Mid,Winter_Picnic,591.29,24222.98,17978.28,928.92,0.0
1,3,110.65,auto,Mid,Festival_Peak,2550.13,9276.54,3544.77,147.1,199.96
4,1,74.92,bike,Mid,Summer,507.13,11514.5,2381.99,626.11,0.0
3,2,35.88,auto,Budget,Winter_Picnic,802.44,2592.22,2659.7,946.83,73.8
1,4,8.75,auto,Budget,Summer,502.26,3589.73,1476.65,364.48,53.01
5,2,29.49,train,Premium,Winter_Picnic,232.17,33052.94,24716.15,1574.59,0.0
5,1,80.87,car,Budget,Winter_Picnic,1624.11,4698.09,1993.03,585.57,209.42
1,3,28.78,bike,Mid,Winter_Picnic,337.35,6393.99,3133.62,466.06,0.0
1,4,44.66,bike,Mid,Festival_Peak,673.15,5368.88,5190.22,765.39,0.0
4,4,50.79,bike,Premium,Summer,608.28,27062.18,28790.34,1592.84,0.0
3,1,66.98,car,Budget,Summer,791.59,2421.04,1400.16,275.95,89.03
1,3,19.25,car,Budget,Winter_Picnic,503.36,2558.27,1203.66,410.44,68.54
1,1,29.9,bus,Mid,Winter_Picnic,172.55,3091.32,742.48,56.37,0.0
2,1,42.66,train,Mid,Summer,154.88,2301.53,2302.82,310.8,0.0
2,4,54.86,auto,Mid,Winter_Picnic,2159.49,6922.29,6058.89,514.05,198.96
3,1,89.49,auto,Mid,Festival_Peak,2339.51,8107.88,3501.06,478.59,119.9
2,2,20.08,auto,Budget,Winter_Picnic,548.81,812.53,1036.11,324.47,167.1
2,1,91.13,auto,Mid,Monsoon,1483.54,2900.79,1325.39,252.15,105.06
3,4,75.57,train,Premium,Summer,480.05,24016.58,23875.63,763.93,0.0
1,4,42.48,car,Premium,Festival_Peak,982.53,14648.3,10428.46,234.56,158.07
1,3,66.82,car,Budget,Winter_Picnic,1369.05,2223.56,1274.49,354.19,115.3
3,4,32.06,car,Budget,Festival_Peak,923.62,7053.03,6373.22,1169.15,191.29
5,1,25.61,bike,Mid,Summer,216.97,9611.81,3661.39,213.39,0.0
2,2,56.43,bike,Premium,Winter_Picnic,555.24,6693.71,8517.53,622.93,0.0
2,2,51.76,car,Mid,Winter_Picnic,923.88,3701.46,4073.93,450.86,127.5
1,1,56.62,car,Budget,Summer,778.56,1637.59,471.38,113.42,172.6
2,2,27.54,auto,Budget,Winter_Picnic,665.3,1082.44,2209.06,430.64,115.79
2,5,130.54,car,Mid,Winter_Picnic,4244.4,10762.09,7562.84,1713.46,283.51
1,1,45.2,bus,Budget,Winter_Picnic,260.03,784.27,555.69,149.45,0.0
1,2,17.77,car,Mid,Festival_Peak,609.02,3560.26,2220.73,202.18,130.86
2,1,32.32,car,Mid,Festival_Peak,773.68,3894.59,1444.13,353.69,111.17
1,1,78.21,car,Mid,Festival_Peak,1721.27,4789.93,1155.88,160.83,97.87
2,5,86.14,car,Budget,Festival_Peak,3351.59,4145.96,5119.28,2028.19,157.68
1,2,42.14,bus,Premium,Winter_Picnic,314.34,6284.1,3529.64,162.34,0.0
2,2,108.96,train,Budget,Summer,497.39,1059.14,1006.69,161.13,0.0
1,4,26.55,auto,Budget,Festival_Peak,1303.05,3109.52,1588.95,749.84,198.96
5,1,42.23,car,Premium,Winter_Picnic,1098.5,29951.81,12445.04,681.24,167.78
3,2,123.64,bike,Mid,Summer,675.86,6186.95,6598.17,895.13,0.0
3,2,117.58,auto,Mid,Winter_Picnic,2051.86,5255.19,4537.93,899.46,220.11
4,3,68.88,car,Budget,Monsoon,1012.95,6130.29,3662.85,1386.53,85.57
2,6,97.16,train,Budget,Winter_Picnic,1531.77,4156.28,5543.06,2339.42,0.0
1,4,14.93,auto,Budget,Summer,605.66,1713.01,1119.68,304.33,111.18
2,2,98.35,bike,Budget,Summer,445.81,845.52,1271.19,382.51,0.0
3,4,27.38,auto,Mid,Festival_Peak,1540.94,16339.7,10576.69,635.32,74.8
3,1,18.34,car,Budget,Winter_Picnic,461.5,1937.73,1171.94,303.07,122.6
2,1,27.7,auto,Mid,Winter_Picnic,652.57,3183.8,2146.02,295.75,136.05
1,1,40.61,auto,Budget,Winter_Picnic,821.18,2014.96,480.3,150.97,150.16
1,2,36.92,car,Budget,Festival_Peak,769.35,1260.16,674.09,331.98,164.56
2,2,26.3,bike,Premium,Winter_Picnic,263.39,6397.8,9012.47,723.8,0.0
3,3,24.36,car,Budget,Winter_Picnic,628.34,6226.76,2665.63,517.91,138.43
3,5,37.15,bus,Budget,Festival_Peak,1029.12,10367.22,6476.61,3215.67,0.0
2,2,54.42,auto,Budget,Monsoon,920.16,757.72,917.55,494.47,89.07
7,2,36.34,car,Budget,Festival_Peak,794.8,10440.2,7080.76,2864.11,89.23
3,1,29.41,car,Mid,Summer,428.05,4110.78,2448.18,327.82,108.27
1,1,67.53,car,Budget,Winter_Picnic,1260.36,1729.37,527.0,79.31,170.72
1,3,111.9,car,Mid,Monsoon,1342.32,3263.58,1528.81,302.29,229.93
1,2,83.51,auto,Mid,Winter_Picnic,2026.23,4238.31,2195.34,166.17,167.12
1,4,24.11,bus,Mid,Winter_Picnic,505.6,7618.48,3632.04,563.03,0.0
1,1,70.78,bus,Budget,Festival_Peak,343.72,1739.76,281.36,102.89,0.0
1,1,26.54,auto,Mid,Festival_Peak,659.31,2580.97,956.67,195.9,171.01
1,2,26.94,bike,Budget,Festival_Peak,249.04,1039.21,1056.33,139.18,0.0
1,1,33.19,bike,Mid,Summer,177.56,2595.13,737.39,97.5,0.0
5,1,93.15,bike,Mid,Festival_Peak,787.66,16338.76,3697.69,527.18,0.0
1,3,25.49,car,Budget,Winter_Picnic,519.95,3284.67,996.04,495.56,100.49
2,1,11.14,bike,Mid,Festival_Peak,112.9,4603.76,1782.93,381.8,0.0
2,3,19.32,auto,Premium,Summer,430.34,12964.58,8539.85,546.97,73.34
7,2,104.67,bus,Mid,Winter_Picnic,751.34,25445.59,14823.39,1915.28,0.0
1,1,69.16,auto,Budget,Festival_Peak,1738.38,1379.43,437.29,76.97,107.59
2,2,19.51,bus,Mid,Festival_Peak,159.87,4063.49,2989.83,760.68,0.0
6,4,51.61,car,Premium,Winter_Picnic,947.51,97554.1,64804.84,2022.05,103.4
4,2,45.32,auto,Budget,Winter_Picnic,876.09,5906.8,4619.38,1093.3,190.19
4,4,63.11,car,Mid,Monsoon,713.87,12999.91,10997.8,1181.49,188.08
1,1,17.43,car,Budget,Winter_Picnic,557.52,2358.95,575.57,118.74,106.75
1,4,101.17,auto,Budget,Winter_Picnic,4148.71,2516.43,2217.55,425.59,253.06
3,1,38.05,auto,Mid,Monsoon,686.3,4262.29,1498.03,317.05,109.02
5,3,69.39,car,Mid,Monsoon,887.52,17122.0,10192.23,992.61,105.02
3,3,14.74,train,Mid,Monsoon,149.05,6723.92,6941.86,353.09,0.0
3,5,31.69,car,Premium,Winter_Picnic,1054.24,37667.39,28103.88,1987.85,116.08
1,2,30.46,bike,Budget,Monsoon,245.45,876.8,910.43,133.18,0.0
4,1,47.95,car,Budget,Winter_Picnic,972.54,4473.55,1225.18,474.62,112.25
1,1,25.11,car,Premium,Summer,426.46,4073.02,1928.17,149.28,112.61
2,4,94.6,car,Budget,Winter_Picnic,1599.6,3554.07,2961.23,1043.95,137.02
2,2,24.83,car,Mid,Winter_Picnic,563.57,3865.01,4772.51,749.61,53.81
2,4,63.73,car,Mid,Winter_Picnic,1139.69,8129.57,6053.51,774.94,152.89
1,1,95.08,bus,Budget,Winter_Picnic,247.11,1322.62,340.71,170.94,0.0
1,2,50.67,car,Budget,Winter_Picnic,980.0,1027.89,756.52,85.46,76.4
3,1,76.81,car,Mid,Summer,1599.07,4506.41,2250.28,483.29,106.57
1,6,58.41,bike,Mid,Festival_Peak,1127.49,7741.85,6969.66,775.91,0.0
3,3,39.64,bus,Mid,Summer,460.25,11904.63,7534.95,1314.98,0.0
1,5,90.1,train,Mid,Summer,708.02,7646.67,3003.42,667.83,0.0
2,2,36.89,bike,Mid,Winter_Picnic,221.66,3976.82,3680.69,581.15,0.0
2,3,58.72,car,Budget,Summer,749.38,2696.98,1282.01,478.48,78.44
1,3,70.86,auto,Budget,Festival_Peak,2054.59,3136.55,1353.54,381.61,169.6
2,2,40.75,bus,Budget,Summer,295.14,1789.63,1519.74,469.22,0.0
1,4,37.23,car,Budget,Winter_Picnic,747.67,1797.96,1454.12,454.59,157.92
1,5,39.6,bike,Budget,Monsoon,693.72,4732.47,1274.82,503.61,0.0
7,4,85.11,bus,Budget,Summer,1349.64,17323.08,8407.24,3853.13,0.0
2,3,124.67,bike,Budget,Summer,1275.9,2401.53,2536.93,999.48,0.0
4,2,49.46,bus,Budget,Festival_Peak,263.63,2991.58,2402.27,1184.37,0.0
1,2,60.79,car,Mid,Festival_Peak,1359.73,4042.87,2096.01,415.39,113.49
3,6,121.21,auto,Mid,Winter_Picnic,4912.54,25213.28,18861.91,3920.55,143.46
4,1,13.43,bike,Budget,Festival_Peak,118.02,5158.86,2565.77,426.13,0.0
3,3,34.08,bike,Premium,Winter_Picnic,450.13,25017.18,15828.94,513.31,0.0
2,3,65.69,car,Budget,Festival_Peak,1840.69,4450.14,4758.33,933.81,132.86
2,3,87.64,car,Mid,Festival_Peak,1850.83,9275.45,5233.22,1102.46,114.97
2,6,102.14,bike,Budget,Monsoon,1525.73,2206.32,3635.02,1116.09,0.0
5,2,39.11,bike,Premium,Winter_Picnic,422.47,25106.04,17649.42,786.34,0.0
4,2,13.51,bike,Budget,Winter_Picnic,107.54,3303.58,3562.2,986.61,0.0
6,1,36.35,car,Mid,Monsoon,537.26,7683.44,4211.58,296.58,140.25
1,2,20.2,car,Budget,Summer,450.02,769.79,454.31,95.29,192.63
3,2,34.86,bike,Mid,Festival_Peak,331.94,6072.52,6932.64,868.52,0.0
5,2,86.98,car,Budget,Festival_Peak,1696.77,5869.08,5178.67,1007.77,238.24
1,4,17.78,bike,Budget,Winter_Picnic,333.27,1820.03,1505.58,305.65,0.0
1,5,98.38,train,Mid,Festival_Peak,1489.03,8953.8,5822.52,812.25,0.0
3,1,44.83,train,Budget,Festival_Peak,159.63,3048.57,1285.15,553.44,0.0
3,2,48.56,car,Premium,Monsoon,636.46,7017.12,6138.78,455.68,191.64
4,5,28.55,train,Budget,Summer,429.44,8288.07,4992.92,1913.11,0.0
1,1,39.94,bus,Mid,Monsoon,102.93,1743.67,835.89,69.24,0.0
4,1,13.32,bus,Mid,Monsoon,122.15,7677.9,2481.73,262.83,0.0
1,1,155.34,car,Budget,Summer,2015.64,1122.47,246.2,119.52,227.03
1,3,81.6,auto,Budget,Winter_Picnic,1627.49,3296.17,1233.69,119.02,227.33
1,1,35.47,auto,Mid,Festival_Peak,1238.04,4977.1,1164.45,176.82,145.28
4,6,31.35,auto,Mid,Festival_Peak,1970.37,43832.45,29378.06,4031.81,195.82
3,2,136.34,car,Premium,Winter_Picnic,2577.55,11271.73,11286.51,943.88,253.14
2,2,39.67,bike,Budget,Festival_Peak,389.88,1769.32,2217.07,509.07,0.0
2,1,27.82,auto,Mid,Winter_Picnic,606.81,2617.85,1363.49,142.67,141.96
5,2,54.36,car,Budget,Festival_Peak,1109.89,6028.87,5167.74,1874.61,88.56
2,3,148.25,auto,Budget,Winter_Picnic,3041.58,3282.75,3347.99,557.6,203.25
4,4,5.54,car,Mid,Summer,170.75,15296.83,11274.36,1384.36,133.78
2,4,23.47,train,Budget,Festival_Peak,447.12,2127.16,5247.48,1174.68,0.0
2,3,143.21,car,Budget,Summer,1689.43,3020.14,1527.44,875.86,157.23
2,5,13.63,car,Budget,Winter_Picnic,761.21,4796.7,3100.87,591.56,154.72
2,4,11.07,car,Mid,Summer,247.81,4042.27,4121.35,1065.74,100.8
3,4,60.04,car,Premium,Winter_Picnic,1164.85,27608.28,22576.26,1715.49,130.04
2,1,107.75,bike,Mid,Festival_Peak,688.17,3669.06,2061.2,378.18,0.0
1,1,39.48,bus,Mid,Monsoon,120.31,2178.49,705.03,54.13,0.0
5,1,253.42,auto,Mid,Festival_Peak,7655.4,19697.14,6145.05,1270.21,275.13
2,3,72.01,bike,Mid,Monsoon,560.92,4224.07,4622.2,673.18,0.0
2,2,14.6,bus,Budget,Summer,119.72,703.11,1339.23,306.67,0.0
5,2,227.94,bike,Budget,Monsoon,935.89,2481.41,1826.74,1023.1,0.0
3,4,47.24,auto,Budget,Winter_Picnic,1935.52,3681.02,5364.35,961.7,107.35
1,4,27.15,bike,Mid,Monsoon,346.97,5483.86,2854.26,208.46,0.0
5,5,43.86,bike,Mid,Winter_Picnic,942.91,29979.53,21993.66,2917.7,0.0
3,2,31.17,bike,Budget,Summer,167.39,2533.27,2125.4,867.19,0.0
2,3,24.44,bike,Budget,Monsoon,342.84,2305.61,1614.87,594.5,0.0
1,2,9.5,car,Premium,Winter_Picnic,325.77,6893.47,4574.08,201.95,131.08
4,1,37.26,bus,Mid,Summer,173.32,7760.49,2882.07,598.92,0.0
3,1,91.45,auto,Mid,Summer,1658.03,4555.55,2657.63,482.09,114.39
2,2,63.06,bus,Budget,Summer,323.13,1167.43,1022.8,172.18,0.0
5,2,330.25,auto,Budget,Winter_Picnic,7148.52,5906.4,2559.97,1866.64,345.55
4,4,31.72,auto,Budget,Winter_Picnic,1302.93,9158.67,4043.48,2200.98,129.4
1,1,38.32,bike,Budget,Monsoon,283.02,1370.45,589.12,78.2,0.0
2,3,15.77,car,Budget,Summer,355.26,2071.58,1334.25,604.21,158.83
1,2,32.48,car,Mid,Summer,588.93,2005.74,1138.09,169.45,157.21
3,2,39.06,car,Budget,Summer,695.23,2524.81,2200.19,313.87,77.7
1,2,93.53,bus,Budget,Festival_Peak,487.76,1596.26,1321.16,351.78,0.0
3,2,115.58,car,Budget,Winter_Picnic,2425.82,3286.87,1851.46,325.74,170.65
4,3,183.84,car,Mid,Winter_Picnic,3818.99,25285.14,16210.54,2168.6,248.17
5,2,32.11,train,Mid,Summer,281.87,15345.7,9697.69,1429.08,0.0
2,1,120.62,auto,Mid,Winter_Picnic,2463.53,2529.32,2368.18,106.4,268.97
4,1,26.51,auto,Budget,Festival_Peak,637.59,4159.13,2050.71,648.59,78.86
1,2,25.71,car,Budget,Winter_Picnic,548.36,1375.52,880.99,147.64,53.26
4,5,103.59,car,Budget,Winter_Picnic,4081.92,12330.18,9013.26,4280.61,152.29
1,2,54.0,bike,Budget,Winter_Picnic,339.48,1111.99,747.85,305.12,0.0
2,3,21.53,auto,Premium,Winter_Picnic,526.31,12506.86,9016.21,671.03,55.82
4,3,46.16,car,Premium,Summer,587.9,30057.33,14395.16,736.77,77.07
1,5,29.54,car,Mid,Winter_Picnic,1143.42,10554.42,3725.3,357.38,88.54
1,4,75.82,bike,Premium,Summer,1235.34,9746.73,6690.88,550.43,0.0
3,3,52.09,train,Mid,Winter_Picnic,314.71,12621.8,10232.15,1382.66,0.0
3,3,217.09,bus,Budget,Festival_Peak,1954.77,7259.89,4062.1,613.41,0.0
3,4,19.84,car,Premium,Festival_Peak,507.29,29218.79,24491.25,1659.61,115.69
3,2,32.04,car,Budget,Winter_Picnic,695.84,2997.18,1944.89,1036.74,142.39
2,2,42.45,bus,Mid,Monsoon,324.75,2270.89,2841.13,293.82,0.0
1,1,50.39,bike,Budget,Monsoon,253.96,890.37,423.0,109.97,0.0
2,4,40.84,auto,Budget,Winter_Picnic,2034.77,2228.45,3055.52,826.04,181.25
1,4,74.64,car,Mid,Festival_Peak,2066.49,6969.95,6301.44,994.87,148.58
5,1,113.85,bus,Budget,Winter_Picnic,538.26,5903.53,2007.25,851.33,0.0
3,3,132.44,bike,Budget,Monsoon,983.01,4211.15,2792.81,1062.57,0.0
2,2,82.81,train,Budget,Festival_Peak,312.67,1289.11,1702.87,397.78,0.0
2,1,100.59,car,Budget,Festival_Peak,1976.22,1915.75,712.14,162.01,204.83
6,6,41.39,auto,Premium,Summer,1164.29,60126.37,53960.09,2334.89,190.83
1,1,88.72,auto,Mid,Winter_Picnic,1624.25,3361.91,899.43,90.79,158.94
3,1,31.62,bike,Mid,Winter_Picnic,217.84,5151.55,2277.57,498.0,0.0
2,3,28.17,bus,Budget,Winter_Picnic,335.8,2651.46,1543.16,459.6,0.0
3,3,27.44,train,Mid,Festival_Peak,396.96,13869.32,9536.46,1875.11,0.0
1,1,43.63,car,Budget,Monsoon,587.13,1073.26,448.9,57.4,153.08
5,3,31.6,train,Budget,Winter_Picnic,370.86,10174.77,4724.6,2577.66,0.0
5,2,170.21,bus,Budget,Winter_Picnic,1385.96,4728.02,2470.55,1367.06,0.0
3,1,34.79,car,Premium,Festival_Peak,995.55,17471.75,8716.51,454.49,89.93
3,1,17.94,car,Budget,Festival_Peak,541.22,2762.66,1014.27,460.61,192.24
5,3,57.28,car,Budget,Festival_Peak,1238.79,8036.28,4392.97,869.14,152.65
3,2,23.34,car,Mid,Winter_Picnic,508.66,6215.24,6066.41,1048.45,103.4
1,5,14.27,bike,Budget,Festival_Peak,538.78,6435.82,2650.82,263.76,0.0
3,4,18.76,car,Mid,Summer,424.07,9925.53,9562.12,1537.16,51.46
3,6,46.61,bike,Mid,Summer,620.9,18290.54,10778.54,1604.11,0.0
2,2,41.75,bus,Budget,Summer,285.47,1024.48,1030.23,279.65,0.0
3,6,93.15,bus,Budget,Festival_Peak,2248.94,10515.63,7805.01,3122.18,0.0
5,2,80.3,auto,Budget,Festival_Peak,2011.2,5423.89,5078.17,1596.24,232.9
5,2,42.51,auto,Mid,Summer,877.14,7448.91,8012.09,524.7,81.44
2,1,43.0,car,Premium,Monsoon,525.91,3734.7,2426.52,85.52,71.01
1,1,32.79,car,Budget,Festival_Peak,735.91,1137.01,279.14,111.9,71.36
7,3,74.19,auto,Budget,Winter_Picnic,1383.22,13699.71,5372.09,3358.63,204.25
4,2,23.97,car,Budget,Festival_Peak,644.37,3864.76,2457.86,776.75,186.82
1,1,10.62,auto,Mid,Summer,290.06,3469.47,823.19,144.09,87.19
5,3,91.98,bike,Mid,Monsoon,739.89,13801.52,6429.7,569.64,0.0
4,2,53.32,bike,Budget,Winter_Picnic,323.71,4477.41,3608.79,898.66,0.0
2,3,25.25,bike,Mid,Monsoon,236.89,4153.52,3710.56,247.68,0.0
3,2,29.01,bus,Mid,Summer,271.23,6640.15,4811.8,821.24,0.0
2,4,135.51,train,Premium,Monsoon,1039.05,8565.69,9512.48,708.65,0.0
1,4,100.6,car,Budget,Summer,1735.62,1898.76,1172.91,502.89,170.28
2,2,67.73,car,Budget,Monsoon,828.4,1370.1,1008.36,431.73,217.32
4,2,47.35,bike,Budget,Festival_Peak,426.5,4537.19,5324.64,1614.52,0.0
1,2,53.08,car,Mid,Summer,974.77,3248.02,1281.57,316.22,98.59
2,4,185.01,bike,Mid,Summer,1797.59,4062.1,5653.83,277.62,0.0
2,2,160.83,car,Mid,Festival_Peak,2487.08,2898.35,4704.55,705.73,169.15
2,1,25.79,train,Budget,Winter_Picnic,105.73,1683.12,1084.29,291.25,0.0
5,1,95.83,bike,Budget,Winter_Picnic,652.79,5116.08,1333.7,392.35,0.0
2,2,24.4,bus,Budget,Winter_Picnic,135.64,1913.43,2391.94,715.96,0.0
2,2,26.54,bike,Mid,Festival_Peak,318.15,2860.59,4107.62,242.73,0.0
3,4,71.15,auto,Budget,Festival_Peak,4157.12,10583.67,6302.15,1785.96,230.08
2,1,41.59,bike,Budget,Winter_Picnic,231.83,1573.2,632.47,145.1,0.0
1,2,133.86,auto,Mid,Festival_Peak,3056.62,3621.1,1711.17,401.6,198.32
2,4,27.1,bike,Budget,Winter_Picnic,503.75,3002.55,1956.35,1027.4,0.0
1,4,40.49,auto,Mid,Summer,1339.05,5599.24,2519.07,356.53,186.54
1,2,137.74,car,Budget,Festival_Peak,3089.85,1832.54,1712.84,272.46,262.98
2,2,112.88,auto,Mid,Winter_Picnic,2645.23,4170.95,3612.95,747.49,176.2
2,2,12.96,car,Mid,Festival_Peak,544.49,4349.11,4982.38,266.94,133.2
5,5,43.35,train,Premium,Monsoon,321.87,45922.66,32010.42,2449.7,0.0
2,1,53.34,car,Mid,Summer,966.1,1806.23,1878.69,295.6,96.07
3,5,27.41,bike,Premium,Festival_Peak,621.92,39150.8,32703.46,1464.88,0.0
3,3,176.14,auto,Premium,Summer,2400.67,20122.59,13628.07,873.44,309.4
1,2,132.98,bus,Mid,Festival_Peak,844.04,3733.85,2117.47,165.12,0.0
3,1,33.05,car,Premium,Festival_Peak,999.45,19232.73,9426.96,223.37,179.67
1,2,16.69,car,Budget,Festival_Peak,482.53,1211.75,750.4,124.1,73.0
6,2,23.22,bike,Budget,Winter_Picnic,253.36,7736.46,4623.51,1396.69,0.0
1,1,115.39,car,Budget,Winter_Picnic,2298.87,1565.8,425.46,66.48,147.05
2,3,22.82,auto,Mid,Festival_Peak,843.71,8716.86,6378.76,575.3,186.87
1,6,46.18,train,Mid,Winter_Picnic,863.14,9551.27,5366.24,977.27,0.0
7,3,39.16,bus,Mid,Winter_Picnic,486.63,48271.95,20951.55,1116.4,0.0
2,3,57.94,bike,Budget,Festival_Peak,921.1,2602.22,2675.33,563.15,0.0
3,1,18.43,car,Budget,Winter_Picnic,454.87,3671.12,828.43,474.5,163.42
1,2,29.49,auto,Budget,Festival_Peak,830.91,1247.92,984.46,289.55,198.04
3,1,145.09,car,Mid,Monsoon,1881.65,3003.1,2029.65,85.32,282.69
1,3,113.68,bus,Budget,Monsoon,929.75,1959.19,712.23,310.03,0.0
5,5,84.88,car,Premium,Winter_Picnic,2404.62,67799.51,51593.63,1221.2,187.7
1,3,23.14,auto,Budget,Summer,573.93,2452.57,1089.19,258.53,126.45
1,1,32.45,auto,Budget,Winter_Picnic,1009.67,1465.12,350.44,176.17,168.61
1,2,51.06,bus,Mid,Monsoon,209.11,2392.27,1204.02,117.02,0.0
2,3,30.69,car,Mid,Festival_Peak,808.73,10031.42,7291.44,1168.8,168.07
3,2,119.79,car,Budget,Summer,1382.91,2489.02,1892.68,667.26,128.31
1,4,53.32,auto,Mid,Summer,1589.22,5676.03,2904.54,283.67,184.99
4,4,25.34,auto,Budget,Summer,877.92,5685.98,5554.04,2318.24,166.59
2,3,123.3,train,Premium,Winter_Picnic,545.01,11399.67,11255.17,626.11,0.0
2,2,166.07,car,Mid,Monsoon,1642.81,2163.8,2519.3,160.5,163.15
2,2,24.76,car,Budget,Monsoon,400.82,1356.31,1244.79,274.16,106.25
2,1,53.06,car,Mid,Winter_Picnic,1004.0,3630.1,1550.23,363.83,75.52
3,2,21.37,bus,Budget,Monsoon,140.83,2024.89,2832.51,827.99,0.0
1,2,36.01,auto,Mid,Summer,663.05,2501.1,1768.44,286.29,127.59
1,3,17.86,bike,Premium,Winter_Picnic,384.36,13652.83,5722.49,464.77,0.0
4,3,62.05,car,Premium,Monsoon,707.06,25441.46,15411.42,673.42,144.53
6,1,151.12,car,Budget,Summer,2369.97,5197.37,2193.19,703.05,159.75
2,2,42.19,car,Budget,Monsoon,629.5,499.82,1282.46,270.18,204.81
1,1,19.23,bus,Budget,Summer,159.86,1592.52,433.84,127.37,0.0
3,1,53.81,auto,Mid,Winter_Picnic,1208.79,5006.29,3112.15,335.4,160.17
2,4,27.91,bike,Mid,Monsoon,310.99,3153.04,6228.09,503.16,0.0
1,1,104.17,train,Mid,Festival_Peak,243.74,4225.98,989.67,201.97,0.0
1,2,32.44,car,Premium,Festival_Peak,731.88,8267.49,4859.96,198.16,59.01
3,1,15.8,car,Budget,Monsoon,291.17,1783.53,691.92,233.18,133.23
3,4,21.99,car,Budget,Festival_Peak,720.5,7140.06,6237.43,2186.49,130.2
1,3,85.31,car,Budget,Summer,1641.3,2092.67,1047.32,117.32,199.18
1,1,29.99,auto,Budget,Monsoon,506.52,755.69,224.17,33.11,67.25
1,2,79.05,bus,Budget,Monsoon,401.24,791.33,457.3,92.42,0.0
3,3,26.69,bus,Mid,Summer,257.57,12735.93,8216.66,1005.17,0.0
1,5,29.78,car,Budget,Winter_Picnic,1654.02,4050.86,1887.17,743.07,58.05
1,1,51.91,car,Budget,Summer,747.56,1294.07,335.14,74.19,189.27
4,4,135.16,bike,Mid,Festival_Peak,1344.37,21775.48,21017.18,2483.14,0.0
1,5,139.26,bike,Budget,Winter_Picnic,1735.28,3430.31,1617.19,745.91,0.0
3,5,33.26,auto,Mid,Summer,1171.67,11926.5,10619.86,2165.64,171.68
1,3,41.04,auto,Budget,Winter_Picnic,865.97,3715.27,1186.1,311.64,210.47
1,3,15.96,train,Mid,Festival_Peak,250.43,7070.93,4175.35,403.0,0.0
1,2,43.02,bus,Premium,Monsoon,321.05,4238.8,2654.81,218.39,0.0
3,4,47.12,car,Budget,Summer,808.19,3269.28,4314.88,568.36,177.17
4,2,110.65,car,Mid,Winter_Picnic,1864.38,10691.92,6002.66,1021.05,148.53
4,3,140.91,bike,Mid,Winter_Picnic,2240.94,18150.07,16166.42,776.19,0.0
2,2,41.15,train,Mid,Winter_Picnic,293.17,2739.17,4263.89,545.26,0.0
3,3,50.05,auto,Budget,Summer,1017.77,6090.58,1941.11,274.44,186.45
1,4,108.96,bike,Budget,Winter_Picnic,1131.76,4555.7,1495.26,534.04,0.0
1,1,93.32,car,Mid,Winter_Picnic,1475.44,3154.24,933.52,58.79,210.82
5,4,18.76,bus,Premium,Winter_Picnic,384.2,45204.2,34958.25,2607.73,0.0
1,2,38.98,bus,Budget,Monsoon,175.21,1291.75,750.64,218.07,0.0
1,4,30.48,bike,Budget,Winter_Picnic,413.26,3256.83,1345.12,417.03,0.0
1,2,17.21,bus,Budget,Summer,187.44,671.49,736.72,142.1,0.0
1,2,22.48,auto,Budget,Winter_Picnic,500.81,1641.23,1005.93,118.95,87.22
1,5,9.71,bike,Budget,Festival_Peak,450.25,6454.03,3040.49,485.6,0.0
3,2,62.57,bus,Budget,Winter_Picnic,447.19,3097.01,1885.05,1077.82,0.0
2,4,37.05,bus,Budget,Monsoon,359.07,2711.55,3031.27,894.86,0.0
5,2,15.25,car,Budget,Summer,364.05,6008.6,3095.2,418.87,155.53
4,2,33.72,car,Premium,Festival_Peak,774.28,19705.24,13923.9,910.31,130.03
2,2,77.86,bus,Budget,Winter_Picnic,418.34,1084.47,1554.78,274.96,0.0
1,3,94.19,bus,Budget,Winter_Picnic,993.0,2245.25,713.26,118.7,0.0
2,2,35.3,bus,Budget,Summer,273.41,1117.09,1025.09,341.07,0.0
3,1,35.77,car,Premium,Winter_Picnic,780.41,12510.43,5625.39,518.81,173.57
1,2,194.62,train,Mid,Winter_Picnic,876.37,3156.41,1308.75,333.12,0.0
3,1,17.01,train,Mid,Festival_Peak,154.45,8860.12,4208.32,454.93,0.0
2,6,28.04,bike,Budget,Winter_Picnic,654.59,4408.96,3120.56,1950.88,0.0
3,6,29.56,bus,Mid,Winter_Picnic,614.33,24264.62,17991.92,2646.76,0.0
2,2,32.3,car,Budget,Winter_Picnic,658.52,1039.94,1605.38,480.95,64.77
1,3,28.92,auto,Budget,Summer,641.58,2456.67,1172.14,335.37,168.63
6,2,118.02,car,Mid,Festival_Peak,3114.68,27923.92,16813.56,1568.59,192.99
4,3,48.58,bike,Mid,Winter_Picnic,952.67,18094.49,9129.83,1158.29,0.0
1,4,37.57,car,Mid,Festival_Peak,880.75,5963.05,4748.5,718.24,73.35
4,5,133.15,bus,Premium,Winter_Picnic,1372.71,45100.17,35061.41,1646.37,0.0
2,2,24.63,auto,Premium,Monsoon,451.11,4749.75,6847.85,550.68,155.37
5,4,27.72,car,Budget,Winter_Picnic,581.12,7225.03,6271.11,1185.89,81.45
4,2,54.83,train,Budget,Monsoon,227.97,2510.67,2475.65,499.14,0.0
2,6,58.66,car,Budget,Summer,2234.97,4511.99,6476.46,593.93,116.38
1,1,8.65,auto,Premium,Summer,178.07,4565.6,1789.12,146.61,158.44
1,3,37.12,car,Budget,Winter_Picnic,867.54,3215.51,1177.09,532.12,116.43
2,3,72.12,car,Mid,Winter_Picnic,1308.08,7725.95,4574.25,537.52,223.19
3,3,75.59,car,Budget,Monsoon,876.07,2290.04,1929.11,804.65,110.23
1,1,68.61,bus,Budget,Winter_Picnic,210.7,1792.99,388.77,174.46,0.0
1,5,38.86,car,Budget,Summer,1635.22,2756.37,2230.49,404.33,197.85
4,1,11.48,bus,Budget,Festival_Peak,129.46,5291.06,2109.19,870.89,0.0
7,3,34.62,car,Premium,Winter_Picnic,756.55,67787.83,43301.94,3151.54,83.75
2,1,11.26,auto,Budget,Winter_Picnic,285.73,1225.59,764.15,160.5,62.34
1,2,143.79,car,Budget,Summer,2738.45,1432.62,747.26,348.93,209.95
1,2,36.18,car,Budget,Winter_Picnic,807.4,1815.66,901.42,253.45,115.2
1,2,31.63,car,Budget,Winter_Picnic,615.34,1368.69,683.35,366.93,162.47
5,1,83.96,bike,Budget,Festival_Peak,675.7,5754.02,2161.19,885.23,0.0
1,1,53.5,bike,Budget,Monsoon,389.0,1088.6,363.84,106.21,0.0
3,2,36.68,auto,Premium,Summer,704.09,11091.66,10153.29,283.24,111.04
1,4,98.97,auto,Budget,Winter_Picnic,4353.95,3880.06,2396.52,422.34,193.95
3,4,96.91,car,Budget,Monsoon,1508.03,6256.77,4249.97,1492.58,154.15
3,1,55.55,bike,Mid,Summer,414.22,5081.1,3027.14,265.45,0.0
4,2,20.39,bus,Budget,Festival_Peak,252.49,5135.33,3031.87,937.96,0.0
1,1,48.38,auto,Budget,Summer,932.19,1679.03,379.37,138.84,150.52
1,1,74.91,auto,Mid,Festival_Peak,1805.39,3876.63,967.55,47.92,228.86
1,3,18.22,car,Budget,Monsoon,416.18,1591.43,658.5,191.6,115.58
5,3,22.08,auto,Mid,Winter_Picnic,413.96,18147.65,13121.63,2017.45,180.3
5,1,111.59,bus,Mid,Winter_Picnic,380.92,13913.53,3801.55,736.27,0.0
3,1,14.72,bike,Mid,Winter_Picnic,203.12,7049.13,1861.27,331.92,0.0
3,1,78.13,car,Premium,Festival_Peak,1581.23,15930.51,6479.12,338.54,207.12
3,4,47.35,bus,Budget,Monsoon,531.14,6262.89,2473.94,381.13,0.0
1,6,39.38,car,Budget,Festival_Peak,1856.78,4564.43,3165.2,539.4,192.19
5,1,10.35,auto,Budget,Winter_Picnic,337.37,9280.07,2368.64,460.35,100.69
2,1,85.34,car,Budget,Summer,1090.75,985.13,673.56,74.81,156.01
2,4,32.06,car,Mid,Festival_Peak,734.82,5835.51,6990.69,1607.21,89.31
2,5,54.85,train,Mid,Summer,726.56,9028.47,10835.6,1354.27,0.0
1,2,71.03,bus,Mid,Festival_Peak,572.57,4678.35,1460.09,203.8,0.0
1,1,72.91,auto,Mid,Summer,1049.83,2151.65,646.41,50.46,187.23
3,1,150.22,train,Budget,Festival_Peak,522.45,2397.03,1288.65,578.79,0.0
1,3,50.87,bike,Mid,Winter_Picnic,624.98,4744.5,2272.03,144.86,0.0
3,2,39.38,bike,Mid,Monsoon,188.25,4930.79,3710.5,463.39,0.0
1,1,152.96,bus,Mid,Winter_Picnic,425.9,2369.26,804.81,68.42,0.0
2,3,62.24,bike,Budget,Monsoon,671.51,1766.93,2444.21,362.74,0.0
1,1,30.77,bike,Mid,Summer,237.5,3181.94,951.43,158.22,0.0
2,4,22.39,auto,Budget,Monsoon,788.37,2285.34,3771.64,250.31,68.12
3,2,102.5,car,Mid,Monsoon,966.37,4285.4,2676.45,529.64,231.47
1,1,27.43,car,Mid,Summer,556.02,2475.37,888.6,156.66,186.96
3,3,68.6,car,Budget,Winter_Picnic,1408.77,9194.02,4149.08,528.09,95.02
2,2,36.36,auto,Mid,Winter_Picnic,701.05,3087.96,4565.62,370.96,69.53
3,6,16.31,car,Premium,Winter_Picnic,791.73,41471.1,33729.92,2799.53,89.22
5,2,65.94,train,Budget,Summer,245.31,6018.95,4460.73,400.23,0.0
3,2,26.96,bus,Premium,Winter_Picnic,266.26,13454.55,12606.09,1065.24,0.0
1,3,30.21,auto,Mid,Winter_Picnic,880.53,8577.93,3726.59,294.97,99.18
1,2,49.46,train,Mid,Summer,240.93,3313.91,1305.22,134.96,0.0
1,5,34.5,car,Mid,Festival_Peak,2247.2,14561.45,5273.08,1149.91,85.33
3,2,76.85,bike,Mid,Winter_Picnic,326.89,6503.88,3742.46,848.93,0.0
1,2,100.8,bike,Mid,Winter_Picnic,741.99,3451.92,1646.95,371.67,0.0
2,1,90.39,bike,Budget,Summer,589.03,1879.97,563.79,348.51,0.0
3,2,19.47,car,Budget,Monsoon,380.48,1638.59,1421.53,454.83,47.38
2,4,21.79,bike,Mid,Festival_Peak,501.42,8239.38,5873.11,1736.38,0.0
4,4,51.68,car,Premium,Festival_Peak,978.54,39207.55,32609.76,2100.49,138.42
1,1,134.12,bike,Premium,Monsoon,596.15,3308.68,1457.62,114.85,0.0
1,1,104.27,train,Mid,Summer,198.59,2817.73,900.08,50.13,0.0
3,4,105.59,auto,Mid,Winter_Picnic,4064.68,9098.41,8951.87,982.9,186.08
2,5,32.42,train,Budget,Winter_Picnic,528.27,4684.13,5278.75,697.67,0.0
3,1,36.75,train,Premium,Festival_Peak,219.76,17378.27,6402.79,622.02,0.0
2,2,39.5,bike,Budget,Monsoon,185.09,1246.03,1112.7,263.73,0.0
1,2,13.37,car,Mid,Summer,256.48,3309.25,1661.14,286.46,177.07
4,4,22.74,bike,Mid,Monsoon,248.29,12919.96,9634.46,707.19,0.0
4,1,146.11,train,Mid,Summer,263.97,6075.94,3675.18,575.55,0.0
3,1,23.89,car,Budget,Monsoon,421.45,1656.88,765.53,382.09,89.16
1,4,26.77,bike,Premium,Festival_Peak,445.42,14408.54,7072.21,510.65,0.0
3,1,25.29,bike,Mid,Winter_Picnic,172.61,4989.44,3397.4,133.39,0.0
2,2,126.21,auto,Premium,Festival_Peak,3431.56,6588.56,10461.48,568.91,211.2
1,2,61.16,train,Budget,Monsoon,253.91,758.49,567.63,145.67,0.0
5,2,72.44,car,Mid,Summer,1112.27,10194.22,5080.69,1291.61,221.37
1,2,133.09,bus,Mid,Summer,865.83,2438.22,1669.27,346.32,0.0
6,2,32.03,auto,Mid,Summer,704.71,15215.72,8694.78,1133.55,85.11
2,1,53.06,bike,Premium,Festival_Peak,481.84,7370.95,4185.39,387.88,0.0
1,3,14.25,train,Budget,Summer,223.55,2098.18,1287.18,337.28,0.0
2,4,20.96,bike,Budget,Summer,243.92,1884.36,1959.79,323.21,0.0
5,4,88.59,train,Mid,Monsoon,701.31,13599.7,13740.85,1121.16,0.0
3,1,82.65,auto,Budget,Monsoon,1524.55,3014.5,1415.2,441.72,164.92
4,1,33.96,bike,Premium,Winter_Picnic,302.75,20772.84,7608.49,718.94,0.0
3,2,43.59,car,Budget,Summer,594.68,3161.25,2229.01,720.68,172.42
3,2,39.96,train,Mid,Winter_Picnic,336.17,6934.56,4561.35,863.6,0.0
4,2,17.89,train,Budget,Winter_Picnic,133.74,4258.41,5532.58,905.57,0.0
1,3,32.68,bike,Mid,Monsoon,305.39,4416.48,1484.07,210.84,0.0
2,1,30.7,bike,Budget,Monsoon,153.64,1002.38,617.55,208.99,0.0
1,1,35.7,car,Budget,Winter_Picnic,1007.97,1767.71,358.31,95.9,118.98
7,2,93.35,car,Budget,Winter_Picnic,1642.4,11180.44,8014.89,2604.22,226.11
6,3,38.32,car,Budget,Summer,592.14,9258.85,4515.36,2522.13,62.64
1,1,21.22,bike,Premium,Monsoon,135.59,4834.03,1528.5,37.85,0.0
3,3,46.64,train,Budget,Monsoon,301.95,3479.33,1492.09,338.69,0.0
5,2,95.61,car,Mid,Summer,1259.09,9971.46,8124.3,767.58,183.19
1,4,17.57,bus,Premium,Monsoon,329.81,13216.85,7393.44,133.52,0.0
3,4,13.48,car,Mid,Summer,398.7,10281.66,6086.02,636.38,77.78
5,2,26.85,car,Premium,Summer,608.82,19265.7,16886.67,640.01,177.82
1,1,72.17,train,Premium,Monsoon,129.92,3982.57,1065.62,59.61,0.0
3,2,44.54,car,Mid,Monsoon,745.37,5679.07,3050.46,258.99,143.78
1,1,81.94,bus,Mid,Festival_Peak,381.62,3679.43,886.37,199.23,0.0
5,3,167.58,train,Budget,Winter_Picnic,780.92,9053.32,5635.95,773.01,0.0
6,4,75.97,car,Budget,Festival_Peak,1657.88,20833.85,14623.77,5680.02,155.03
6,3,61.38,car,Mid,Summer,873.76,20127.05,12624.56,2595.22,205.69
2,4,38.64,bike,Mid,Winter_Picnic,642.92,6188.87,8026.16,528.41,0.0
4,2,25.08,bike,Mid,Summer,230.43,6239.48,5577.36,1054.45,0.0
4,1,209.85,auto,Mid,Winter_Picnic,4800.75,7556.22,3952.08,284.37,303.76
2,3,39.84,bike,Budget,Monsoon,409.12,3326.93,2758.51,853.75,0.0
4,2,25.88,auto,Premium,Monsoon,478.58,15210.53,13560.71,1017.72,76.58
1,3,54.55,auto,Mid,Festival_Peak,1341.45,9450.0,2162.41,476.83,145.14
3,2,39.75,auto,Budget,Winter_Picnic,873.08,2970.78,2391.56,790.4,69.3
1,1,62.22,car,Mid,Festival_Peak,1513.97,4173.01,855.46,74.42,208.54
1,6,62.67,bike,Budget,Summer,1264.57,2773.67,2197.75,567.96,0.0
1,1,44.74,bike,Mid,Summer,297.35,3086.57,1093.53,119.28,0.0
3,6,93.28,car,Mid,Summer,3001.8,12935.48,17266.64,2269.93,250.16
2,6,36.73,car,Budget,Winter_Picnic,1462.46,3604.38,3844.7,1849.23,134.56
3,4,37.62,car,Mid,Winter_Picnic,815.04,12674.62,9004.72,1623.67,158.4
1,3,50.97,car,Mid,Festival_Peak,1111.44,7502.53,3492.94,336.82,170.93
2,3,56.02,bus,Budget,Monsoon,484.67,1647.51,1362.2,200.57,0.0
2,4,92.39,car,Budget,Winter_Picnic,2041.69,4486.65,4335.27,491.57,166.02
4,2,30.41,car,Premium,Summer,576.43,19610.88,9639.98,553.21,96.66
2,2,56.23,train,Budget,Monsoon,261.22,955.26,1474.29,524.32,0.0
3,3,23.51,bus,Mid,Winter_Picnic,308.37,9264.5,8971.45,1284.83,0.0
5,2,141.68,car,Budget,Winter_Picnic,2277.98,5938.41,6878.77,1619.66,152.9
3,2,39.12,car,Mid,Monsoon,521.2,4217.56,3607.15,732.75,201.73
1,2,68.48,bike,Premium,Summer,397.59,3989.33,3689.83,105.46,0.0
1,3,5.94,car,Budget,Summer,270.7,1774.33,1392.25,240.21,74.89
5,4,30.48,train,Mid,Summer,473.17,23912.25,16786.17,1131.07,0.0
1,1,54.75,car,Mid,Summer,766.91,3119.02,682.54,112.66,85.62
5,5,115.96,train,Mid,Monsoon,1066.4,39347.41,12717.7,3003.69,0.0
2,3,47.92,car,Mid,Monsoon,577.78,5667.96,4202.15,532.16,179.93
5,4,142.66,train,Mid,Festival_Peak,1456.99,23336.0,17372.41,2845.2,0.0
4,3,42.95,car,Mid,Festival_Peak,1129.12,26216.9,10478.04,2660.96,111.63
7,4,45.84,bike,Mid,Winter_Picnic,570.28,48162.24,17623.03,4544.68,0.0
2,1,20.28,car,Mid,Festival_Peak,603.29,4151.5,2446.02,396.91,114.41
4,4,86.98,auto,Budget,Winter_Picnic,3806.8,5369.31,6980.6,1733.23,113.74
2,1,33.27,bike,Premium,Monsoon,263.72,5661.32,3754.59,260.77,0.0
2,4,118.98,bus,Budget,Monsoon,1161.27,2147.77,1786.43,685.62,0.0
3,6,120.11,auto,Budget,Festival_Peak,5723.41,8823.24,9237.58,1154.63,162.92
5,2,139.32,bus,Budget,Winter_Picnic,560.75,4719.73,5653.35,1219.8,0.0
7,1,38.81,auto,Budget,Festival_Peak,1053.69,12972.88,2497.33,1055.45,167.62
4,4,67.53,bike,Budget,Festival_Peak,941.23,8999.35,4611.9,1536.19,0.0
2,2,77.43,train,Budget,Summer,273.09,899.59,800.55,523.81,0.0
2,4,14.28,auto,Budget,Monsoon,647.41,3210.75,2558.56,533.99,81.29
3,1,59.42,car,Mid,Monsoon,780.64,2986.79,2125.18,202.51,211.97
1,1,20.19,car,Budget,Monsoon,420.16,1766.29,392.13,81.23,143.23
1,6,51.02,car,Budget,Monsoon,1496.44,2669.27,1958.89,202.38,100.22
2,3,22.64,train,Budget,Summer,260.85,2082.68,2273.74,246.44,0.0
1,4,31.97,car,Budget,Monsoon,477.45,1184.38,1160.65,219.24,128.71
1,2,44.17,car,Budget,Monsoon,625.27,721.46,742.62,193.54,122.33
1,3,46.64,bus,Mid,Summer,424.98,6195.76,2913.32,417.62,0.0
1,3,61.63,bike,Premium,Summer,881.64,11154.76,4486.64,134.51,0.0
1,3,14.55,car,Premium,Winter_Picnic,359.19,12658.28,5582.29,138.48,58.64
7,3,56.18,train,Premium,Summer,413.69,64816.79,30317.06,2728.22,0.0
2,3,19.56,car,Budget,Winter_Picnic,485.87,2992.13,2291.68,538.67,168.29
2,2,47.45,bus,Budget,Festival_Peak,291.44,1537.49,2603.63,245.63,0.0
3,2,59.49,car,Budget,Monsoon,759.75,1260.66,1297.24,311.94,91.49
1,4,42.75,bus,Mid,Monsoon,499.95,6564.53,3376.07,259.05,0.0
6,1,84.89,train,Budget,Festival_Peak,333.8,6822.0,1733.4,1075.34,0.0
4,3,35.17,auto,Mid,Winter_Picnic,868.4,29083.69,12744.22,1429.1,90.86
1,1,81.33,bike,Budget,Winter_Picnic,553.71,1376.79,429.95,180.39,0.0
2,3,43.63,car,Budget,Summer,648.88,2435.03,2061.37,419.17,79.06
5,3,44.73,car,Premium,Festival_Peak,859.42,58248.59,32634.07,2534.02,159.39
6,1,52.64,auto,Mid,Festival_Peak,1419.93,14668.12,5262.63,1223.11,126.11
2,1,18.08,bike,Mid,Winter_Picnic,169.3,2331.41,1781.5,192.2,0.0
3,1,67.08,auto,Mid,Monsoon,1006.27,3624.7,2327.46,348.47,113.5
1,3,56.71,train,Premium,Festival_Peak,544.25,22609.12,6232.06,320.33,0.0
7,4,36.83,car,Mid,Winter_Picnic,820.52,37633.66,31468.09,3967.84,198.48
1,1,13.58,car,Premium,Winter_Picnic,395.5,6780.79,1821.17,112.86,120.05
6,3,13.72,bike,Budget,Monsoon,203.3,7705.77,3909.41,624.7,0.0
3,2,123.74,auto,Mid,Winter_Picnic,2678.59,5383.04,6396.43,983.13,200.27
3,2,65.04,bike,Mid,Monsoon,283.0,3567.37,4679.56,286.45,0.0
2,5,28.06,bike,Budget,Summer,414.74,3145.2,3452.2,1281.41,0.0
1,2,41.41,train,Premium,Winter_Picnic,297.7,6905.41,4473.02,121.44,0.0
1,2,53.05,train,Premium,Summer,246.58,4732.37,3070.94,175.04,0.0
1,1,98.02,bike,Mid,Winter_Picnic,642.79,3989.19,711.44,136.23,0.0
1,1,21.43,bike,Budget,Winter_Picnic,162.92,1096.47,452.75,140.0,0.0
4,2,21.97,auto,Mid,Monsoon,357.37,5693.95,5860.8,963.12,125.26
2,1,107.59,car,Mid,Winter_Picnic,2078.31,2612.1,1790.25,128.76,149.58
1,3,24.86,auto,Mid,Festival_Peak,599.73,9454.44,3544.47,490.32,197.17
6,2,27.47,auto,Budget,Monsoon,532.34,4831.72,5638.45,375.22,96.7
5,2,168.39,auto,Mid,Winter_Picnic,3042.22,12502.36,10003.95,1655.84,191.36
5,1,54.52,bus,Budget,Summer,211.07,4731.21,2169.61,806.3,0.0
7,2,32.71,car,Mid,Winter_Picnic,752.02,24239.36,15870.1,2249.53,126.57
1,3,12.57,car,Budget,Summer,329.34,2412.7,837.22,262.01,52.28
2,6,11.51,auto,Mid,Summer,476.84,6103.06,9700.24,600.5,53.97
4,1,27.87,train,Mid,Monsoon,126.7,4638.78,3198.84,287.26,0.0
3,4,107.36,train,Budget,Festival_Peak,764.46,5215.59,5286.65,777.8,0.0
1,3,32.55,bike,Budget,Winter_Picnic,531.37,2794.91,1260.79,241.32,0.0
4,3,67.59,auto,Budget,Winter_Picnic,1284.48,7490.59,5205.93,1693.13,152.65
1,2,118.42,car,Budget,Summer,2015.06,1833.87,1042.99,268.92,192.87
1,1,42.68,bike,Budget,Winter_Picnic,376.96,1437.9,430.31,41.35,0.0
2,1,24.4,car,Premium,Summer,490.01,6587.45,2959.19,355.36,139.65
3,3,39.64,car,Mid,Summer,794.5,13730.32,7593.36,1439.0,207.17
3,2,115.84,car,Premium,Winter_Picnic,2119.18,16613.34,13581.05,561.74,175.04
1,5,80.47,auto,Premium,Summer,3635.95,23623.11,10018.15,386.75,189.94
5,2,20.32,car,Budget,Monsoon,371.78,3070.9,2195.39,1247.0,189.37
1,1,59.96,train,Budget,Winter_Picnic,168.41,1109.53,658.15,87.57,0.0
1,3,58.26,auto,Budget,Festival_Peak,1612.27,3353.9,1673.19,521.81,115.27
5,2,112.52,car,Mid,Monsoon,1365.37,11662.85,8124.88,1238.96,126.88
6,2,15.87,bike,Mid,Monsoon,105.77,10851.45,8140.66,582.8,0.0
4,3,57.18,bike,Budget,Summer,621.3,6671.44,3717.07,1243.33,0.0
4,5,114.58,car,Budget,Festival_Peak,5174.1,18898.72,7094.46,1319.6,262.46
3,4,30.2,bike,Mid,Festival_Peak,479.39,17502.29,10437.75,2574.62,0.0
3,3,51.02,bike,Mid,Winter_Picnic,753.16,12423.98,9005.69,411.77,0.0
1,3,18.15,bike,Premium,Festival_Peak,357.93,11544.37,7140.23,582.53,0.0
2,5,36.6,car,Budget,Summer,1302.95,4429.77,3031.22,390.83,158.68
2,2,34.67,car,Premium,Festival_Peak,819.66,7410.5,9646.23,465.43,116.23
1,1,149.26,auto,Budget,Summer,2207.58,1198.52,517.8,87.44,152.03
3,2,39.82,car,Mid,Summer,757.48,4403.83,6573.31,688.5,141.81
2,1,37.45,bike,Premium,Winter_Picnic,267.42,8297.96,2991.57,130.17,0.0
1,3,67.55,car,Premium,Summer,998.93,11118.09,3698.81,157.98,207.77
1,3,22.17,car,Budget,Winter_Picnic,491.41,2045.09,1159.55,155.98,152.61
3,3,35.78,car,Budget,Summer,628.19,6194.12,4021.13,572.31,96.61
1,1,65.66,train,Mid,Winter_Picnic,204.3,2492.68,1025.17,40.32,0.0
4,3,98.12,train,Budget,Summer,374.76,6083.16,3704.39,903.39,0.0
2,2,62.27,bike,Mid,Monsoon,312.97,1714.75,2856.83,475.3,0.0
2,3,66.1,bus,Premium,Festival_Peak,546.87,11884.39,12169.49,1189.0,0.0
3,3,22.14,bike,Budget,Festival_Peak,619.05,4966.34,5545.5,718.97,0.0
4,2,136.8,train,Mid,Festival_Peak,620.48,11057.33,7016.5,1708.13,0.0
2,1,20.79,auto,Budget,Winter_Picnic,507.29,1073.7,993.82,275.49,70.36
3,1,90.55,auto,Premium,Winter_Picnic,1725.74,11477.54,5387.89,524.0,108.93
3,4,26.8,bike,Premium,Winter_Picnic,493.95,27083.94,27015.16,1782.83,0.0
1,5,139.54,bike,Mid,Monsoon,1786.7,7756.97,4159.96,702.26,0.0
5,3,77.87,car,Budget,Monsoon,880.11,6970.05,3912.86,877.58,114.62
4,1,83.75,train,Mid,Summer,195.27,7596.65,2869.69,134.14,0.0
3,2,26.51,car,Mid,Festival_Peak,793.22,7226.53,4434.44,591.9,85.63
4,3,48.5,car,Budget,Monsoon,754.93,7502.07,5501.75,1302.45,83.97
4,4,56.11,bus,Premium,Festival_Peak,796.27,39206.68,38259.68,1905.67,0.0
3,1,88.9,auto,Premium,Winter_Picnic,2100.66,13980.75,5243.64,453.87,214.12
4,1,14.74,bike,Mid,Winter_Picnic,136.08,11481.62,4335.19,897.56,0.0
3,3,158.2,bike,Mid,Monsoon,1731.28,10126.82,6448.34,661.95,0.0
3,2,105.48,auto,Budget,Summer,1774.04,2459.27,1542.27,864.73,234.61
3,2,35.1,auto,Mid,Festival_Peak,963.77,11085.48,6266.44,1028.46,119.69
4,1,91.2,bike,Budget,Summer,361.52,2242.57,1248.73,152.4,0.0
1,2,42.45,bike,Budget,Summer,302.36,1338.58,673.01,108.07,0.0
5,4,37.51,bike,Budget,Monsoon,365.37,7003.05,6070.64,1278.7,0.0
5,5,40.02,train,Budget,Monsoon,372.2,9264.47,5445.27,1677.4,0.0
1,3,60.82,bike,Budget,Summer,605.76,2077.4,832.93,214.29,0.0
4,2,74.97,car,Mid,Winter_Picnic,1526.67,10739.4,5134.81,1049.16,220.36
1,1,41.14,car,Mid,Winter_Picnic,813.71,3061.38,1031.8,60.26,209.8
2,2,59.13,car,Mid,Winter_Picnic,1323.04,3676.79,3971.22,690.34,209.47
3,2,66.91,bike,Budget,Monsoon,398.35,1779.06,2337.83,545.49,0.0
1,3,79.19,auto,Budget,Festival_Peak,1844.02,3629.86,1315.02,466.59,229.62
4,2,9.91,bike,Mid,Winter_Picnic,95.49,8369.28,9740.36,1199.25,0.0
4,1,101.76,auto,Mid,Monsoon,1410.67,5152.54,2389.69,253.48,123.12
2,1,39.47,bike,Premium,Summer,216.43,5473.0,2762.98,193.71,0.0
1,2,28.66,car,Budget,Monsoon,488.24,1034.15,321.22,248.67,153.91
1,1,26.61,car,Mid,Winter_Picnic,471.3,3108.13,1064.64,129.39,120.71
3,1,45.07,car,Budget,Winter_Picnic,859.99,3048.38,1242.94,179.41,147.84
7,6,105.85,car,Mid,Festival_Peak,4043.86,47148.19,30412.95,7122.55,210.73
3,2,36.65,auto,Mid,Summer,715.02,5182.81,3557.38,345.63,95.02
1,2,72.18,bus,Premium,Winter_Picnic,492.75,7149.38,4536.76,143.12,0.0
3,4,13.27,auto,Premium,Monsoon,602.85,20502.16,14722.09,935.62,93.37
2,6,35.38,car,Budget,Summer,1196.57,4403.3,5459.61,1371.52,86.37
4,3,235.8,bus,Mid,Winter_Picnic,2355.07,13450.83,8982.35,649.16,0.0
1,4,79.77,car,Mid,Monsoon,987.84,5004.77,2693.87,336.02,152.86
4,2,28.17,auto,Mid,Winter_Picnic,725.68,14597.0,6045.2,818.24,199.23
2,2,50.87,car,Budget,Winter_Picnic,1110.77,1264.77,1492.62,546.25,120.82
6,2,30.56,bike,Mid,Festival_Peak,321.15,24527.12,14706.95,1781.4,0.0
2,3,38.12,bike,Premium,Summer,296.93,8925.29,9923.48,247.34,0.0
3,3,80.91,bike,Budget,Festival_Peak,1314.06,5798.97,3304.17,1777.79,0.0
5,2,78.89,bike,Budget,Festival_Peak,649.44,10594.85,5313.27,2243.72,0.0
1,1,29.45,car,Budget,Festival_Peak,927.34,1972.01,833.25,178.52,144.98
5,3,129.82,bus,Mid,Winter_Picnic,1355.61,18193.34,15090.09,2168.32,0.0
3,1,62.39,auto,Budget,Festival_Peak,1278.26,3753.6,1153.34,550.36,192.77
1,3,44.0,train,Premium,Winter_Picnic,324.37,13959.3,6290.66,306.41,0.0
2,3,39.78,train,Mid,Monsoon,381.73,5373.68,5620.91,597.58,0.0
3,3,49.53,train,Mid,Winter_Picnic,386.48,10104.94,7873.91,1583.01,0.0
1,4,54.54,bus,Mid,Winter_Picnic,809.4,6173.23,4513.4,535.48,0.0
3,4,41.01,auto,Budget,Festival_Peak,2077.31,5772.58,4404.84,2170.15,127.61
2,2,37.01,bike,Premium,Winter_Picnic,225.09,6944.34,6084.89,274.55,0.0
3,3,31.51,car,Mid,Summer,540.25,12791.32,6441.9,614.22,151.9
1,3,84.92,car,Premium,Winter_Picnic,1409.87,12766.41,5700.24,386.5,160.2
5,1,58.7,bus,Mid,Festival_Peak,260.47,14576.93,6544.67,770.07,0.0
6,1,25.67,train,Mid,Monsoon,68.44,10829.92,3587.02,710.09,0.0
6,2,85.64,car,Budget,Summer,1114.11,6176.1,5495.64,794.25,151.52
3,2,130.3,auto,Mid,Winter_Picnic,2496.21,7929.42,6096.03,984.34,217.24
1,3,142.13,bike,Mid,Monsoon,1280.88,4797.37,2277.68,173.12,0.0
4,4,36.15,bike,Mid,Monsoon,396.63,14264.29,6810.79,1197.49,0.0
1,1,15.0,car,Mid,Summer,337.91,2871.02,902.19,105.28,133.71
1,1,43.99,car,Budget,Festival_Peak,951.59,1274.0,462.33,74.53,132.67
2,6,16.81,bus,Premium,Monsoon,310.69,12399.0,20334.24,494.99,0.0
2,1,130.5,car,Premium,Summer,1540.68,5149.1,3109.58,224.81,282.28
4,2,18.23,train,Budget,Winter_Picnic,101.41,3282.62,4510.79,962.92,0.0
3,3,33.88,car,Premium,Festival_Peak,759.09,26128.15,19719.32,1265.47,137.01
2,2,31.83,bus,Budget,Festival_Peak,265.97,1277.49,1723.69,488.39,0.0
1,1,27.31,bike,Mid,Summer,219.37,1947.2,667.85,121.92,0.0
7,1,88.83,bus,Budget,Festival_Peak,501.35,6213.31,2094.4,1297.15,0.0
2,1,51.94,car,Premium,Monsoon,746.14,4685.62,2501.48,131.79,107.25
2,3,20.05,bike,Budget,Winter_Picnic,403.79,3192.79,2722.16,485.25,0.0
1,2,21.36,bike,Mid,Winter_Picnic,206.3,3025.33,1636.14,162.02,0.0
4,1,48.43,train,Budget,Summer,129.84,2503.47,1573.81,331.89,0.0
3,3,30.31,bike,Budget,Winter_Picnic,495.13,5664.17,3423.09,1269.09,0.0
1,4,63.25,car,Mid,Monsoon,1061.6,4029.59,3782.31,133.64,203.83
1,1,54.99,auto,Budget,Festival_Peak,1385.66,1227.35,458.1,46.26,193.45
3,2,67.74,car,Mid,Summer,956.47,4763.0,5046.74,1074.2,171.19
3,3,140.75,bus,Premium,Winter_Picnic,1673.02,29949.59,22291.23,1623.18,0.0
1,2,116.32,auto,Mid,Monsoon,1919.37,1940.61,1568.59,219.6,135.91
6,2,149.99,car,Mid,Summer,2140.82,8966.76,9728.78,1378.31,298.73
1,3,32.13,train,Budget,Festival_Peak,326.69,4357.06,1960.53,383.13,0.0
2,4,30.65,bus,Budget,Winter_Picnic,341.12,2985.38,3493.95,312.08,0.0
6,4,26.4,bus,Mid,Festival_Peak,465.89,29199.56,24344.34,1422.17,0.0
2,3,106.83,car,Budget,Summer,1527.36,3116.1,1519.8,274.64,204.53
3,3,176.9,auto,Premium,Monsoon,3007.81,18376.32,11025.07,747.0,316.12
2,2,107.39,car,Budget,Winter_Picnic,2322.39,1307.81,1501.29,599.84,167.13
1,3,26.05,car,Premium,Winter_Picnic,679.73,11432.02,6176.39,525.6,80.76
7,2,141.43,bike,Budget,Monsoon,657.09,4672.18,5333.05,434.93,0.0
2,1,35.01,auto,Mid,Winter_Picnic,712.0,3704.13,2348.77,349.91,170.25
5,3,15.67,bike,Budget,Summer,257.35,8297.57,5375.73,504.71,0.0
1,3,37.9,car,Budget,Monsoon,605.78,1440.27,770.65,280.95,198.24
1,2,24.33,bus,Mid,Summer,220.98,2481.7,1348.76,140.13,0.0
1,5,49.8,bike,Budget,Winter_Picnic,1009.74,4305.65,2326.49,1055.15,0.0
3,1,39.59,car,Mid,Winter_Picnic,852.17,5290.84,1969.97,409.75,90.42
2,2,45.47,train,Mid,Winter_Picnic,251.8,2383.92,4561.92,477.16,0.0
4,1,63.2,auto,Budget,Winter_Picnic,1306.32,4794.07,2718.04,570.96,163.47
2,4,103.05,car,Premium,Monsoon,1537.22,11129.99,14652.01,711.06,250.38
6,3,70.43,train,Mid,Festival_Peak,662.23,34931.47,15694.74,2176.46,0.0
1,2,36.11,train,Mid,Festival_Peak,257.51,4122.64,2021.11,299.18,0.0
4,3,92.95,auto,Mid,Winter_Picnic,2297.82,25444.5,9070.64,1823.06,106.23
4,2,115.48,bike,Mid,Monsoon,510.77,6648.28,5395.68,267.41,0.0
4,4,20.25,bike,Budget,Winter_Picnic,434.21,6445.63,8500.6,1428.95,0.0
4,2,45.52,car,Budget,Winter_Picnic,904.58,5652.33,3482.35,536.21,93.6
4,2,25.4,car,Mid,Festival_Peak,701.43,13053.58,11246.53,586.23,146.94
3,5,26.51,car,Budget,Festival_Peak,1361.01,10407.78,5556.34,2997.3,93.09
1,2,57.89,auto,Budget,Festival_Peak,1235.2,1336.79,758.14,218.64,161.28
1,1,110.12,bike,Mid,Monsoon,459.62,3537.76,1000.07,57.66,0.0
5,3,32.68,car,Mid,Festival_Peak,752.56,27941.55,23527.09,2426.19,160.42
3,6,80.71,car,Budget,Winter_Picnic,2562.81,7510.5,10200.09,1980.96,181.59
4,2,105.38,car,Budget,Festival_Peak,2573.15,8113.8,4262.45,1853.87,170.53
2,1,120.64,car,Budget,Summer,1977.65,1170.94,572.33,251.01,211.17
1,2,19.68,auto,Budget,Summer,390.05,1206.65,1026.88,267.44,82.86
1,2,118.49,auto,Budget,Winter_Picnic,2584.84,1069.05,1096.65,116.43,161.68
3,1,41.1,auto,Budget,Monsoon,680.98,1818.51,640.69,117.48,124.37
2,3,41.4,auto,Premium,Summer,730.8,11292.5,7153.57,748.64,91.72
1,6,19.09,bike,Mid,Festival_Peak,568.52,16867.54,5172.96,563.22,0.0
2,2,17.05,auto,Budget,Monsoon,299.84,1045.93,865.87,105.66,186.92
1,2,79.81,bike,Budget,Monsoon,253.53,691.22,735.14,140.94,0.0
3,2,33.13,bike,Mid,Monsoon,203.97,5279.88,4415.53,484.38,0.0
1,1,31.96,car,Budget,Summer,688.1,1175.73,268.46,98.3,146.98
4,4,28.11,auto,Mid,Festival_Peak,1320.32,27875.09,14048.6,2622.38,68.3
2,2,68.27,car,Premium,Monsoon,848.76,4397.42,5209.61,232.73,190.89
2,2,23.86,car,Mid,Monsoon,428.21,2378.44,2176.97,112.58,81.7
1,3,95.23,car,Budget,Festival_Peak,1842.19,2877.09,893.87,404.21,190.48
1,2,9.55,train,Mid,Festival_Peak,154.41,3105.82,1439.67,344.3,0.0
2,3,23.99,bike,Premium,Monsoon,254.98,7752.79,7288.84,371.78,0.0
2,1,34.93,car,Mid,Winter_Picnic,919.97,3876.34,2149.29,380.73,65.51
3,4,41.05,train,Mid,Winter_Picnic,569.13,13904.16,13474.03,1748.19,0.0
1,5,33.76,bus,Budget,Winter_Picnic,583.86,3715.36,1880.45,607.83,0.0
3,3,30.09,bike,Budget,Winter_Picnic,534.48,6147.05,3515.6,1247.89,0.0
4,5,163.13,auto,Mid,Festival_Peak,6749.86,32675.1,17356.14,2841.77,250.29
4,1,70.76,bike,Premium,Monsoon,261.86,16866.32,6231.42,187.42,0.0
1,2,7.84,car,Mid,Summer,267.98,3240.27,1485.93,258.46,103.11
2,3,48.75,car,Mid,Summer,844.51,7770.08,5033.71,660.21,107.3
1,3,108.18,auto,Budget,Summer,1582.09,1528.06,879.74,104.65,123.02
1,2,33.62,car,Budget,Festival_Peak,840.15,986.57,1125.54,205.37,157.1
7,2,26.07,car,Mid,Winter_Picnic,748.84,16425.27,12628.32,1113.73,156.25
1,1,76.13,car,Budget,Monsoon,981.03,1175.83,295.38,69.25,113.65
2,2,55.52,bus,Mid,Summer,322.25,2983.77,2482.44,296.38,0.0
3,1,51.2,bus,Budget,Summer,202.94,2200.06,1387.59,219.77,0.0
3,3,14.97,bike,Mid,Festival_Peak,278.52,16513.09,6587.18,1797.22,0.0
3,1,30.32,car,Mid,Winter_Picnic,699.67,9860.18,3104.99,192.05,142.26
1,1,65.42,auto,Mid,Winter_Picnic,1209.79,3700.28,971.15,67.22,207.28
2,3,17.66,car,Budget,Winter_Picnic,574.97,4745.77,2712.15,885.25,139.92
2,3,38.72,train,Mid,Winter_Picnic,376.18,5611.76,4549.59,1200.35,0.0
1,4,48.98,bus,Premium,Winter_Picnic,582.59,13757.93,10036.78,809.99,0.0
2,3,21.98,car,Mid,Summer,481.38,4898.74,5146.44,412.09,66.83
1,2,150.79,auto,Budget,Festival_Peak,4021.0,2218.25,1180.69,507.26,150.63
1,4,91.04,auto,Budget,Winter_Picnic,3581.96,1683.34,1066.3,687.56,186.15
2,2,73.11,car,Budget,Winter_Picnic,1347.64,783.65,2220.51,749.87,113.15
1,1,8.8,bike,Budget,Festival_Peak,207.3,1759.77,445.99,94.34,0.0
3,3,16.38,car,Mid,Festival_Peak,503.25,11899.59,7864.55,1941.93,98.5
3,5,49.09,bike,Mid,Festival_Peak,1045.69,17393.51,15315.13,765.36,0.0
4,2,22.56,auto,Budget,Festival_Peak,583.3,4076.71,2971.35,1050.04,80.63
1,2,196.86,auto,Budget,Monsoon,2561.03,742.68,578.2,176.54,334.8
1,1,30.25,train,Budget,Winter_Picnic,124.41,1718.4,670.9,60.93,0.0
1,1,42.26,car,Premium,Winter_Picnic,1075.32,6097.28,1854.42,48.48,173.1
3,2,26.28,auto,Mid,Summer,480.09,4044.51,3697.08,323.3,143.54
3,3,67.81,bike,Mid,Festival_Peak,1096.61,17469.38,12561.14,2013.32,0.0
1,1,29.44,car,Budget,Winter_Picnic,657.46,2106.54,338.69,122.4,106.84
5,5,46.73,auto,Mid,Winter_Picnic,2427.75,45169.41,29971.86,1987.71,161.97
1,4,22.01,car,Budget,Festival_Peak,604.26,2006.61,1790.15,359.41,108.86
2,3,123.38,bus,Budget,Summer,723.96,1810.72,3242.04,245.32,0.0
3,4,12.04,car,Mid,Winter_Picnic,406.19,9054.3,8971.27,1616.7,184.76
5,1,129.75,car,Mid,Winter_Picnic,2331.92,12759.15,3723.58,714.39,189.51
3,2,103.7,car,Budget,Summer,1680.41,2289.02,1906.75,485.9,193.21
4,3,25.61,train,Budget,Monsoon,195.48,5076.89,2552.5,1011.67,0.0
2,4,93.24,train,Budget,Festival_Peak,1140.01,4431.62,2817.44,1409.02,0.0
4,4,12.62,car,Budget,Winter_Picnic,332.03,6674.73,6079.08,983.38,90.05
1,2,177.85,auto,Mid,Festival_Peak,4008.22,3019.33,2435.92,318.97,217.21
5,5,44.28,car,Premium,Winter_Picnic,1874.02,82426.93,37589.07,4480.48,181.48
2,1,40.33,bike,Budget,Summer,281.15,1071.09,785.07,287.21,0.0
4,4,26.34,car,Budget,Summer,420.05,8964.2,5724.64,1075.47,175.63
2,6,22.28,car,Budget,Summer,961.09,2682.1,5088.29,1619.29,186.3
3,1,220.04,bike,Mid,Festival_Peak,1727.67,7361.32,2757.12,159.28,0.0
2,3,16.36,bike,Budget,Monsoon,214.27,2103.09,1663.4,494.5,0.0
3,1,57.35,car,Mid,Festival_Peak,1361.38,5879.74,3046.98,281.69,103.85
1,2,45.42,bus,Budget,Festival_Peak,369.38,1489.93,1330.42,248.0,0.0
1,2,142.66,car,Mid,Festival_Peak,2459.65,4046.96,1765.27,371.89,237.68
1,3,28.76,car,Premium,Winter_Picnic,754.7,11167.02,5304.42,344.51,73.12
1,5,44.24,auto,Premium,Festival_Peak,2299.26,34209.1,10432.62,354.82,197.02
5,3,53.74,car,Premium,Summer,932.28,36045.07,22586.49,1357.9,215.64
1,2,60.18,car,Mid,Monsoon,676.39,1751.02,1495.88,197.1,194.52
6,4,12.16,car,Premium,Summer,302.34,55213.81,36057.35,2908.0,162.28
2,5,19.54,bike,Budget,Festival_Peak,528.9,5213.65,5062.31,596.91,0.0
1,1,24.15,car,Budget,Monsoon,442.72,825.6,377.18,111.53,180.61
4,6,69.95,auto,Budget,Winter_Picnic,3157.17,10146.54,7598.49,1453.12,113.29
3,1,24.26,auto,Mid,Monsoon,455.15,5395.74,1536.63,79.46,92.09
2,4,60.79,train,Premium,Summer,542.91,12053.27,11610.8,1128.13,0.0
3,2,30.15,bike,Budget,Monsoon,227.82,3325.63,1874.99,185.83,0.0
3,1,105.6,auto,Mid,Festival_Peak,2564.42,9417.69,4035.76,628.28,163.63
1,2,135.05,car,Mid,Winter_Picnic,2061.62,3484.58,2066.39,107.86,213.31
7,3,51.77,bus,Premium,Festival_Peak,939.66,114751.56,60430.37,3286.53,0.0
6,2,27.87,car,Mid,Winter_Picnic,716.33,23970.71,12581.26,1612.77,133.36
3,1,32.73,car,Premium,Festival_Peak,1069.5,17654.11,7392.83,630.89,105.76
1,3,12.3,bus,Budget,Winter_Picnic,200.82,2706.58,2075.43,597.5,0.0
3,5,27.41,auto,Budget,Winter_Picnic,1153.29,9223.48,4734.63,1897.55,170.39
1,2,59.8,auto,Mid,Winter_Picnic,1592.7,5075.0,2087.35,384.63,160.13
1,1,56.5,auto,Budget,Winter_Picnic,1582.23,1192.81,589.22,98.4,106.1
1,2,137.27,bus,Budget,Festival_Peak,1252.62,1760.01,943.24,232.24,0.0
2,1,39.02,bike,Mid,Winter_Picnic,337.08,3197.16,1781.45,104.11,0.0
4,4,61.11,auto,Mid,Festival_Peak,3347.55,17478.69,13890.04,1109.64,103.89
3,4,49.34,car,Mid,Winter_Picnic,845.42,12651.56,7634.19,1931.12,214.06
3,3,55.44,car,Budget,Monsoon,716.97,3286.81,1927.7,680.09,163.53
2,2,27.72,car,Mid,Winter_Picnic,585.66,3394.16,4568.16,493.39,68.93
2,4,42.07,car,Budget,Monsoon,503.62,1892.54,2015.21,562.51,88.05
2,3,52.18,bike,Budget,Winter_Picnic,731.4,2677.37,1840.21,731.97,0.0
7,4,70.61,car,Mid,Winter_Picnic,1066.4,42031.73,24635.75,3028.66,235.97
1,3,141.84,car,Budget,Festival_Peak,2959.71,4424.92,1050.04,239.4,283.44
4,4,34.54,train,Budget,Monsoon,335.16,4540.55,3469.43,1787.42,0.0
3,3,20.72,auto,Mid,Monsoon,449.3,8337.42,7348.79,305.11,101.36
2,2,38.0,bus,Budget,Monsoon,236.96,1724.15,1426.18,158.59,0.0
3,5,56.8,car,Premium,Summer,2204.4,39811.86,26978.91,2257.28,143.5
2,2,22.01,bike,Mid,Festival_Peak,278.76,3448.4,5632.98,546.72,0.0
5,3,70.75,car,Premium,Festival_Peak,1431.01,52251.27,30477.68,1958.97,112.6
5,1,209.5,bike,Budget,Winter_Picnic,1117.3,4799.4,1328.59,318.33,0.0
2,3,143.7,train,Mid,Festival_Peak,1303.59,7479.39,5198.01,590.78,0.0
1,3,16.89,bus,Budget,Summer,215.34,2224.46,1259.12,116.02,0.0
3,1,111.38,auto,Mid,Monsoon,1498.92,3013.52,1781.95,345.05,145.1
5,1,77.46,auto,Budget,Monsoon,934.69,5253.55,1015.87,374.82,122.94
1,3,49.97,auto,Budget,Festival_Peak,1519.07,3059.55,1894.09,684.11,108.95
3,4,59.16,auto,Mid,Winter_Picnic,2971.55,12162.62,14414.19,2265.52,178.99
3,2,107.6,auto,Budget,Winter_Picnic,2568.64,3159.3,2740.54,1185.82,160.29
3,1,34.48,auto,Budget,Summer,576.22,2446.62,835.11,118.35,121.15
1,3,33.63,car,Budget,Summer,496.09,1551.7,1097.43,153.0,72.11
3,1,51.96,bike,Mid,Festival_Peak,384.14,7150.5,3572.54,362.55,0.0
5,2,51.27,bus,Budget,Monsoon,284.05,4373.31,2256.37,344.15,0.0
1,1,26.46,bus,Budget,Winter_Picnic,148.42,1650.04,498.29,144.32,0.0
1,1,121.15,car,Budget,Summer,1917.51,1064.98,398.76,57.26,157.65
6,1,62.76,bus,Mid,Monsoon,198.25,8593.61,3658.29,154.63,0.0
1,2,68.23,auto,Mid,Winter_Picnic,1758.09,4455.69,2118.5,126.84,135.11
4,1,19.78,bike,Budget,Summer,164.62,3666.9,973.6,528.59,0.0
2,2,56.0,car,Budget,Winter_Picnic,1352.63,1503.46,1454.24,595.55,97.29
1,2,30.75,car,Budget,Winter_Picnic,621.74,1517.67,877.52,193.86,104.28
5,2,18.56,car,Budget,Winter_Picnic,481.62,4217.91,6837.68,2025.48,60.58
2,2,42.29,bus,Budget,Winter_Picnic,271.88,1788.1,1707.06,340.0,0.0
2,4,38.46,train,Mid,Winter_Picnic,296.32,4510.53,6030.09,785.92,0.0
2,1,61.27,car,Mid,Summer,1163.48,2550.64,1660.8,317.45,128.37
3,2,24.74,bus,Premium,Winter_Picnic,235.49,13622.98,12601.89,1246.83,0.0
1,1,46.14,bike,Budget,Winter_Picnic,331.8,1199.09,412.97,148.08,0.0
2,1,27.81,bike,Mid,Monsoon,98.18,2975.53,1238.67,216.73,0.0
6,3,205.86,car,Mid,Festival_Peak,3493.84,36447.33,13118.55,2526.67,320.82
1,3,59.3,car,Mid,Winter_Picnic,1394.37,9663.27,2326.06,606.82,88.68
3,4,75.2,car,Premium,Festival_Peak,1574.02,23371.85,28780.13,2316.06,102.29
2,3,26.6,auto,Budget,Festival_Peak,684.43,2909.22,3173.88,980.95,170.07
4,5,12.09,car,Budget,Summer,519.04,13645.95,5054.83,2246.07,72.45
1,1,192.11,bike,Mid,Winter_Picnic,1116.08,2669.59,619.44,169.36,0.0
6,1,37.54,car,Budget,Summer,755.52,5436.56,2141.06,632.23,121.38
2,1,47.67,bike,Budget,Summer,250.07,985.64,935.23,249.36,0.0
1,1,69.95,bike,Budget,Festival_Peak,504.37,1330.46,501.0,204.19,0.0
1,2,16.96,auto,Budget,Winter_Picnic,496.08,2095.51,618.0,246.53,147.0
1,3,92.72,auto,Mid,Monsoon,1301.01,5567.76,1903.58,83.93,123.53
2,1,50.52,bus,Budget,Winter_Picnic,249.83,1505.54,701.77,265.3,0.0
2,5,20.7,bike,Budget,Festival_Peak,497.42,6498.37,3670.92,595.42,0.0
4,4,22.77,bike,Mid,Winter_Picnic,357.14,18785.91,16067.96,1531.93,0.0
2,2,23.09,car,Mid,Winter_Picnic,676.15,4045.83,4897.95,203.11,51.68
1,1,119.39,car,Premium,Winter_Picnic,1716.55,8158.8,1729.19,86.87,181.03
3,1,67.18,bike,Budget,Summer,519.71,3038.59,1357.7,313.52,0.0
3,1,27.78,bike,Premium,Summer,164.4,11283.72,4632.51,95.12,0.0
1,1,11.49,train,Mid,Winter_Picnic,136.21,3398.62,873.11,69.86,0.0
1,2,63.37,car,Mid,Winter_Picnic,1245.41,2391.76,1973.08,110.03,135.62
1,1,46.41,auto,Budget,Winter_Picnic,940.02,1077.27,462.63,142.94,146.98
3,2,32.24,car,Mid,Winter_Picnic,817.55,8055.52,6852.57,530.98,71.78
3,6,44.8,auto,Premium,Winter_Picnic,1905.65,33850.15,37260.25,2276.75,166.55
2,3,19.06,auto,Premium,Summer,394.63,10242.77,8443.65,491.46,166.92
4,5,60.22,car,Budget,Monsoon,1738.34,7832.37,7698.74,732.14,133.48
4,1,175.62,bus,Budget,Summer,495.8,2614.8,1548.55,561.22,0.0
3,2,25.9,bike,Mid,Winter_Picnic,261.09,5148.97,3841.44,1097.89,0.0
4,3,48.99,bus,Premium,Summer,539.35,33277.56,16908.65,748.58,0.0
1,1,45.71,bike,Budget,Winter_Picnic,390.16,1538.25,356.61,144.98,0.0
1,1,47.34,auto,Mid,Monsoon,744.91,2603.18,674.31,29.63,122.94
1,3,22.94,bike,Mid,Winter_Picnic,365.28,7541.96,3669.62,628.07,0.0
1,3,89.24,bike,Mid,Summer,591.41,4900.41,2451.19,265.7,0.0
2,2,53.64,train,Mid,Winter_Picnic,338.88,3656.41,3051.01,288.09,0.0
5,2,56.79,car,Budget,Summer,922.51,2794.08,2457.06,470.01,124.01
1,2,35.31,bike,Premium,Summer,279.53,6577.37,2956.83,303.73,0.0
1,1,15.67,train,Mid,Festival_Peak,75.12,3818.6,1122.46,161.93,0.0
2,2,17.41,bus,Mid,Monsoon,92.15,2088.26,2818.25,445.56,0.0
5,1,72.53,bus,Budget,Winter_Picnic,201.41,4587.12,2213.91,589.54,0.0
2,1,18.58,train,Mid,Festival_Peak,85.91,3700.7,2408.12,125.79,0.0
2,5,66.68,auto,Budget,Winter_Picnic,3190.85,3367.0,3800.62,2143.01,169.04
1,3,39.29,bus,Budget,Festival_Peak,407.75,2161.47,1327.77,612.42,0.0
1,3,35.73,car,Mid,Monsoon,503.16,4360.99,1802.41,354.58,126.2
7,2,49.12,bus,Mid,Winter_Picnic,348.75,13712.52,12331.44,2146.23,0.0
6,2,42.44,bus,Mid,Winter_Picnic,395.02,17503.53,11970.54,486.05,0.0
1,1,16.24,auto,Budget,Monsoon,245.39,747.2,309.78,30.18,75.5
6,1,38.45,bus,Mid,Summer,130.17,9297.65,3694.21,338.42,0.0
3,1,56.11,auto,Budget,Summer,1032.65,3036.73,653.4,278.92,92.86
4,4,71.07,auto,Mid,Winter_Picnic,2665.8,13595.81,14087.74,689.9,174.7
2,3,23.23,bike,Budget,Festival_Peak,301.12,3164.51,1723.86,959.7,0.0
2,2,34.4,train,Mid,Monsoon,184.06,3014.75,2090.79,471.11,0.0
2,2,27.51,auto,Mid,Summer,442.86,2517.95,3696.71,306.6,176.36
3,5,25.07,car,Budget,Summer,888.96,5389.44,3807.7,974.36,72.12
1,1,24.21,auto,Budget,Winter_Picnic,684.77,1506.62,647.72,115.3,181.67
1,2,114.44,train,Mid,Winter_Picnic,587.66,3828.37,2781.84,405.1,0.0
2,2,21.39,auto,Mid,Summer,515.34,3338.12,3471.22,496.47,170.92
3,4,26.63,bus,Mid,Monsoon,353.48,8278.12,8629.3,566.27,0.0
1,6,28.88,bus,Mid,Winter_Picnic,612.39,9494.59,5388.78,1066.11,0.0
3,1,18.02,car,Budget,Festival_Peak,585.45,3418.24,1301.17,296.53,140.19
6,4,64.76,auto,Budget,Winter_Picnic,2545.62,18999.66,13528.15,1105.14,97.82
1,4,23.71,car,Budget,Winter_Picnic,502.65,4044.54,1845.97,503.17,164.45
3,1,28.54,train,Budget,Monsoon,125.65,1495.54,781.69,355.04,0.0
2,2,71.03,bus,Mid,Summer,529.83,2259.54,3451.17,364.4,0.0
4,2,29.01,auto,Budget,Summer,741.64,4587.74,4309.56,1221.73,77.56
1,6,74.71,bus,Premium,Summer,996.54,15087.41,9085.59,625.99,0.0
3,1,49.57,auto,Mid,Festival_Peak,1219.84,7345.94,3921.7,406.13,172.0
4,4,31.85,car,Mid,Winter_Picnic,598.36,20994.7,14076.13,2210.79,164.73
6,2,61.87,bus,Premium,Monsoon,448.53,28242.87,17279.63,1638.03,0.0
3,3,30.44,bike,Budget,Summer,419.73,5832.59,4948.05,1176.97,0.0
2,2,54.17,bus,Mid,Summer,287.46,2693.46,2767.17,267.7,0.0
3,3,49.91,car,Budget,Winter_Picnic,947.32,6096.22,2258.58,681.33,187.08
4,4,35.73,bus,Budget,Summer,320.87,7485.91,7340.58,1859.03,0.0
3,4,64.74,bike,Mid,Summer,912.8,15640.71,10113.3,1227.68,0.0
1,4,113.56,car,Budget,Winter_Picnic,2441.96,4582.48,1646.67,346.96,154.15
5,1,320.94,bus,Premium,Summer,835.32,20016.95,7065.94,374.11,0.0
3,3,52.15,bike,Mid,Monsoon,461.03,9545.88,4590.43,628.28,0.0
3,1,35.75,bike,Mid,Monsoon,242.56,6789.88,2099.78,316.62,0.0
1,2,16.89,train,Budget,Summer,144.81,1135.08,933.42,170.53,0.0
3,2,28.85,auto,Mid,Monsoon,531.35,6601.2,3774.55,344.54,74.61
2,2,44.48,train,Budget,Summer,240.59,1162.6,845.2,291.37,0.0
3,2,36.1,bike,Mid,Winter_Picnic,367.36,6276.74,8214.98,352.08,0.0
1,6,134.79,auto,Budget,Winter_Picnic,6629.93,5322.01,2297.84,440.26,241.74
3,1,43.9,bus,Mid,Winter_Picnic,226.39,6501.36,1877.07,332.79,0.0
7,3,29.27,car,Budget,Festival_Peak,692.87,19069.55,16486.19,1719.54,80.13
1,2,34.15,car,Budget,Summer,530.81,869.51,608.26,246.95,173.71
6,1,95.0,car,Mid,Festival_Peak,2167.25,28007.46,6336.09,820.61,201.3
2,1,59.55,bus,Budget,Summer,209.47,1585.49,443.07,159.84,0.0
5,5,63.83,auto,Mid,Summer,2022.42,33578.04,20104.63,1122.96,178.68
4,4,33.78,car,Budget,Summer,625.98,9142.42,4760.38,1916.74,128.76
3,5,93.09,bike,Budget,Monsoon,1331.57,5105.46,2532.1,1708.91,0.0
3,6,23.82,car,Mid,Festival_Peak,1298.3,21126.18,22073.29,3709.75,176.69
5,1,113.21,auto,Budget,Monsoon,1567.27,2941.45,1768.81,232.66,212.76
2,2,40.0,auto,Budget,Summer,647.93,872.25,1279.48,252.2,103.79
2,3,42.13,car,Mid,Summer,899.64,6151.26,3721.23,881.2,152.28
3,2,44.65,bike,Budget,Monsoon,265.83,2325.19,1228.06,602.74,0.0
4,2,60.43,bike,Budget,Monsoon,262.6,1946.11,1690.67,936.98,0.0
4,2,6.58,car,Budget,Monsoon,191.75,2489.4,2473.17,726.23,69.45
4,3,107.1,car,Budget,Summer,1674.37,6104.64,3715.66,1428.85,244.12
2,3,38.75,bus,Mid,Festival_Peak,464.84,9272.93,6164.13,1216.41,0.0
4,1,28.93,car,Budget,Summer,410.56,2730.65,1068.03,545.1,148.69
1,2,25.59,bike,Mid,Monsoon,194.63,2112.58,1127.99,201.74,0.0
2,3,46.44,car,Budget,Winter_Picnic,1070.06,3623.02,3229.51,555.3,99.01
1,3,40.76,bike,Budget,Festival_Peak,451.31,2756.82,1372.23,465.57,0.0
2,1,29.25,bus,Budget,Summer,179.48,1035.11,374.03,217.04,0.0
2,3,73.06,train,Mid,Summer,464.6,4951.04,5366.58,316.05,0.0
2,1,29.78,car,Premium,Festival_Peak,895.33,8800.68,5819.28,455.78,126.79
3,2,170.22,car,Mid,Monsoon,2786.05,5152.51,5594.88,639.98,279.85
2,4,58.7,auto,Premium,Winter_Picnic,2953.52,13623.18,14437.47,1448.36,101.6
2,3,85.58,car,Budget,Summer,1230.56,2370.63,2601.63,504.68,154.89
1,2,15.14,bus,Budget,Festival_Peak,192.88,1572.81,1258.17,110.29,0.0
2,3,27.96,bike,Budget,Festival_Peak,399.84,3633.55,2154.88,413.09,0.0
1,3,28.19,auto,Budget,Festival_Peak,1021.86,3508.99,1533.88,781.84,165.81
1,4,45.68,car,Budget,Summer,891.38,2402.97,1259.91,184.44,77.71
3,3,106.08,car,Budget,Summer,1571.02,5904.33,1866.62,1186.35,258.03
3,3,12.0,auto,Budget,Summer,360.56,4249.05,2232.42,370.9,150.49
3,2,18.96,train,Budget,Festival_Peak,196.33,5328.77,4828.32,560.04,0.0
2,1,102.27,bike,Budget,Festival_Peak,768.76,2189.65,1557.64,391.86,0.0
2,2,21.73,auto,Budget,Summer,583.91,975.37,1156.1,336.94,87.3
4,2,55.42,car,Premium,Winter_Picnic,1132.22,20531.5,11955.86,563.23,130.43
2,3,40.97,auto,Budget,Monsoon,689.78,1452.26,1404.57,581.02,181.31
2,2,86.04,car,Mid,Summer,1059.94,2042.87,2478.63,367.76,180.49
1,2,25.8,bike,Mid,Winter_Picnic,223.77,2547.39,1210.03,172.39,0.0
2,1,17.62,bike,Budget,Summer,161.44,1107.19,551.59,127.98,0.0
2,2,57.55,bike,Budget,Summer,362.51,1453.52,1339.42,490.6,0.0
2,2,145.3,train,Budget,Monsoon,331.26,1351.02,1239.17,145.58,0.0
3,3,38.19,car,Mid,Festival_Peak,758.8,11857.45,10537.77,1365.02,118.53
2,1,33.07,bus,Budget,Festival_Peak,233.75,1832.44,1592.79,461.08,0.0
3,3,61.25,auto,Budget,Festival_Peak,1591.08,4350.25,3865.44,1172.96,171.9
4,5,130.43,car,Budget,Winter_Picnic,4909.34,17151.05,5092.35,1427.57,162.48
4,1,89.04,car,Premium,Winter_Picnic,1724.91,24291.97,8227.37,255.95,172.83
3,2,259.12,train,Budget,Summer,865.98,3162.96,1484.58,482.43,0.0
6,1,12.57,car,Mid,Festival_Peak,496.59,17607.0,5282.09,1094.36,71.08
1,3,19.24,car,Mid,Winter_Picnic,615.58,7599.1,4138.79,341.19,81.18
1,3,60.25,bike,Premium,Winter_Picnic,530.91,16312.71,6734.11,303.91,0.0
1,2,92.19,car,Mid,Winter_Picnic,2233.39,4017.67,2819.2,398.14,201.58
3,2,32.52,car,Mid,Festival_Peak,736.76,9390.37,5284.69,982.0,87.26
5,4,28.19,train,Premium,Monsoon,347.37,40822.4,28634.69,2047.1,0.0
1,1,89.38,auto,Mid,Summer,1410.29,2095.95,1002.71,132.21,177.35
5,1,21.73,auto,Budget,Winter_Picnic,601.95,7268.63,2656.81,322.67,73.34
1,4,36.43,car,Budget,Festival_Peak,910.39,2881.75,2002.86,273.94,100.0
5,3,50.3,auto,Mid,Winter_Picnic,1131.28,20248.26,9366.52,2746.05,90.45
2,4,59.45,bike,Mid,Summer,714.89,3693.48,5736.43,644.26,0.0
1,3,72.34,bus,Mid,Summer,490.29,4984.36,1649.38,187.07,0.0
2,4,32.98,car,Mid,Winter_Picnic,764.12,8325.63,5968.03,427.62,155.3
1,2,62.97,bus,Mid,Winter_Picnic,497.34,3352.0,1883.75,220.69,0.0
1,3,56.27,bus,Budget,Winter_Picnic,624.52,2739.6,812.98,439.35,0.0
2,5,42.12,auto,Mid,Summer,1873.65,9004.31,10823.96,1510.55,68.45
4,3,68.88,car,Budget,Festival_Peak,1278.19,10467.73,3464.77,1063.14,111.51
2,1,19.13,bike,Premium,Winter_Picnic,229.18,7562.07,5439.34,423.96,0.0
2,2,23.95,train,Mid,Winter_Picnic,161.91,3243.43,3499.63,626.15,0.0
3,1,25.89,car,Mid,Summer,411.38,5219.22,1757.57,380.58,197.15
3,1,35.51,auto,Budget,Summer,695.76,2436.58,1208.05,447.48,62.61
1,2,37.29,auto,Budget,Festival_Peak,813.49,1099.41,1313.95,257.14,117.47
2,3,99.53,car,Budget,Monsoon,1204.19,1773.51,1892.84,624.8,178.54
1,3,67.93,auto,Mid,Winter_Picnic,1729.04,5457.35,2728.17,295.61,174.22
1,2,81.64,auto,Mid,Winter_Picnic,1651.31,3392.8,1337.54,276.72,237.91
3,3,26.26,bus,Budget,Winter_Picnic,283.74,4506.12,3492.54,721.29,0.0
1,1,39.59,bus,Mid,Summer,116.47,2430.68,1091.7,71.57,0.0
2,1,37.1,auto,Mid,Summer,707.98,2766.4,1350.59,112.53,198.05
3,1,16.68,car,Budget,Festival_Peak,503.71,4411.24,1562.5,532.26,82.91
1,2,20.09,bus,Mid,Winter_Picnic,218.71,2402.21,1548.19,286.52,0.0
3,1,59.98,bike,Mid,Monsoon,342.52,4416.3,1556.47,265.13,0.0
1,2,224.18,bus,Mid,Monsoon,746.12,2663.38,1521.63,177.09,0.0
6,2,31.32,auto,Mid,Festival_Peak,1088.57,21651.28,12651.31,1462.21,93.03
2,4,15.34,car,Mid,Monsoon,313.28,5121.47,5004.27,893.0,109.19
4,1,92.1,car,Premium,Winter_Picnic,2022.64,24724.13,8419.65,315.03,105.5
3,3,35.41,car,Budget,Summer,570.33,4036.66,2797.97,652.78,128.24
1,3,90.57,bus,Mid,Festival_Peak,715.93,7323.41,3121.48,429.33,0.0
3,4,62.96,bike,Budget,Winter_Picnic,693.8,5251.83,5396.32,700.34,0.0
6,5,144.78,auto,Budget,Winter_Picnic,5221.23,16788.82,11257.53,2311.92,288.8
3,1,36.7,car,Budget,Monsoon,441.09,1412.53,868.4,143.74,171.46
4,1,65.32,bus,Budget,Festival_Peak,351.57,5196.8,3145.9,450.01,0.0
5,4,44.8,auto,Premium,Summer,1500.82,36052.71,24115.33,1417.73,103.07
1,2,64.81,bus,Premium,Festival_Peak,686.55,9609.11,5784.98,146.64,0.0
1,3,42.07,auto,Budget,Winter_Picnic,1187.55,3275.0,1301.12,605.13,106.37
3,3,16.5,bike,Mid,Winter_Picnic,268.61,10174.66,7950.43,1449.33,0.0
2,3,54.07,bus,Mid,Monsoon,370.84,4946.05,3596.68,402.39,0.0
4,5,45.04,bike,Mid,Winter_Picnic,804.23,31450.17,22605.8,1644.49,0.0
5,6,99.3,car,Mid,Summer,2257.13,33885.45,17966.55,4194.49,148.24
2,3,67.21,bike,Budget,Summer,872.59,2830.81,2576.47,1041.54,0.0
1,2,73.22,auto,Mid,Monsoon,872.29,1781.68,1246.99,77.82,161.93
4,4,12.24,car,Mid,Monsoon,283.39,17060.51,11538.6,2266.47,151.68
1,1,67.0,car,Mid,Monsoon,982.13,1782.82,834.22,38.83,99.5
4,1,37.15,car,Premium,Summer,604.77,14985.82,4859.11,533.85,162.49
2,4,120.14,car,Premium,Festival_Peak,3127.24,22670.82,25100.24,865.03,165.15
3,2,135.59,auto,Mid,Summer,2217.34,6408.59,3596.66,182.17,242.35
1,1,16.23,car,Mid,Winter_Picnic,469.7,2521.46,882.61,53.57,154.57
3,1,100.9,train,Premium,Monsoon,181.47,6941.89,3110.26,261.39,0.0
2,4,18.54,bus,Budget,Winter_Picnic,405.88,2278.96,2596.32,1418.18,0.0
3,2,38.19,bike,Budget,Winter_Picnic,412.26,4046.39,2014.66,909.92,0.0
1,3,57.08,bike,Budget,Festival_Peak,886.1,3343.5,1560.87,621.34,0.0
3,1,18.15,train,Premium,Festival_Peak,137.5,16239.03,6221.32,308.56,0.0
4,4,73.81,car,Mid,Winter_Picnic,1278.99,19047.91,14135.34,1212.07,148.81
1,4,23.5,car,Budget,Winter_Picnic,539.17,3940.27,1600.26,430.47,51.38
1,2,31.33,bus,Premium,Monsoon,194.54,5441.32,2519.63,81.4,0.0
1,2,63.65,auto,Mid,Winter_Picnic,1346.16,3605.68,1548.76,75.26,210.33
3,1,79.43,car,Mid,Monsoon,760.86,4539.41,2295.4,136.68,187.46
3,6,119.36,train,Budget,Summer,1445.3,5946.2,4563.67,761.74,0.0
2,3,76.49,car,Mid,Summer,964.86,4918.24,4335.73,197.61,185.84
1,5,63.33,bike,Mid,Winter_Picnic,1312.43,6667.34,4435.45,359.47,0.0
2,2,47.38,bike,Mid,Winter_Picnic,466.4,3201.35,3685.05,265.35,0.0
3,4,14.5,auto,Mid,Winter_Picnic,703.88,12468.99,11962.18,747.75,69.22
2,4,21.84,bus,Mid,Winter_Picnic,361.06,9811.36,10751.2,529.73,0.0
7,3,50.01,auto,Budget,Monsoon,811.92,12289.65,3550.57,1312.52,177.08
1,6,62.03,bike,Mid,Winter_Picnic,876.81,12255.53,6703.07,1105.01,0.0
3,2,30.82,train,Budget,Festival_Peak,279.0,2688.61,1698.02,1245.78,0.0
2,1,81.95,bike,Budget,Festival_Peak,683.37,1649.5,827.37,255.78,0.0
2,3,54.26,bike,Budget,Winter_Picnic,769.41,2567.36,3505.52,1118.18,0.0
3,3,11.26,auto,Budget,Winter_Picnic,364.67,5313.64,4721.7,1387.76,176.5
3,3,30.13,auto,Budget,Winter_Picnic,728.37,4734.95,3486.5,1489.49,120.5
7,1,99.98,car,Mid,Monsoon,1371.3,17182.86,5842.8,456.08,254.73
1,2,71.26,train,Mid,Monsoon,303.53,1530.6,1030.56,86.06,0.0
1,2,111.4,bus,Budget,Monsoon,635.5,1408.39,399.18,253.68,0.0
3,2,27.82,car,Mid,Summer,461.85,6393.96,4853.02,414.31,94.65
3,3,227.25,car,Budget,Winter_Picnic,4477.13,5003.4,2231.32,1042.54,257.97
1,3,26.53,car,Budget,Festival_Peak,681.14,4432.68,1660.66,384.65,125.66
1,1,17.72,auto,Mid,Summer,460.99,3117.47,1156.4,128.53,161.87
1,2,275.07,bike,Mid,Winter_Picnic,1327.6,4844.66,1870.24,169.6,0.0
5,2,29.33,train,Mid,Winter_Picnic,175.55,12640.95,8776.55,743.19,0.0
1,1,58.49,bike,Budget,Summer,308.79,1113.13,353.86,41.69,0.0
2,4,17.92,bike,Mid,Monsoon,220.34,3985.03,5038.4,920.39,0.0
1,5,57.29,car,Mid,Winter_Picnic,2269.62,6654.61,5635.04,532.13,135.01
2,2,128.69,car,Premium,Winter_Picnic,2690.45,7798.23,9060.25,541.82,253.43
1,4,30.44,bike,Budget,Festival_Peak,442.65,3546.25,2688.83,566.78,0.0
2,4,59.08,bike,Mid,Summer,558.42,6876.03,5899.35,658.55,0.0
1,4,27.34,auto,Mid,Festival_Peak,1569.92,9809.91,6232.22,282.01,154.24
4,1,66.54,car,Premium,Summer,1090.04,19822.55,8598.58,460.02,223.57
1,5,38.42,auto,Budget,Winter_Picnic,1768.46,3359.22,1944.35,212.11,122.77
2,2,33.05,car,Mid,Winter_Picnic,747.81,2781.94,3109.69,266.28,119.92
5,2,32.64,car,Budget,Monsoon,467.99,3389.98,2596.34,467.89,204.34
3,1,28.9,bus,Mid,Monsoon,192.49,5675.96,2256.29,106.02,0.0
2,2,112.29,auto,Budget,Monsoon,1798.45,969.3,1930.65,269.05,210.64
2,1,34.74,bike,Budget,Summer,225.04,1622.75,740.67,185.79,0.0
2,1,25.45,car,Mid,Winter_Picnic,619.8,3791.0,2105.43,328.53,92.54
3,2,42.0,car,Budget,Monsoon,569.85,1938.98,1011.84,692.6,72.47
7,4,40.97,bike,Budget,Winter_Picnic,601.77,21724.07,18895.58,5655.49,0.0
3,4,83.88,car,Budget,Summer,1131.11,3928.48,3021.14,590.55,226.22
3,2,167.35,bike,Budget,Winter_Picnic,966.19,3727.92,2320.36,962.06,0.0
3,4,34.39,bike,Premium,Winter_Picnic,554.78,20092.51,27092.82,2016.26,0.0
2,4,100.96,car,Mid,Winter_Picnic,1770.0,8267.21,4972.54,946.89,224.33
1,4,48.36,auto,Mid,Winter_Picnic,2309.84,7535.03,3679.0,817.64,152.48
3,1,24.99,bus,Budget,Summer,143.47,2024.3,763.14,420.3,0.0
6,3,75.85,car,Premium,Festival_Peak,1742.69,94504.56,46974.35,3030.22,182.06
1,5,56.66,car,Mid,Monsoon,1448.52,7203.93,3509.07,235.29,102.91
3,3,65.39,car,Mid,Summer,1005.12,10201.01,8097.79,869.98,206.66
1,2,120.96,car,Mid,Monsoon,1553.16,1523.13,1572.5,136.39,128.73
2,2,41.63,bike,Mid,Winter_Picnic,254.23,3255.21,2520.41,637.41,0.0
1,3,113.32,bus,Mid,Winter_Picnic,781.94,4467.66,2764.06,260.8,0.0
2,2,78.0,train,Budget,Winter_Picnic,459.87,874.27,2236.97,567.01,0.0
4,1,46.28,bike,Budget,Summer,375.17,3229.57,1173.8,518.14,0.0
2,2,61.45,bike,Mid,Monsoon,406.57,3222.27,2466.91,236.03,0.0
3,4,27.12,bike,Mid,Festival_Peak,418.8,19769.82,10554.63,2692.47,0.0
4,4,197.33,car,Budget,Winter_Picnic,3712.94,13662.24,10846.73,1858.16,224.94
5,1,61.81,car,Budget,Summer,1052.48,2904.99,1252.28,530.76,134.09
1,5,26.21,bus,Mid,Winter_Picnic,423.68,9323.83,3843.42,422.43,0.0
2,2,31.67,bus,Mid,Monsoon,185.25,2048.39,2953.97,484.54,0.0
1,3,64.04,car,Budget,Monsoon,783.64,2017.21,720.44,201.81,187.73
7,4,22.63,car,Budget,Summer,404.05,18068.66,8371.34,1440.87,53.49
5,4,11.4,car,Mid,Summer,335.69,25753.16,18068.83,1485.05,65.15
2,5,43.34,car,Mid,Summer,1346.15,7730.32,4975.8,569.28,147.46
4,2,41.09,car,Budget,Festival_Peak,910.29,4017.5,3046.0,1033.86,174.42
2,4,40.46,car,Mid,Winter_Picnic,831.53,5104.29,8041.98,398.31,65.07
3,1,37.62,car,Mid,Winter_Picnic,704.32,7970.33,2342.42,479.44,131.75
1,3,17.39,car,Mid,Winter_Picnic,464.02,7545.84,2676.37,628.19,48.38
4,3,59.06,car,Premium,Festival_Peak,1270.68,47892.16,21022.77,551.2,179.46
1,3,55.35,car,Premium,Monsoon,894.91,11519.54,4622.94,412.88,157.41
4,2,32.0,car,Budget,Festival_Peak,806.98,3030.26,2291.34,369.44,118.77
4,4,42.18,car,Budget,Winter_Picnic,790.54,9129.27,6001.17,1739.88,159.93
3,1,58.91,car,Budget,Monsoon,794.2,2237.09,757.86,241.49,152.53
1,1,27.11,car,Budget,Summer,471.38,673.16,198.5,61.62,88.45
2,3,28.72,auto,Budget,Winter_Picnic,626.14,3030.84,1993.81,786.53,96.99
1,2,25.31,bike,Budget,Winter_Picnic,223.9,1547.05,761.11,171.2,0.0
2,4,91.67,car,Premium,Summer,1596.05,13124.44,14502.13,831.91,119.13
1,2,75.47,car,Premium,Winter_Picnic,1463.22,9818.64,4495.68,238.4,140.89
5,1,86.67,train,Mid,Winter_Picnic,318.48,13976.87,4338.28,372.69,0.0
3,4,70.34,auto,Mid,Summer,2083.07,11299.76,10792.55,884.46,135.75
2,2,65.58,auto,Budget,Festival_Peak,1488.59,1581.2,1440.82,256.97,210.8
2,1,43.09,auto,Budget,Festival_Peak,966.69,1448.95,846.58,112.11,188.64
2,3,62.56,bike,Budget,Winter_Picnic,739.93,2174.57,1926.23,913.89,0.0
3,2,16.17,bus,Mid,Festival_Peak,242.99,6189.59,6368.4,1264.49,0.0
2,3,49.67,auto,Budget,Monsoon,628.17,2282.11,1775.56,510.27,183.34
5,2,90.34,car,Mid,Monsoon,1260.53,8150.23,9312.52,851.5,122.79
2,4,45.11,car,Mid,Summer,712.0,4052.61,5569.49,788.88,68.39
7,4,36.69,car,Budget,Winter_Picnic,1012.56,21686.62,10598.82,5956.26,83.13
4,3,22.41,bus,Budget,Winter_Picnic,255.85,6812.3,6751.73,1336.82,0.0
1,1,51.39,car,Mid,Winter_Picnic,1353.88,4723.51,1337.51,221.39,97.45
5,4,63.02,auto,Premium,Monsoon,2040.87,40800.21,36731.14,2211.22,101.03
1,3,111.24,bus,Mid,Monsoon,801.66,5509.36,1549.2,302.01,0.0
4,3,25.84,bus,Budget,Festival_Peak,424.09,6222.15,7801.58,718.97,0.0
2,2,89.27,bike,Mid,Festival_Peak,851.67,4990.15,6391.81,775.13,0.0
5,4,46.38,bike,Budget,Winter_Picnic,657.75,18134.14,10539.97,1271.07,0.0
4,3,105.58,bike,Premium,Winter_Picnic,1134.41,41430.2,18074.28,2023.44,0.0
4,1,42.4,auto,Mid,Winter_Picnic,949.11,7754.84,3621.08,619.8,186.35
4,2,38.09,train,Mid,Summer,267.24,5382.17,3987.98,298.98,0.0
2,4,59.25,car,Budget,Summer,873.07,2259.54,2938.79,457.58,157.06
1,1,84.76,auto,Mid,Winter_Picnic,1688.63,3039.47,840.95,153.44,183.23
2,6,167.75,bus,Budget,Winter_Picnic,2669.26,2906.27,6713.12,749.68,0.0
1,3,12.2,car,Budget,Monsoon,243.05,2752.24,588.72,321.13,103.37
3,3,13.18,auto,Budget,Festival_Peak,465.23,5042.12,4695.03,728.43,127.62
2,2,139.32,train,Premium,Festival_Peak,970.69,9543.25,9842.98,760.15,0.0
6,1,58.05,bus,Mid,Summer,143.31,9235.17,2972.97,351.15,0.0
3,5,52.89,bus,Budget,Winter_Picnic,984.83,8217.4,4542.9,1154.63,0.0
4,2,49.27,car,Premium,Festival_Peak,967.54,24122.59,17373.73,738.72,145.22
1,4,18.21,bus,Budget,Monsoon,333.57,1740.27,1207.25,357.19,0.0
4,2,76.72,bike,Budget,Winter_Picnic,524.52,3218.06,3707.76,1526.9,0.0
5,1,76.0,car,Budget,Winter_Picnic,1558.78,5108.55,2190.77,239.53,137.86
2,1,23.23,train,Mid,Summer,156.4,2750.51,1012.84,234.43,0.0
3,2,37.43,auto,Mid,Festival_Peak,837.67,9426.38,7806.93,632.8,106.63
4,6,91.73,bus,Mid,Summer,1766.67,22457.13,19197.54,916.76,0.0
1,2,22.89,car,Mid,Monsoon,421.32,1993.44,1799.57,85.51,85.07
2,2,102.2,bike,Budget,Monsoon,659.5,1480.82,1028.78,454.04,0.0
2,2,37.45,bus,Mid,Monsoon,299.59,2863.36,3240.98,372.45,0.0
1,2,49.31,bike,Budget,Summer,312.45,817.9,847.57,225.19,0.0
2,2,146.35,car,Mid,Winter_Picnic,3021.24,2695.85,3659.62,814.5,210.99
1,4,72.2,bike,Mid,Summer,840.22,4253.51,3887.24,255.15,0.0
1,2,48.44,train,Mid,Winter_Picnic,286.11,2406.17,2007.31,281.25,0.0
1,2,67.19,auto,Mid,Winter_Picnic,1546.66,4876.75,1829.84,180.03,83.94
6,1,38.52,auto,Mid,Summer,660.57,10188.98,4764.67,655.24,200.4
2,6,27.03,bike,Budget,Winter_Picnic,518.97,5567.09,4482.61,2233.97,0.0
6,1,265.58,train,Mid,Winter_Picnic,765.71,20142.0,6838.09,1043.0,0.0
2,1,76.39,car,Budget,Winter_Picnic,1491.99,1260.97,913.65,105.67,238.16
2,3,54.88,car,Budget,Summer,1066.31,3656.79,1786.78,661.12,164.82
2,3,44.39,car,Mid,Winter_Picnic,987.75,6076.74,4623.01,320.65,122.61
2,2,9.19,car,Mid,Festival_Peak,427.39,3425.24,5005.26,967.7,74.8
1,2,18.2,bike,Budget,Summer,119.03,799.79,609.65,283.46,0.0
3,4,53.88,car,Premium,Summer,662.09,20125.23,21728.38,1277.52,111.71
1,1,80.36,auto,Premium,Winter_Picnic,1777.92,8027.34,1842.68,98.64,189.53
3,4,52.93,train,Mid,Monsoon,470.49,8500.53,9292.22,501.9,0.0
3,3,90.01,bus,Mid,Winter_Picnic,997.36,12512.72,7893.51,1250.03,0.0
1,2,17.63,car,Mid,Summer,422.14,2485.59,1610.18,125.37,102.87
1,2,31.3,bike,Budget,Monsoon,197.98,1059.4,524.32,166.7,0.0
4,2,35.98,bus,Mid,Winter_Picnic,357.95,11412.98,6010.29,1639.72,0.0
2,4,46.92,bike,Premium,Monsoon,583.26,13354.49,12266.43,851.94,0.0
1,2,27.83,bike,Premium,Summer,174.87,6444.52,2358.66,136.81,0.0
7,2,144.44,auto,Premium,Monsoon,1885.06,25633.32,19780.19,1241.44,162.3
1,3,22.07,car,Budget,Monsoon,350.35,2004.77,737.55,249.74,135.41
3,6,123.88,bus,Budget,Festival_Peak,2348.92,10694.1,9200.28,2891.65,0.0
7,2,30.2,auto,Budget,Festival_Peak,737.54,13163.05,6238.02,3008.5,142.11
1,5,200.43,bike,Budget,Summer,1918.48,4515.32,2216.86,490.87,0.0
1,2,54.92,car,Budget,Winter_Picnic,1042.99,2022.67,651.81,291.37,118.59
1,1,129.83,car,Budget,Summer,1934.19,857.96,210.06,149.9,148.01
2,1,15.42,auto,Mid,Winter_Picnic,347.01,3323.14,1951.73,270.56,136.95
1,2,84.82,auto,Mid,Summer,1435.04,2837.55,1212.02,165.52,129.96
3,1,123.89,train,Mid,Summer,294.26,5078.67,2499.61,222.14,0.0
1,1,19.66,train,Mid,Winter_Picnic,147.22,3046.51,897.54,60.46,0.0
2,5,17.0,train,Budget,Monsoon,219.68,3867.35,3060.21,906.44,0.0
7,4,38.98,bus,Budget,Monsoon,383.75,15531.69,10818.72,3223.26,0.0
4,3,130.64,bike,Mid,Winter_Picnic,1400.82,14943.67,11977.23,544.52,0.0
3,1,52.86,auto,Mid,Winter_Picnic,1263.74,7230.14,2752.55,336.02,220.54
2,1,46.02,auto,Mid,Winter_Picnic,936.27,3257.26,2118.06,333.87,93.12
3,1,28.89,auto,Budget,Winter_Picnic,557.19,1755.55,1357.65,453.56,126.09
2,3,20.17,train,Budget,Winter_Picnic,199.56,3203.25,1890.72,422.71,0.0
2,5,91.98,bus,Mid,Summer,1299.45,7495.53,5960.05,354.73,0.0
1,2,16.41,car,Mid,Summer,346.67,3043.24,1748.81,261.82,140.36
5,1,54.41,bike,Premium,Winter_Picnic,384.26,32526.38,7629.83,880.16,0.0
2,2,131.25,train,Mid,Winter_Picnic,378.62,3520.59,4493.35,666.69,0.0
1,2,25.26,bus,Mid,Winter_Picnic,158.29,3992.48,1371.41,110.34,0.0
2,2,58.74,bike,Mid,Winter_Picnic,283.87,3309.3,4558.18,386.05,0.0
2,3,12.59,bus,Mid,Summer,229.34,6982.17,6490.01,673.64,0.0
4,3,49.97,auto,Mid,Summer,855.9,11047.11,8464.15,1159.08,183.22
3,1,28.6,bike,Premium,Summer,172.2,10258.78,4638.59,217.17,0.0
4,1,69.5,car,Mid,Winter_Picnic,1515.64,9416.48,3104.55,498.38,145.84
1,6,31.66,car,Premium,Winter_Picnic,1352.27,14935.95,8996.39,609.29,175.88
2,1,42.04,bike,Budget,Festival_Peak,281.83,1748.65,867.25,122.27,0.0
2,1,57.76,auto,Mid,Winter_Picnic,1133.21,3331.05,2250.22,279.85,167.35
1,1,31.0,train,Mid,Festival_Peak,185.69,3261.67,1518.93,102.37,0.0
1,1,83.26,car,Budget,Winter_Picnic,1450.48,1120.63,334.28,63.09,157.81
4,2,30.24,car,Mid,Festival_Peak,705.89,7874.34,9312.77,1163.95,78.73
1,4,54.17,auto,Budget,Winter_Picnic,1948.52,2290.13,2341.55,603.76,175.64
2,2,21.28,bike,Mid,Festival_Peak,250.38,5562.49,5599.88,779.88,0.0
1,2,69.55,auto,Mid,Monsoon,1087.83,1950.47,1264.49,224.72,217.2
1,3,22.33,auto,Budget,Monsoon,449.0,2073.52,1040.44,335.19,124.17
1,2,42.96,auto,Mid,Winter_Picnic,1123.49,4252.47,1905.91,446.38,106.21
6,4,20.86,bike,Mid,Festival_Peak,535.09,55878.14,25066.93,4477.18,0.0
4,4,80.02,car,Mid,Summer,1232.15,16916.15,14468.55,2111.39,220.16
6,1,22.33,auto,Budget,Summer,537.09,6087.36,2201.98,939.57,95.63
2,4,116.07,bus,Premium,Winter_Picnic,1502.91,13664.17,14387.56,1120.37,0.0
1,2,111.86,bike,Mid,Winter_Picnic,463.42,4238.46,1519.6,355.95,0.0
2,6,29.04,car,Mid,Summer,838.83,7715.15,10821.17,990.48,153.93
2,2,48.78,bike,Budget,Winter_Picnic,565.6,2042.69,1225.43,189.43,0.0
4,6,17.29,car,Premium,Festival_Peak,1072.91,101943.11,68874.76,4584.55,111.98
1,4,41.46,bike,Budget,Festival_Peak,768.88,3549.63,2067.42,539.39,0.0
2,1,65.76,train,Mid,Summer,216.01,3623.54,1692.91,297.57,0.0
1,2,69.38,bus,Mid,Summer,388.37,3313.01,1541.75,293.8,0.0
2,6,61.72,car,Budget,Summer,1957.49,4689.07,4291.72,1194.62,95.79
3,4,31.69,bike,Mid,Summer,435.95,8194.33,8461.88,889.35,0.0
2,1,33.44,car,Budget,Monsoon,419.36,1028.58,489.4,93.98,155.06
2,3,19.54,bus,Mid,Winter_Picnic,336.05,7290.55,6811.58,552.33,0.0
2,2,74.07,bike,Mid,Summer,442.5,3438.34,2845.39,269.44,0.0
2,1,45.99,car,Mid,Festival_Peak,888.3,2931.87,2280.45,409.81,67.0
4,2,74.48,bus,Premium,Festival_Peak,736.95,17569.66,20917.61,1310.37,0.0
5,1,26.56,bus,Mid,Monsoon,120.64,11442.09,3576.35,425.96,0.0
6,4,26.69,bus,Mid,Festival_Peak,349.55,36402.9,24426.76,2267.7,0.0
4,2,27.58,bus,Mid,Winter_Picnic,332.42,9121.81,9552.45,757.94,0.0
2,4,6.29,train,Budget,Winter_Picnic,238.63,3272.36,2473.11,852.75,0.0
3,1,29.79,car,Mid,Summer,419.27,4911.31,2241.37,376.23,105.67
2,2,93.15,car,Premium,Winter_Picnic,1452.32,6538.69,9032.12,239.27,241.11
1,1,123.3,bus,Budget,Summer,439.03,1159.27,526.93,152.18,0.0
4,1,41.91,car,Budget,Winter_Picnic,740.93,3740.7,1061.91,296.69,158.22
1,1,51.54,train,Budget,Monsoon,78.37,975.79,296.61,85.64,0.0
5,1,16.46,bike,Budget,Winter_Picnic,137.09,4456.72,2243.22,509.89,0.0
2,3,118.45,auto,Budget,Summer,2086.23,1929.76,2189.04,757.71,257.43
3,2,19.72,auto,Mid,Monsoon,403.4,3437.33,4722.91,488.68,100.76
3,2,149.76,auto,Mid,Winter_Picnic,3264.74,5155.8,3775.82,951.9,194.09
5,2,36.93,auto,Mid,Winter_Picnic,976.51,14295.06,8813.84,1629.25,133.46
3,4,28.23,car,Budget,Summer,500.24,5000.36,4299.14,1331.37,124.65
3,5,121.27,bike,Mid,Monsoon,1268.3,11313.0,12324.18,2233.69,0.0
1,2,20.43,car,Premium,Festival_Peak,535.75,7260.88,4101.92,356.56,121.78
2,2,51.08,car,Premium,Winter_Picnic,1099.64,7499.36,8501.45,426.63,78.57
1,1,56.56,auto,Mid,Monsoon,970.03,3140.77,851.77,67.21,94.69
3,5,22.92,auto,Budget,Winter_Picnic,1271.15,10794.85,5633.42,2828.66,74.02
2,1,46.59,car,Premium,Winter_Picnic,887.22,6175.57,3472.61,179.02,118.83
3,2,55.15,bus,Mid,Monsoon,282.46,3201.4,4088.96,521.92,0.0
1,2,66.91,bus,Budget,Winter_Picnic,581.58,1458.65,746.27,197.9,0.0
1,2,11.85,bus,Budget,Festival_Peak,232.0,2222.12,1309.99,423.17,0.0
3,1,137.47,train,Budget,Winter_Picnic,238.12,2178.23,1198.23,192.82,0.0
1,4,20.06,car,Budget,Summer,404.64,2247.51,1543.12,406.65,150.82
1,1,32.24,train,Budget,Festival_Peak,230.99,2188.1,560.44,214.37,0.0
1,3,20.7,bus,Premium,Summer,214.33,9069.95,5078.58,192.56,0.0
6,1,13.76,bus,Mid,Festival_Peak,79.41,18219.67,7088.39,613.12,0.0
3,1,27.65,bike,Mid,Monsoon,217.16,4374.22,2763.28,278.32,0.0
2,5,199.57,train,Mid,Winter_Picnic,1673.23,10434.21,11318.75,1859.4,0.0
1,1,40.89,car,Mid,Winter_Picnic,719.27,3453.14,876.96,115.27,122.9
2,4,30.24,bus,Premium,Summer,516.79,12160.95,14402.86,936.94,0.0
4,2,11.86,bike,Premium,Winter_Picnic,163.86,20627.43,16539.94,1484.67,0.0
3,1,68.02,auto,Budget,Winter_Picnic,1193.36,2372.24,1035.0,509.34,116.05
1,5,99.21,auto,Premium,Monsoon,2516.73,12823.83,5985.06,245.46,209.26
1,1,33.89,auto,Mid,Winter_Picnic,764.24,2602.24,886.89,115.79,83.13
1,4,17.87,bike,Budget,Winter_Picnic,297.73,2210.37,1642.75,303.36,0.0
3,1,29.25,bus,Mid,Monsoon,106.5,3687.85,2116.12,289.82,0.0
4,4,22.77,bike,Mid,Festival_Peak,528.02,15585.95,18641.52,2778.92,0.0
1,1,12.27,auto,Premium,Festival_Peak,401.57,7409.82,1882.19,141.39,124.32
1,2,47.08,bike,Budget,Summer,400.42,1172.44,653.78,117.56,0.0
1,4,30.87,car,Mid,Winter_Picnic,646.33,6984.08,4119.14,531.0,192.86
6,5,49.2,auto,Budget,Summer,1774.96,18281.28,6145.74,989.97,147.69
1,5,35.95,auto,Budget,Winter_Picnic,1706.92,4611.74,2277.49,558.4,148.11
4,4,146.01,car,Budget,Festival_Peak,3140.29,8603.39,8109.08,2035.11,178.34
3,4,115.41,car,Mid,Summer,1302.42,10070.06,7339.44,365.05,256.06
2,1,51.24,bike,Mid,Festival_Peak,506.5,4645.54,2411.48,295.51,0.0
1,2,34.57,bike,Budget,Winter_Picnic,305.93,1807.9,634.69,373.81,0.0
1,2,27.7,auto,Mid,Summer,571.18,2689.09,1332.36,169.24,172.72
3,2,47.98,train,Budget,Festival_Peak,294.33,2812.58,2670.0,419.44,0.0
4,2,66.09,auto,Budget,Winter_Picnic,1494.38,4126.3,3578.02,620.92,210.1
3,2,45.99,car,Mid,Winter_Picnic,823.95,6537.29,3866.08,667.3,67.59
2,1,102.56,auto,Budget,Winter_Picnic,2408.37,1394.98,1372.19,240.78,226.22
1,3,135.3,car,Mid,Summer,2002.61,5693.03,1502.94,106.21,192.28
6,1,41.92,bike,Budget,Summer,269.43,6192.94,2245.68,963.91,0.0
4,2,59.05,bike,Budget,Festival_Peak,550.43,3915.43,3501.75,531.28,0.0
1,2,19.98,car,Mid,Winter_Picnic,607.18,3067.57,1593.88,238.88,61.46
6,4,19.65,auto,Mid,Festival_Peak,1447.82,49003.15,29325.71,2286.15,150.29
3,3,31.44,bike,Budget,Summer,251.27,3904.84,2754.56,941.34,0.0
3,3,22.66,car,Mid,Winter_Picnic,454.68,12663.28,5683.07,1397.23,58.49
3,1,104.25,train,Mid,Festival_Peak,288.39,9254.32,2739.69,303.1,0.0
4,2,22.89,auto,Mid,Summer,409.54,9829.98,5562.15,311.88,130.06
3,1,51.7,car,Budget,Monsoon,797.09,2275.46,830.57,377.25,144.98
1,2,58.38,train,Mid,Winter_Picnic,325.84,3777.19,1523.27,100.06,0.0
2,2,75.77,bus,Mid,Summer,464.1,2000.88,3331.42,381.95,0.0
5,1,39.75,car,Budget,Monsoon,578.06,3222.18,1299.43,171.81,65.01
1,2,106.0,car,Mid,Festival_Peak,2037.52,4125.76,1782.42,169.82,128.5
2,5,59.9,bike,Premium,Festival_Peak,1100.45,20868.08,28706.92,753.2,0.0
2,5,40.48,car,Mid,Winter_Picnic,2183.85,8024.9,10558.03,573.07,96.03
2,2,25.5,auto,Mid,Winter_Picnic,680.95,3125.06,2530.53,703.42,57.71
3,1,38.95,bike,Mid,Festival_Peak,470.92,8618.02,3700.71,574.23,0.0
6,1,84.93,car,Mid,Winter_Picnic,1845.95,20910.01,6272.78,740.89,216.61
1,2,65.01,bike,Mid,Monsoon,280.61,2785.96,957.95,230.7,0.0
1,5,97.06,car,Mid,Monsoon,2473.65,9880.52,4118.99,498.2,155.62
1,1,53.44,car,Mid,Monsoon,659.32,1661.82,759.26,59.46,160.87
5,4,29.43,car,Budget,Monsoon,444.92,6252.65,4208.28,864.35,60.47
3,1,6.69,bike,Budget,Summer,113.77,1336.19,1009.84,316.08,0.0
1,6,31.28,bike,Premium,Summer,516.58,23429.98,10848.47,1029.91,0.0
4,2,66.38,car,Budget,Summer,1058.94,2738.21,2906.72,942.9,212.05
4,4,87.8,train,Mid,Monsoon,668.94,12836.84,9594.04,1071.68,0.0
4,2,36.65,bike,Premium,Winter_Picnic,179.34,24284.9,12039.06,615.51,0.0
5,3,41.41,auto,Mid,Summer,672.89,14620.26,11970.85,1652.02,154.52
1,1,40.74,bus,Premium,Winter_Picnic,222.72,6915.47,2093.79,118.55,0.0
4,1,42.96,bike,Mid,Monsoon,251.41,5332.75,3096.65,254.87,0.0
2,5,19.53,bus,Budget,Festival_Peak,468.53,5432.92,3609.92,485.14,0.0
4,5,27.88,car,Mid,Festival_Peak,1367.98,32679.54,17451.67,2469.39,145.93
3,4,26.98,car,Budget,Winter_Picnic,551.16,6180.88,5224.66,853.27,137.91
4,3,26.55,auto,Budget,Winter_Picnic,703.4,8917.36,5379.82,552.15,113.68
3,4,21.73,auto,Budget,Festival_Peak,1147.55,6054.38,7967.97,1532.82,108.97
1,1,7.58,auto,Budget,Summer,202.96,887.97,209.82,32.47,175.77
2,2,59.54,bus,Budget,Festival_Peak,433.62,2262.01,1220.39,235.39,0.0
7,2,23.83,car,Budget,Winter_Picnic,508.02,6921.47,5244.47,1612.42,59.41
5,3,187.17,car,Mid,Winter_Picnic,2984.83,20164.08,9421.96,2171.24,244.23
1,2,15.46,bus,Mid,Summer,210.53,3853.65,2231.36,286.61,0.0
1,1,39.17,auto,Budget,Winter_Picnic,986.44,1991.68,414.02,59.35,144.36
1,3,35.43,car,Budget,Winter_Picnic,1025.89,3757.32,1108.92,256.26,59.29
3,4,12.75,car,Mid,Winter_Picnic,413.38,9936.74,9008.41,1261.58,79.82
4,2,88.56,bus,Mid,Winter_Picnic,571.06,7714.21,7017.51,1281.35,0.0
1,1,18.91,auto,Premium,Monsoon,292.04,3601.06,1306.1,40.37,68.73
2,1,143.44,car,Budget,Summer,2191.06,1018.05,974.79,251.19,145.24
4,1,110.8,bus,Mid,Summer,323.69,6190.62,3180.44,491.95,0.0
3,2,57.71,car,Mid,Summer,954.56,7963.19,5816.9,799.05,185.38
2,3,46.38,bike,Mid,Monsoon,289.27,4152.61,4637.93,310.75,0.0
3,3,61.72,car,Budget,Monsoon,799.62,5046.49,2743.15,766.99,196.29
2,3,37.9,auto,Budget,Summer,623.7,1737.8,1177.29,622.73,76.19
1,2,53.89,car,Budget,Winter_Picnic,1259.68,2400.55,1306.2,343.49,77.08
3,4,25.7,train,Budget,Monsoon,308.93,4103.82,3154.7,1695.91,0.0
3,1,14.99,car,Mid,Festival_Peak,476.16,5414.26,3894.47,357.62,92.61
5,2,34.11,car,Mid,Winter_Picnic,711.96,14287.47,7558.65,1048.69,195.12
3,4,48.64,car,Mid,Winter_Picnic,831.92,12650.22,9120.51,1461.58,168.33
4,1,115.45,bike,Mid,Monsoon,591.81,5731.08,2567.79,420.39,0.0
1,1,20.25,auto,Mid,Winter_Picnic,575.05,3932.67,1181.95,214.95,107.83
2,4,96.72,train,Budget,Winter_Picnic,1302.69,2229.34,3146.89,510.41,0.0
1,2,16.72,car,Premium,Festival_Peak,391.94,6656.68,4370.02,117.9,78.44
1,3,33.24,bike,Mid,Winter_Picnic,469.47,7210.81,3501.85,336.51,0.0
3,1,38.52,auto,Budget,Winter_Picnic,1018.28,3017.76,1498.43,593.71,103.01
7,3,29.6,car,Budget,Festival_Peak,886.95,15918.24,13660.45,3360.54,99.47
1,2,29.45,bus,Mid,Monsoon,272.15,2615.77,1980.82,76.44,0.0
2,1,38.35,bus,Mid,Monsoon,118.82,1905.03,1455.16,58.98,0.0
4,3,94.48,auto,Budget,Winter_Picnic,1797.02,5181.42,5328.25,1082.98,130.44
1,1,38.43,train,Mid,Monsoon,181.18,1651.65,626.48,60.8,0.0
3,2,47.6,car,Mid,Monsoon,787.13,5343.2,4403.12,450.5,94.3
3,1,93.06,car,Mid,Winter_Picnic,1570.74,6473.33,2752.69,343.88,138.16
3,1,61.42,car,Budget,Summer,862.46,1347.04,634.75,281.74,82.12
1,2,39.66,bike,Budget,Winter_Picnic,293.71,1731.98,919.7,139.84,0.0
2,1,20.97,train,Premium,Festival_Peak,117.9,7516.4,5349.63,434.39,0.0
4,5,108.55,bike,Mid,Summer,1773.69,18281.18,17998.15,1773.99,0.0
3,1,54.01,auto,Budget,Summer,837.46,1998.08,896.13,311.62,136.31
1,2,28.02,bus,Budget,Monsoon,130.62,732.08,531.83,166.49,0.0
4,1,34.91,car,Budget,Monsoon,552.48,2682.71,989.09,209.84,120.44
1,2,91.26,bus,Budget,Monsoon,523.26,1291.5,618.94,99.83,0.0
3,5,19.21,car,Mid,Monsoon,574.84,10461.21,6444.45,1306.97,55.27
1,1,231.03,auto,Premium,Summer,4530.67,6830.77,1726.9,73.55,245.05
6,6,20.76,train,Budget,Summer,340.92,14905.23,7207.67,1140.21,0.0
2,1,84.84,bike,Budget,Winter_Picnic,552.83,1217.75,1381.88,391.24,0.0
2,3,44.44,bus,Premium,Festival_Peak,504.03,14155.38,18899.19,1341.43,0.0
1,2,40.1,auto,Budget,Winter_Picnic,878.49,1325.82,545.37,270.36,64.16
2,4,100.77,bus,Premium,Winter_Picnic,1399.88,11322.43,18126.84,792.99,0.0
5,3,41.99,bike,Mid,Monsoon,340.44,12258.99,11616.72,1625.65,0.0
7,2,43.75,car,Premium,Winter_Picnic,951.86,45158.6,31588.33,2511.64,182.46
2,1,25.08,bus,Budget,Summer,144.32,872.16,504.1,81.91,0.0
2,1,22.29,car,Budget,Monsoon,392.61,1121.11,415.81,164.79,100.26
3,5,19.17,car,Mid,Festival_Peak,1054.91,24432.62,15239.21,2490.05,143.55
5,2,58.48,bus,Mid,Summer,344.31,12277.26,6109.82,1141.91,0.0
3,2,20.72,car,Budget,Summer,539.4,2632.21,2159.97,816.04,185.05
2,4,22.62,train,Premium,Festival_Peak,371.99,13156.75,17388.76,668.18,0.0
2,2,34.31,car,Mid,Festival_Peak,1082.82,5145.17,4297.92,765.05,201.11
3,5,66.3,bike,Mid,Summer,1071.69,20431.36,14495.41,1376.59,0.0
1,3,72.93,bike,Budget,Summer,1015.27,3050.72,801.94,314.62,0.0
3,3,20.34,auto,Mid,Winter_Picnic,568.37,12797.62,5630.26,1223.21,93.56
2,4,9.24,bike,Mid,Winter_Picnic,244.16,6191.15,5965.21,967.36,0.0
4,1,146.91,car,Budget,Monsoon,1544.32,2473.75,923.27,238.88,224.5
1,2,22.89,bike,Premium,Winter_Picnic,237.93,5852.9,3465.59,129.28,0.0
3,2,108.08,bike,Budget,Festival_Peak,1069.88,2731.4,1824.94,454.46,0.0
2,1,103.02,bike,Budget,Summer,416.55,843.41,802.48,224.1,0.0
3,3,83.17,bus,Budget,Festival_Peak,1199.54,3984.54,3229.87,1230.11,0.0
1,5,30.78,car,Mid,Festival_Peak,1227.0,8747.31,5820.19,514.47,203.24
3,2,99.89,auto,Mid,Summer,1689.63,5148.07,2966.05,647.42,164.58
3,2,78.42,bus,Budget,Winter_Picnic,361.33,2016.53,1853.74,788.55,0.0
3,6,50.04,bike,Budget,Summer,958.24,7286.87,7553.98,1675.8,0.0
3,2,39.01,train,Budget,Winter_Picnic,313.06,2676.63,1803.97,320.18,0.0
3,2,27.36,car,Budget,Winter_Picnic,537.47,1951.18,2657.28,1111.2,153.74
4,2,14.69,bike,Mid,Summer,137.37,10358.02,5847.29,1148.48,0.0
1,5,55.17,car,Budget,Winter_Picnic,1952.6,2594.24,1312.03,656.45,211.55
4,3,48.57,bus,Budget,Festival_Peak,611.43,7561.98,6361.46,663.11,0.0
2,4,25.55,car,Premium,Summer,439.17,8210.27,12016.64,1013.57,117.48
1,4,34.43,bus,Mid,Monsoon,321.04,3632.23,2702.47,295.39,0.0
1,2,37.78,bike,Mid,Monsoon,153.04,2374.83,901.42,160.55,0.0
2,2,64.33,auto,Budget,Winter_Picnic,1412.51,1738.16,1313.95,366.06,225.78
4,4,115.41,bike,Budget,Festival_Peak,1507.23,10627.39,6998.68,2161.91,0.0
3,2,19.46,auto,Mid,Festival_Peak,571.71,8340.56,6054.22,974.13,101.73
4,4,33.4,auto,Budget,Summer,1293.63,4340.69,5663.63,1466.96,90.9
2,5,25.44,train,Budget,Winter_Picnic,455.76,3361.56,4637.24,2245.18,0.0
2,3,50.29,bike,Premium,Summer,543.84,9981.69,7265.75,759.96,0.0
1,3,82.31,car,Premium,Monsoon,966.53,8763.16,3057.38,357.57,101.78
2,4,130.36,car,Budget,Winter_Picnic,2307.3,2337.27,4483.0,577.88,211.14
2,4,39.71,bus,Budget,Winter_Picnic,623.96,4766.84,3010.43,593.38,0.0
1,2,143.43,train,Premium,Winter_Picnic,806.94,6471.06,3723.95,206.35,0.0
1,1,23.37,bus,Budget,Festival_Peak,178.39,1397.67,459.21,196.65,0.0
3,2,51.04,train,Mid,Winter_Picnic,181.82,6369.22,4559.66,1102.04,0.0
3,3,9.26,bus,Premium,Winter_Picnic,187.98,27485.13,16930.55,1018.63,0.0
7,2,123.4,train,Premium,Monsoon,482.83,20666.55,16685.81,1115.11,0.0
5,3,56.13,car,Mid,Festival_Peak,1419.35,29133.46,19688.59,1093.51,195.39
3,2,62.87,bike,Budget,Winter_Picnic,493.26,3076.35,2347.51,335.54,0.0
2,3,99.2,car,Budget,Festival_Peak,1890.49,3652.0,2725.21,1009.32,246.4
3,1,23.47,car,Premium,Summer,385.62,10983.0,4233.8,375.96,122.81
4,3,23.83,auto,Premium,Winter_Picnic,539.9,34019.23,21063.49,717.8,114.2
1,2,106.3,auto,Mid,Winter_Picnic,2541.3,3086.6,1515.45,268.35,189.46
2,1,32.49,car,Mid,Monsoon,636.09,2253.7,1701.68,288.29,173.43
4,2,20.92,train,Mid,Winter_Picnic,219.07,9483.48,6126.57,447.27,0.0
2,3,40.52,bike,Mid,Festival_Peak,775.28,8860.76,7309.36,1386.78,0.0
3,2,63.87,bus,Mid,Monsoon,382.77,3554.82,4106.68,650.09,0.0
3,1,9.73,car,Mid,Monsoon,227.2,4363.54,1768.45,286.04,88.15
1,6,22.45,train,Mid,Winter_Picnic,516.39,11398.63,7246.69,619.08,0.0
2,3,18.04,train,Budget,Summer,210.06,1865.71,1808.8,330.54,0.0
2,5,42.69,bus,Mid,Winter_Picnic,529.23,6883.39,7525.48,778.83,0.0
1,2,110.36,car,Mid,Winter_Picnic,2003.38,3242.0,1956.0,111.85,132.53
1,2,195.26,auto,Budget,Summer,2604.43,945.87,1020.85,293.19,192.58
4,4,69.54,car,Mid,Festival_Peak,1948.37,33519.18,22232.26,1088.69,103.41
1,2,17.87,bus,Mid,Winter_Picnic,177.64,2522.16,1373.95,311.78,0.0
2,3,124.7,bus,Premium,Festival_Peak,881.1,14798.87,15672.01,664.31,0.0
1,2,52.48,bus,Budget,Winter_Picnic,433.3,1309.12,1091.6,117.64,0.0
6,2,21.47,bike,Mid,Festival_Peak,288.82,21919.34,14695.68,2799.98,0.0
1,1,138.39,car,Budget,Monsoon,2003.01,1132.47,272.14,115.44,204.53
2,1,83.48,auto,Premium,Summer,1368.13,4171.6,3025.35,141.73,122.72
5,1,73.36,bike,Budget,Monsoon,309.82,3568.92,1384.26,453.77,0.0
4,1,71.96,auto,Mid,Summer,1284.65,6758.29,4286.96,474.67,231.63
1,6,28.91,bike,Mid,Festival_Peak,934.23,10451.61,8458.12,975.55,0.0
4,1,27.51,bus,Budget,Winter_Picnic,177.78,5356.22,1257.17,384.58,0.0
2,3,75.03,auto,Premium,Festival_Peak,2036.61,22852.07,12653.32,1168.81,138.84
2,4,23.3,auto,Mid,Summer,932.0,5687.71,5608.2,612.18,133.8
1,3,36.98,train,Budget,Summer,341.89,1302.8,1372.87,203.39,0.0
1,1,77.82,auto,Budget,Festival_Peak,2466.05,2057.54,536.88,241.57,242.05
3,3,74.71,bike,Budget,Summer,804.64,2814.33,2395.1,273.67,0.0
2,3,33.03,auto,Budget,Winter_Picnic,762.35,2240.03,2724.07,649.96,198.46
2,3,93.1,bike,Premium,Summer,886.14,11047.28,9876.64,274.31,0.0
3,4,100.65,bike,Premium,Festival_Peak,2198.05,27895.61,25178.61,2938.3,0.0
4,6,66.07,bike,Budget,Winter_Picnic,1251.23,11240.48,7470.2,2507.22,0.0
1,3,28.96,car,Mid,Winter_Picnic,688.62,7189.23,2377.66,538.63,193.01
3,2,36.39,bike,Mid,Monsoon,174.48,4268.03,4598.24,285.57,0.0
1,3,31.62,auto,Budget,Winter_Picnic,675.19,3826.03,1200.17,149.0,168.81
4,1,28.0,bus,Budget,Festival_Peak,170.65,6656.74,2164.87,637.78,0.0
3,4,26.55,car,Budget,Festival_Peak,609.45,7245.95,5237.95,1606.21,160.51
6,1,34.11,train,Mid,Monsoon,143.91,16436.52,3144.36,284.83,0.0
1,2,46.31,car,Mid,Summer,851.8,3027.23,2029.99,359.56,105.67
1,4,117.73,auto,Mid,Summer,3813.48,4291.4,3428.43,168.96,190.62
1,3,21.25,bus,Budget,Monsoon,173.43,2514.44,618.9,112.16,0.0
1,2,72.99,bike,Mid,Winter_Picnic,515.22,3571.19,1885.64,328.38,0.0
1,2,60.07,bike,Mid,Monsoon,258.95,2165.06,1500.04,70.2,0.0
5,4,21.35,car,Premium,Summer,419.25,40249.53,29963.49,1819.32,165.53
1,2,126.42,car,Budget,Winter_Picnic,2196.01,1519.74,970.98,310.78,144.74
1,4,43.87,bus,Premium,Winter_Picnic,785.64,11981.08,9882.3,404.94,0.0
4,1,44.32,train,Mid,Winter_Picnic,96.34,9581.37,2472.51,582.11,0.0
2,4,81.41,auto,Budget,Festival_Peak,3964.95,2831.51,3552.06,476.28,125.88
4,4,35.93,car,Budget,Monsoon,637.47,4422.88,4967.58,1700.49,133.77
1,1,71.74,car,Premium,Winter_Picnic,1293.52,6396.92,1874.22,41.16,170.98
2,2,13.96,train,Mid,Summer,158.65,3187.08,2431.18,622.81,0.0
1,1,97.55,bus,Premium,Summer,257.4,6290.61,1404.01,121.7,0.0
1,3,45.27,train,Mid,Monsoon,230.55,4739.54,2090.9,353.42,0.0
5,2,69.77,auto,Mid,Monsoon,1149.98,8698.34,5095.35,1238.98,150.71
1,3,21.33,bus,Budget,Summer,252.95,2367.42,728.3,508.85,0.0
2,1,73.36,auto,Budget,Summer,1391.58,1276.74,716.89,183.83,132.75
2,1,90.06,auto,Premium,Festival_Peak,1769.57,6815.5,5335.53,167.91,168.29
2,1,47.25,train,Budget,Winter_Picnic,175.01,1163.81,710.38,338.87,0.0
5,2,66.9,bike,Budget,Festival_Peak,488.98,5226.1,3734.4,801.6,0.0
1,3,40.38,train,Mid,Winter_Picnic,322.18,4994.19,2680.35,437.08,0.0
3,4,125.09,bike,Mid,Summer,1051.63,11145.94,7211.14,1435.4,0.0
6,3,50.06,bus,Budget,Summer,522.97,12183.26,5399.19,2407.92,0.0
3,2,88.82,auto,Budget,Summer,1468.91,2495.41,2088.14,365.92,182.55
5,5,95.87,auto,Mid,Summer,2994.74,33725.9,19980.65,2936.96,175.93
1,3,38.47,auto,Budget,Winter_Picnic,698.59,1832.75,1084.99,503.33,184.63
2,5,25.97,car,Mid,Winter_Picnic,1174.73,7624.26,7484.27,483.92,134.51
1,2,39.77,auto,Budget,Summer,740.21,1764.84,817.75,154.61,199.93
3,2,86.74,car,Mid,Monsoon,1351.02,3962.58,5542.46,220.73,192.22
7,1,26.01,bike,Mid,Monsoon,203.36,14439.84,3660.25,384.97,0.0
1,3,55.07,bike,Mid,Summer,431.26,5205.2,2720.89,251.81,0.0
3,1,79.13,bike,Budget,Monsoon,356.34,2148.84,1227.56,141.34,0.0
1,2,30.08,car,Mid,Winter_Picnic,575.84,2562.85,1645.64,118.71,151.96
3,2,51.3,bus,Budget,Monsoon,197.01,1582.81,1600.08,510.11,0.0
2,3,26.0,bus,Budget,Winter_Picnic,384.45,3944.9,1642.26,1077.66,0.0
6,3,24.77,auto,Mid,Summer,488.06,20202.54,16283.04,1898.8,78.77
3,1,92.15,car,Mid,Monsoon,1097.24,3216.51,2056.94,99.81,226.59
2,2,28.59,bus,Mid,Festival_Peak,238.52,5098.79,6320.08,606.25,0.0
1,3,31.42,auto,Budget,Winter_Picnic,917.52,3073.59,1171.11,332.02,106.67
1,6,97.02,car,Budget,Summer,3144.22,2741.57,1932.2,747.26,233.95
1,3,42.62,car,Premium,Festival_Peak,1102.24,13133.35,6116.38,470.99,124.37
1,5,183.12,bike,Mid,Monsoon,2636.29,6161.23,4150.21,749.09,0.0
4,4,191.94,bike,Mid,Summer,2411.86,14569.56,15402.84,1105.74,0.0
3,3,32.97,bike,Mid,Winter_Picnic,458.8,16151.55,6743.15,1305.08,0.0
2,1,25.37,car,Budget,Winter_Picnic,596.98,1391.55,762.48,218.78,53.35
1,3,74.19,bike,Mid,Summer,785.25,6143.3,1924.04,371.65,0.0
4,3,39.35,bike,Budget,Monsoon,341.2,5099.24,1995.31,743.87,0.0
3,3,24.04,auto,Mid,Festival_Peak,548.25,18569.65,9120.88,464.67,160.96
1,2,61.13,bike,Mid,Summer,210.96,2405.39,1407.77,136.66,0.0
3,2,14.15,bike,Premium,Monsoon,153.77,8629.0,8524.5,525.04,0.0
2,2,105.0,train,Mid,Winter_Picnic,567.37,3354.25,4477.56,475.6,0.0
1,2,15.05,bike,Budget,Festival_Peak,169.7,2718.04,1029.65,214.83,0.0
2,1,11.59,car,Mid,Monsoon,258.44,2783.45,1426.89,72.12,132.57
2,4,16.36,auto,Budget,Winter_Picnic,811.94,3223.35,2105.56,533.54,130.96
1,1,163.24,car,Budget,Winter_Picnic,2630.76,957.76,208.2,136.16,303.35
6,1,74.21,car,Budget,Summer,1185.86,3418.01,1645.16,467.04,215.88
4,2,97.5,auto,Mid,Winter_Picnic,2060.54,11992.16,7122.94,962.11,144.97
3,3,34.74,bus,Budget,Festival_Peak,442.78,4325.68,2686.2,1338.54,0.0
2,2,35.44,car,Mid,Summer,720.3,4003.73,3813.1,172.74,62.63
2,2,35.77,bus,Premium,Monsoon,183.41,4450.9,4783.39,464.51,0.0
3,3,37.82,car,Mid,Festival_Peak,1059.76,16415.29,11837.84,1885.36,63.97
2,2,55.47,train,Budget,Winter_Picnic,382.92,860.96,2301.22,739.69,0.0
1,5,65.06,bus,Budget,Summer,604.2,2806.45,1582.33,150.78,0.0
2,5,20.15,train,Mid,Winter_Picnic,254.44,12025.32,7540.07,1648.96,0.0
4,2,155.84,car,Premium,Winter_Picnic,2084.86,20910.56,15002.22,923.84,300.92
2,2,29.63,car,Budget,Winter_Picnic,643.84,1411.81,1837.43,289.23,137.63
1,3,157.37,bus,Mid,Festival_Peak,1458.39,9333.26,2746.34,233.51,0.0
4,1,7.5,bus,Mid,Summer,99.02,9832.82,3212.91,357.87,0.0
1,2,35.51,train,Mid,Summer,184.36,2800.72,1196.44,74.34,0.0
1,2,29.94,auto,Premium,Winter_Picnic,810.64,6436.04,3862.32,328.43,88.87
1,5,42.02,bus,Mid,Summer,657.72,11693.08,5519.22,599.09,0.0
2,1,53.7,auto,Mid,Winter_Picnic,1228.87,3337.39,1261.17,257.57,135.97
4,3,36.09,car,Budget,Summer,737.2,6115.62,4241.45,633.74,170.92
2,3,47.35,bike,Mid,Monsoon,469.47,4905.46,3140.41,295.97,0.0
1,2,71.74,auto,Mid,Winter_Picnic,1479.93,4002.75,2247.76,110.18,96.13
5,1,58.02,train,Budget,Winter_Picnic,172.96,8996.86,1971.83,496.87,0.0
5,6,91.62,bike,Mid,Winter_Picnic,1683.05,30193.62,18758.47,2727.82,0.0
5,2,28.57,car,Budget,Winter_Picnic,732.25,6137.73,4524.65,2131.15,196.23
1,3,55.48,car,Budget,Monsoon,705.22,1673.77,752.7,291.88,86.45
2,1,50.07,bike,Budget,Summer,344.96,1466.78,636.86,153.28,0.0
7,2,28.4,auto,Mid,Winter_Picnic,923.94,18232.43,12595.29,842.0,76.2
4,2,51.34,car,Premium,Summer,812.35,16532.8,14359.97,300.42,176.28
1,1,41.87,bike,Mid,Winter_Picnic,372.49,3132.86,676.89,108.85,0.0
1,1,18.47,bus,Mid,Winter_Picnic,135.72,4380.36,967.06,71.78,0.0
2,4,23.46,train,Budget,Summer,287.19,3087.17,2532.92,441.34,0.0
5,1,22.38,auto,Premium,Winter_Picnic,560.81,20014.71,8798.13,899.81,97.08
2,1,71.08,bike,Mid,Monsoon,382.3,2169.88,1517.48,157.74,0.0
2,2,61.48,car,Mid,Winter_Picnic,1200.96,3506.6,3004.84,730.09,212.97
1,4,158.46,car,Mid,Summer,1854.76,5136.93,3743.22,480.55,246.62
3,1,75.07,auto,Budget,Monsoon,934.74,1815.63,907.02,88.65,153.61
4,3,16.41,bike,Mid,Winter_Picnic,449.94,16449.87,12622.95,1288.96,0.0
2,1,114.97,car,Premium,Winter_Picnic,2046.32,7004.46,3001.45,327.31,221.46
4,1,113.4,train,Budget,Winter_Picnic,303.41,3174.75,1246.46,771.7,0.0
6,1,47.25,auto,Mid,Winter_Picnic,1020.71,17450.1,5230.34,814.31,89.21
1,4,45.47,car,Premium,Winter_Picnic,863.71,9961.32,7042.46,665.09,94.47
2,1,179.63,train,Budget,Summer,330.24,1230.3,704.47,217.48,0.0
1,1,48.61,car,Mid,Winter_Picnic,795.32,3160.44,615.14,98.36,98.88
4,2,117.37,car,Premium,Winter_Picnic,2103.49,24533.79,16571.69,1482.58,163.05
3,4,22.9,car,Mid,Summer,387.43,9938.46,7246.54,1738.94,192.89
3,2,31.07,train,Budget,Winter_Picnic,228.74,4000.18,3453.01,406.61,0.0
4,2,45.78,car,Budget,Festival_Peak,900.29,3063.36,3434.4,1610.42,109.69
2,1,64.34,bus,Budget,Monsoon,194.14,1015.71,592.63,100.18,0.0
5,2,86.68,car,Mid,Festival_Peak,1804.68,18484.38,8828.62,1270.26,189.36
2,3,222.52,car,Mid,Monsoon,2550.94,3335.14,3086.06,570.44,243.46
1,3,42.49,auto,Mid,Summer,909.63,7691.42,2276.34,248.97,125.77
3,2,14.43,auto,Budget,Summer,348.87,1999.96,2086.09,848.36,64.09
4,2,92.37,bus,Budget,Winter_Picnic,657.24,3435.95,2477.2,586.99,0.0
2,1,48.81,auto,Mid,Monsoon,749.9,2622.0,1481.3,241.53,90.65
4,2,30.75,car,Mid,Festival_Peak,880.3,13242.77,8364.67,611.46,64.57
5,1,46.38,auto,Premium,Festival_Peak,1286.96,28017.15,14418.58,1023.93,164.94
1,4,71.87,bus,Mid,Winter_Picnic,990.71,9888.78,4789.46,502.49,0.0
7,6,84.33,bike,Mid,Winter_Picnic,1592.62,63105.93,41954.81,6467.8,0.0
1,6,48.99,bus,Mid,Festival_Peak,1048.57,7775.78,4482.05,892.16,0.0
1,4,25.58,car,Mid,Festival_Peak,668.87,7398.03,4011.59,353.89,66.83
1,3,169.4,bike,Budget,Winter_Picnic,2386.76,3041.37,1041.67,639.05,0.0
5,3,62.67,car,Premium,Winter_Picnic,1172.79,60209.49,31476.45,3080.05,214.81
3,2,40.0,auto,Mid,Winter_Picnic,1047.02,8374.0,5377.21,1105.86,209.79
1,3,37.34,auto,Budget,Winter_Picnic,862.39,2989.7,969.96,380.06,187.45
2,2,82.67,auto,Budget,Summer,1327.14,1134.95,1178.88,378.79,211.31
3,2,28.06,bike,Budget,Winter_Picnic,256.5,2226.31,2375.22,287.04,0.0
1,4,28.55,train,Mid,Monsoon,286.7,5028.33,2562.19,596.35,0.0
5,2,47.75,bike,Budget,Summer,225.18,2972.16,1952.95,1232.26,0.0
4,2,35.33,car,Budget,Winter_Picnic,710.47,7044.1,3062.18,1165.17,126.12
2,5,53.7,auto,Mid,Festival_Peak,2994.54,12187.83,10197.48,955.11,87.18
6,1,18.07,car,Budget,Festival_Peak,451.28,6521.9,2216.14,792.99,90.79
2,2,65.57,auto,Mid,Winter_Picnic,1580.64,3769.7,3035.57,409.93,135.63
7,5,20.35,car,Mid,Winter_Picnic,840.35,40798.19,35066.0,2124.18,123.59
3,3,19.46,car,Mid,Monsoon,308.72,9572.26,5473.59,310.09,134.76
3,2,27.82,car,Budget,Winter_Picnic,619.6,3277.16,2291.23,676.86,160.72
1,1,135.04,bike,Budget,Monsoon,560.06,874.7,290.22,110.0,0.0
5,2,104.86,car,Budget,Summer,1421.86,3087.97,2037.63,944.18,232.46
2,4,34.0,auto,Mid,Winter_Picnic,1592.08,6024.8,9551.09,1438.68,178.76
1,3,88.32,bike,Mid,Summer,1394.5,4870.89,3366.24,308.24,0.0
1,2,52.97,car,Budget,Monsoon,842.66,1448.19,893.35,69.77,217.16
3,1,170.65,car,Mid,Festival_Peak,3158.3,8285.96,3945.11,325.36,171.27
2,1,39.63,car,Budget,Summer,647.97,985.09,604.56,74.52,167.51
3,6,67.74,car,Premium,Monsoon,1866.43,39875.09,27636.41,1994.06,193.82
5,2,11.2,auto,Premium,Monsoon,254.76,16997.26,15443.98,619.82,55.81
1,3,33.91,auto,Mid,Summer,581.81,4212.05,2842.73,93.36,200.85
3,1,172.36,bike,Mid,Monsoon,912.94,5280.02,2736.83,138.7,0.0
1,3,53.61,car,Mid,Winter_Picnic,1025.96,7991.17,2381.61,443.18,218.74
4,5,40.0,car,Mid,Summer,1605.51,30159.43,19270.31,3473.57,206.0
4,3,26.11,auto,Mid,Festival_Peak,566.23,22001.8,14062.87,1812.56,89.37
2,1,78.55,car,Premium,Monsoon,774.97,4945.51,2505.14,131.56,139.08
3,3,55.91,car,Mid,Winter_Picnic,1077.76,16087.3,6868.51,1685.81,171.95
2,4,41.5,car,Mid,Winter_Picnic,920.88,5330.92,10769.3,1057.46,167.92
2,2,141.07,car,Mid,Winter_Picnic,3129.6,3750.59,3610.77,602.72,145.34
4,4,19.43,car,Mid,Winter_Picnic,435.13,24133.09,17989.14,2544.04,107.76
2,3,30.68,car,Mid,Festival_Peak,710.47,8418.36,6939.05,597.74,122.3
2,4,126.2,auto,Budget,Summer,3692.4,2277.78,2454.58,308.57,153.36
2,3,39.66,bike,Budget,Winter_Picnic,768.97,3224.03,2841.81,527.19,0.0
4,1,35.17,bike,Budget,Festival_Peak,306.61,4357.54,1814.96,230.53,0.0
2,2,39.83,car,Mid,Monsoon,700.8,3334.34,2082.29,189.77,158.98
1,1,95.32,bus,Mid,Monsoon,171.68,1431.35,914.23,82.16,0.0
3,5,17.26,car,Premium,Summer,670.83,39241.8,22464.94,609.19,178.3
4,4,142.24,bike,Mid,Winter_Picnic,1883.94,15157.65,16096.34,2077.45,0.0
1,3,92.97,bus,Mid,Summer,629.07,5821.05,1487.46,334.97,0.0
1,2,20.2,bus,Budget,Monsoon,169.35,1230.48,720.02,193.71,0.0
1,1,79.88,bus,Mid,Winter_Picnic,252.73,3519.8,714.02,123.75,0.0
2,4,30.47,car,Mid,Winter_Picnic,573.93,7145.59,9025.66,1382.72,59.91
2,2,41.41,bus,Mid,Summer,195.45,2412.95,2811.48,545.83,0.0
3,1,87.26,bike,Budget,Summer,476.46,3205.67,945.38,323.25,0.0
3,3,158.14,bike,Mid,Winter_Picnic,1981.55,12211.35,8076.15,759.82,0.0
3,1,17.59,bike,Mid,Festival_Peak,212.42,8148.78,3955.35,398.66,0.0
2,2,46.26,car,Mid,Winter_Picnic,1288.78,4477.93,4211.46,406.87,150.85
4,2,49.74,bike,Premium,Winter_Picnic,417.21,29320.68,16751.6,1757.62,0.0
2,1,32.83,car,Premium,Summer,733.1,6824.12,4347.21,231.8,71.06
6,6,35.99,car,Premium,Summer,1634.15,99081.65,64837.07,2816.52,137.96
3,1,8.65,auto,Mid,Winter_Picnic,289.75,6520.95,3007.99,212.42,186.27
1,1,61.24,bus,Premium,Festival_Peak,317.46,7138.77,2430.27,205.65,0.0
3,1,40.51,bike,Mid,Winter_Picnic,307.26,8171.86,3363.11,245.99,0.0
2,4,16.47,auto,Budget,Festival_Peak,815.14,4635.14,4114.21,1434.85,126.2
3,2,98.05,bus,Budget,Festival_Peak,614.18,3486.3,2614.76,1094.48,0.0
1,3,92.36,bike,Budget,Monsoon,585.57,1741.34,943.71,192.29,0.0
1,1,53.86,car,Budget,Monsoon,907.95,1631.68,327.56,65.52,95.16
4,1,34.82,bus,Budget,Monsoon,92.74,3907.2,1840.03,446.01,0.0
1,2,69.54,train,Budget,Summer,310.55,1716.36,1195.42,291.36,0.0
4,4,31.39,bus,Mid,Monsoon,394.84,16528.08,8232.78,957.86,0.0
1,4,29.12,auto,Budget,Festival_Peak,1726.08,3112.51,2608.72,577.32,125.55
3,1,83.55,car,Budget,Monsoon,1117.15,2101.2,481.42,112.93,101.72
3,2,19.69,bike,Mid,Summer,203.52,4464.74,5019.42,565.13,0.0
2,5,10.1,auto,Mid,Monsoon,361.57,4888.33,6842.83,897.4,165.01
2,2,19.78,bike,Premium,Festival_Peak,212.13,7405.22,7099.16,475.19,0.0
1,4,30.58,auto,Mid,Winter_Picnic,1337.46,4415.7,4027.0,608.69,64.75
1,1,24.13,bus,Mid,Festival_Peak,115.26,4050.87,1128.78,202.78,0.0
2,5,262.97,auto,Budget,Festival_Peak,12360.73,4525.88,6652.71,2054.89,361.98
3,4,33.76,car,Budget,Winter_Picnic,663.96,6251.15,6801.83,1629.17,58.44
5,5,32.08,car,Budget,Summer,1081.4,18260.68,8711.4,1956.09,160.07
5,3,19.22,car,Budget,Monsoon,321.63,12191.91,3126.12,2196.71,170.57
4,2,142.13,train,Premium,Summer,683.87,15278.65,12020.02,670.27,0.0
4,5,43.71,auto,Budget,Winter_Picnic,2049.44,10209.9,11209.41,3101.61,133.1
3,2,38.22,car,Budget,Monsoon,519.54,1902.65,2343.29,662.63,170.37
1,2,110.15,car,Budget,Monsoon,1508.97,1133.4,658.53,217.2,168.26
5,3,30.68,bike,Mid,Winter_Picnic,390.25,24977.31,9397.81,1928.25,0.0
3,4,27.49,car,Budget,Winter_Picnic,507.42,3506.95,3807.85,1270.3,100.71
3,5,27.89,bus,Mid,Winter_Picnic,580.03,13518.31,17020.4,1135.51,0.0
1,1,28.92,bike,Budget,Summer,190.25,1064.06,296.44,43.79,0.0
2,4,27.44,bike,Budget,Festival_Peak,523.85,2211.93,3488.8,1535.53,0.0
2,3,72.6,bike,Budget,Winter_Picnic,937.58,2432.5,2283.77,303.08,0.0
4,1,26.93,bus,Mid,Monsoon,84.96,6332.43,2119.34,587.38,0.0
2,2,53.5,car,Budget,Winter_Picnic,902.34,1330.17,1530.82,239.1,86.16
2,2,26.89,car,Mid,Festival_Peak,675.74,4257.21,2890.24,377.23,140.68
6,2,19.1,car,Mid,Monsoon,318.32,8550.48,6179.06,891.08,92.75
1,6,36.34,bus,Mid,Summer,561.66,6006.16,4238.82,321.35,0.0
2,3,141.5,bus,Budget,Winter_Picnic,1037.72,2172.64,2284.09,625.81,0.0
1,3,41.42,bus,Budget,Monsoon,321.88,1624.79,502.65,206.54,0.0
3,6,72.12,bus,Budget,Festival_Peak,1318.77,15596.01,14215.33,4065.77,0.0
5,2,36.56,car,Mid,Summer,742.21,9553.75,6015.54,1555.51,97.04
1,4,26.65,car,Mid,Winter_Picnic,559.03,4544.11,3119.46,458.7,148.29
4,2,12.28,bus,Mid,Winter_Picnic,193.15,9182.74,10851.73,1090.85,0.0
1,4,21.9,train,Mid,Winter_Picnic,248.53,7954.04,4583.46,402.58,0.0
5,1,20.4,bike,Mid,Monsoon,114.33,6814.56,2683.1,314.96,0.0
4,5,16.43,bike,Mid,Summer,313.01,25324.11,14139.44,2737.56,0.0
4,1,83.57,train,Budget,Monsoon,237.04,2780.77,987.35,507.61,0.0
1,2,18.94,auto,Mid,Summer,330.31,2034.99,1270.22,299.15,53.03
6,4,42.6,bus,Budget,Summer,498.8,7155.43,10785.26,1703.85,0.0
3,2,43.2,auto,Mid,Festival_Peak,1025.61,5877.89,7890.57,1234.9,203.53
2,3,41.76,bike,Budget,Summer,484.08,2096.21,1606.66,405.34,0.0
4,2,50.88,bike,Budget,Winter_Picnic,296.04,3747.93,1995.33,601.31,0.0
1,3,35.28,bike,Mid,Summer,406.11,3714.41,2464.85,440.83,0.0
5,1,29.33,auto,Mid,Winter_Picnic,608.73,12608.64,4390.06,430.92,148.24
1,1,73.32,car,Budget,Festival_Peak,1267.02,1782.53,355.18,57.74,102.11
3,2,98.57,car,Budget,Summer,1186.19,1822.56,2848.34,314.68,140.81
2,2,22.65,train,Mid,Festival_Peak,171.41,3684.76,3594.52,750.37,0.0
1,1,24.92,car,Premium,Winter_Picnic,614.56,8240.14,2004.26,178.89,158.96
1,2,125.94,car,Mid,Festival_Peak,2385.32,3856.46,2343.09,232.42,138.32
1,2,32.65,car,Premium,Winter_Picnic,746.0,6498.66,3860.03,316.14,65.1
2,1,49.54,car,Budget,Summer,902.48,1318.07,700.25,190.65,73.9
2,3,39.1,car,Mid,Summer,581.33,4958.49,4824.6,842.87,119.43
3,4,29.91,bike,Mid,Monsoon,270.84,8554.68,6100.15,723.18,0.0
1,1,50.39,bike,Mid,Winter_Picnic,270.45,4218.13,751.25,105.35,0.0
1,3,47.32,bike,Budget,Festival_Peak,696.65,2611.33,1134.82,179.25,0.0
3,3,31.13,bike,Mid,Winter_Picnic,498.69,12400.74,9048.57,931.36,0.0
1,2,44.25,car,Mid,Summer,725.79,2630.29,1386.33,131.83,110.43
5,3,78.95,auto,Mid,Festival_Peak,2151.21,23429.05,15263.77,2085.1,182.51
4,2,57.72,bus,Mid,Winter_Picnic,401.7,10477.94,5984.69,1220.49,0.0
3,2,13.32,train,Mid,Summer,171.48,6661.66,4371.45,479.47,0.0
3,1,50.94,train,Mid,Monsoon,155.94,4798.09,2115.51,77.66,0.0
5,3,70.17,train,Budget,Monsoon,348.45,6120.64,5784.76,1679.49,0.0
1,3,93.34,auto,Budget,Festival_Peak,2360.8,5318.28,2311.61,730.66,166.99
1,1,58.88,car,Mid,Festival_Peak,1152.47,3978.95,1394.41,99.42,99.8
1,2,18.04,bike,Premium,Summer,138.65,6212.76,3997.19,106.26,0.0
4,6,65.35,bus,Budget,Summer,1293.34,8258.2,8546.83,3511.19,0.0
1,2,73.39,bus,Mid,Winter_Picnic,631.46,2633.79,1239.25,75.76,0.0
3,2,9.53,bus,Budget,Festival_Peak,132.43,2657.72,3130.0,1238.63,0.0
7,5,37.39,car,Budget,Winter_Picnic,1673.26,19068.81,18361.75,7111.14,138.85
4,3,26.96,bus,Mid,Winter_Picnic,272.19,18661.27,9106.96,1449.76,0.0
2,3,70.28,bike,Mid,Summer,827.55,4801.09,4448.91,654.59,0.0
1,4,25.45,bike,Budget,Winter_Picnic,446.44,2969.04,1849.67,289.57,0.0
4,4,52.24,bus,Mid,Summer,548.93,11983.27,12926.12,624.03,0.0
3,2,122.21,car,Mid,Festival_Peak,2786.46,10042.48,8426.03,1553.14,136.87
1,2,93.98,train,Premium,Summer,284.03,4938.68,2884.87,271.35,0.0
1,2,130.56,bike,Budget,Festival_Peak,779.04,1732.93,1179.34,120.14,0.0
5,6,192.16,bus,Mid,Summer,2415.2,30241.43,27029.65,3822.41,0.0
3,3,23.42,car,Budget,Festival_Peak,663.64,10387.76,3152.76,1182.73,60.32
4,1,66.9,bus,Budget,Summer,222.81,3005.85,1303.35,554.97,0.0
5,4,35.53,bus,Mid,Summer,529.03,25617.98,10103.52,1028.25,0.0
3,2,112.48,train,Mid,Winter_Picnic,489.84,8341.07,7318.8,1247.73,0.0
2,1,18.55,auto,Budget,Monsoon,356.62,1195.46,569.51,148.76,194.26
2,2,190.96,train,Premium,Festival_Peak,731.37,7960.53,8669.16,605.02,0.0
2,2,65.72,bike,Mid,Winter_Picnic,596.42,2788.46,3037.32,448.87,0.0
2,4,81.49,bike,Mid,Winter_Picnic,1291.74,7044.77,5137.01,1007.83,0.0
4,1,14.49,car,Mid,Festival_Peak,551.01,14847.39,4936.39,1020.51,168.6
3,4,20.17,bus,Budget,Festival_Peak,387.43,6869.73,5366.91,2499.71,0.0
5,3,81.17,car,Mid,Winter_Picnic,1556.1,32143.82,11334.85,2489.68,111.79
2,1,14.77,bus,Budget,Festival_Peak,178.02,1275.13,1262.54,189.37,0.0
3,6,95.93,car,Premium,Monsoon,2587.26,33703.24,33197.0,1248.82,183.06
3,2,23.53,auto,Budget,Monsoon,411.95,1496.4,991.27,704.59,90.88
3,2,66.65,train,Budget,Winter_Picnic,278.98,1678.02,2318.28,262.33,0.0
3,2,29.53,bike,Mid,Summer,201.46,5195.14,3636.56,750.77,0.0
1,4,66.2,bus,Budget,Winter_Picnic,1157.13,2608.35,1623.74,653.96,0.0
2,2,63.88,auto,Budget,Summer,1214.12,1095.36,2163.18,248.38,216.03
1,1,26.87,car,Mid,Summer,394.73,2638.04,649.25,53.86,137.64
2,1,11.94,car,Mid,Festival_Peak,437.68,3702.53,2004.63,141.56,158.09
2,2,19.52,bike,Mid,Winter_Picnic,197.32,2478.74,4524.74,453.32,0.0
3,4,47.28,auto,Budget,Festival_Peak,2696.63,5033.38,7334.48,1175.96,103.78
6,2,40.87,bike,Budget,Winter_Picnic,293.3,6272.74,3801.15,2066.15,0.0
3,1,72.0,auto,Budget,Summer,1270.86,2179.09,1035.2,270.7,170.37
3,1,42.71,bike,Mid,Summer,248.81,3929.53,2407.86,230.11,0.0
2,2,41.79,car,Mid,Summer,928.86,2379.84,2940.54,437.75,99.14
3,5,44.18,bus,Budget,Festival_Peak,610.33,6100.25,9817.92,2907.25,0.0
1,2,21.43,car,Budget,Monsoon,388.46,774.92,636.23,59.75,123.18
1,6,28.65,bus,Budget,Summer,393.53,3197.89,1183.32,518.45,0.0
2,2,177.78,car,Budget,Festival_Peak,4047.32,1522.98,1264.83,350.16,277.77
2,1,117.37,car,Budget,Winter_Picnic,2323.84,1305.99,834.02,377.29,204.9
1,4,23.14,car,Mid,Summer,475.47,4279.46,2427.84,186.48,48.85
1,2,62.48,car,Budget,Summer,1028.43,2004.66,474.73,265.0,139.77
1,3,93.56,car,Mid,Festival_Peak,2094.75,8258.81,3041.02,325.36,112.44
6,6,50.14,bike,Mid,Festival_Peak,1136.17,60882.55,36526.15,5411.97,0.0
2,1,12.66,bus,Budget,Summer,123.19,1788.69,707.36,112.62,0.0
2,1,17.29,bus,Mid,Summer,158.88,2979.63,2187.18,270.98,0.0
1,3,51.28,auto,Mid,Festival_Peak,1406.37,8354.5,3510.77,478.82,196.53
3,2,173.72,bus,Budget,Winter_Picnic,1116.97,2820.51,1905.79,419.96,0.0
1,1,64.53,bike,Mid,Festival_Peak,336.72,3639.23,1006.33,190.91,0.0
1,1,19.39,auto,Budget,Winter_Picnic,519.8,2086.43,525.37,41.81,71.77
2,1,29.06,bike,Premium,Festival_Peak,407.44,8805.08,5877.82,409.12,0.0
1,4,72.24,bus,Mid,Summer,970.92,6254.08,3926.85,181.58,0.0
1,1,88.1,bus,Mid,Monsoon,138.12,2239.55,853.95,55.49,0.0
1,2,57.43,bus,Premium,Winter_Picnic,337.82,6411.39,3721.49,92.12,0.0
1,3,54.17,bike,Mid,Winter_Picnic,640.36,7152.88,3496.62,335.96,0.0
1,2,19.58,car,Mid,Festival_Peak,581.5,2909.96,2161.98,423.64,132.91
2,1,88.63,car,Mid,Monsoon,971.03,2340.68,893.26,239.25,249.6
4,4,83.52,bike,Budget,Festival_Peak,1128.39,6326.47,5941.93,2632.26,0.0
3,1,22.44,car,Mid,Summer,397.38,4172.32,2800.99,390.52,165.16
2,4,71.47,bike,Budget,Winter_Picnic,1210.33,2466.64,2649.16,752.01,0.0
1,4,18.21,bike,Budget,Monsoon,223.52,2391.69,1844.86,267.03,0.0
5,2,7.31,car,Mid,Winter_Picnic,240.98,12547.84,7458.15,825.87,152.6
2,2,16.13,car,Budget,Winter_Picnic,396.03,1246.78,1326.16,743.67,49.08
1,2,32.94,bike,Budget,Summer,206.02,1116.57,855.78,75.33,0.0
3,2,26.39,bike,Mid,Summer,206.65,3931.02,4151.99,757.27,0.0
1,4,43.56,auto,Budget,Winter_Picnic,1568.14,2996.8,985.12,662.81,170.72
2,4,38.33,auto,Budget,Festival_Peak,1743.81,3779.09,3022.97,969.45,195.33
2,2,36.31,auto,Mid,Summer,529.56,3027.72,2469.36,303.7,60.6
5,3,29.38,auto,Mid,Summer,511.75,24011.69,9138.23,802.05,154.6
2,5,15.63,car,Mid,Summer,654.02,6129.53,7054.21,965.61,184.99
3,6,65.84,car,Mid,Festival_Peak,2275.4,17449.47,13089.13,3301.81,97.48
7,2,46.57,bus,Mid,Summer,253.59,11004.93,11317.18,1400.95,0.0
1,2,36.56,car,Mid,Monsoon,613.04,2933.83,1979.64,282.79,113.26
1,2,107.81,bike,Mid,Winter_Picnic,655.57,3681.74,1616.67,248.83,0.0
2,5,75.9,bike,Mid,Winter_Picnic,1318.79,9536.57,8818.55,435.82,0.0
2,1,99.89,bus,Premium,Monsoon,238.21,4488.96,2506.82,133.31,0.0
2,3,54.68,bike,Budget,Festival_Peak,794.75,2814.47,1883.71,460.02,0.0
5,2,23.37,bike,Budget,Winter_Picnic,258.12,4933.65,3106.24,1163.9,0.0
3,2,70.2,bike,Budget,Winter_Picnic,497.09,3837.27,1891.71,987.38,0.0
3,2,20.02,car,Mid,Summer,382.95,3598.27,4241.28,535.36,145.1
2,6,32.12,car,Budget,Festival_Peak,1342.71,5335.32,3564.07,1816.75,67.49
4,1,26.93,train,Mid,Summer,120.68,6123.74,2934.02,476.23,0.0
6,3,89.79,bus,Mid,Summer,595.55,32238.43,10762.43,2077.63,0.0
4,1,19.91,car,Mid,Monsoon,383.72,8579.57,2462.9,377.19,166.6
1,1,112.33,auto,Budget,Winter_Picnic,2185.99,1797.04,544.38,75.53,149.61
3,2,111.59,auto,Mid,Winter_Picnic,2477.17,4756.33,4518.43,803.96,218.47
1,2,33.66,bike,Budget,Winter_Picnic,213.88,1400.07,1171.89,268.71,0.0
1,2,83.06,bike,Mid,Summer,363.63,2152.89,1912.11,213.05,0.0
1,2,51.28,bike,Mid,Winter_Picnic,443.84,3643.94,1979.45,216.05,0.0
3,1,95.85,bike,Budget,Winter_Picnic,655.8,3559.66,929.38,308.98,0.0
3,2,45.03,auto,Premium,Summer,808.57,11030.98,8473.7,653.45,138.57
1,6,77.63,auto,Budget,Festival_Peak,3924.19,4780.87,3774.75,830.52,211.52
2,5,44.25,train,Premium,Summer,722.66,20063.81,16752.24,1781.25,0.0
2,2,138.59,car,Budget,Winter_Picnic,2282.42,1559.01,1557.98,282.13,158.52
2,3,38.55,train,Budget,Monsoon,250.16,1810.43,2266.4,608.02,0.0
1,5,50.13,auto,Budget,Winter_Picnic,2079.54,2646.74,1583.74,360.45,109.74
2,1,82.26,car,Budget,Festival_Peak,1626.9,1460.71,856.68,368.9,166.64
4,4,90.53,auto,Mid,Festival_Peak,3808.21,24541.2,16251.22,1978.09,197.9
1,5,44.78,bike,Mid,Summer,802.29,5917.1,3080.04,246.26,0.0
1,1,21.58,bike,Mid,Summer,216.43,2567.64,877.79,165.2,0.0
2,1,50.81,train,Budget,Monsoon,149.75,1419.24,792.19,154.07,0.0
6,6,167.26,train,Budget,Festival_Peak,2369.65,18497.97,15736.07,5630.56,0.0
3,2,86.96,bike,Mid,Winter_Picnic,594.2,6250.12,3868.05,1021.4,0.0
3,1,98.94,bike,Budget,Summer,451.71,2074.98,733.31,155.46,0.0
2,2,9.4,car,Mid,Monsoon,277.67,2079.43,2371.99,128.17,170.45
3,2,36.93,bike,Mid,Festival_Peak,401.58,7267.6,6946.1,515.0,0.0
1,3,69.06,auto,Budget,Winter_Picnic,1440.04,2953.48,868.56,473.52,185.9
3,3,92.6,bike,Mid,Summer,838.83,10272.86,5453.09,440.37,0.0
5,6,7.36,car,Mid,Summer,396.65,33601.89,21031.56,4018.66,149.56
3,2,96.59,auto,Mid,Summer,1302.38,5071.09,3708.52,272.62,253.38
5,2,52.73,auto,Budget,Winter_Picnic,918.69,4603.66,3222.24,911.31,77.96
3,2,30.88,bike,Budget,Festival_Peak,354.52,3122.61,1743.76,600.54,0.0
1,2,24.84,car,Budget,Festival_Peak,873.55,1270.07,693.56,294.28,98.38
5,1,22.11,train,Budget,Winter_Picnic,64.27,5178.24,1971.3,310.0,0.0
1,6,57.5,auto,Budget,Festival_Peak,2534.45,3987.9,3949.82,264.64,216.7
2,4,22.41,bus,Mid,Summer,299.58,4888.16,6751.69,1180.07,0.0
1,2,24.56,bus,Mid,Summer,221.47,3311.47,1341.17,212.92,0.0
1,3,95.76,train,Mid,Festival_Peak,761.24,7045.72,3777.85,158.53,0.0
2,1,19.98,bus,Budget,Summer,64.59,978.31,999.86,214.34,0.0
1,2,32.13,car,Premium,Summer,555.66,4026.85,3344.45,180.86,90.09
2,3,39.62,bus,Budget,Festival_Peak,684.13,3279.67,2718.54,908.23,0.0
3,2,42.64,bike,Mid,Monsoon,241.48,3918.45,5553.48,346.15,0.0
1,6,84.48,car,Premium,Winter_Picnic,3040.84,16790.37,13609.35,971.11,163.56
1,3,40.08,train,Mid,Festival_Peak,458.95,7487.1,4044.86,535.67,0.0
3,2,94.83,bus,Premium,Winter_Picnic,695.21,16347.23,10603.61,1052.56,0.0
2,4,55.34,train,Mid,Monsoon,372.09,3677.04,5503.86,840.37,0.0
3,1,28.84,bus,Budget,Summer,176.34,2921.08,715.21,430.58,0.0
3,2,31.31,bus,Budget,Monsoon,132.81,1583.15,1744.52,283.14,0.0
4,2,35.69,car,Budget,Summer,735.07,4364.52,3324.77,618.11,122.27
3,2,43.72,bus,Budget,Winter_Picnic,421.75,1970.75,1636.87,415.55,0.0
2,4,74.9,car,Mid,Summer,1205.79,6098.89,6677.11,1300.53,210.32
3,2,62.47,train,Budget,Summer,284.63,2357.6,2706.93,652.67,0.0
1,4,36.11,bus,Mid,Winter_Picnic,590.04,8018.36,4069.68,195.64,0.0
2,3,28.31,bus,Budget,Winter_Picnic,352.37,2342.91,2323.6,1020.62,0.0
4,2,25.92,car,Mid,Festival_Peak,720.57,13068.37,12479.63,621.56,160.74
2,4,48.11,auto,Premium,Summer,1595.62,11001.85,11179.06,432.09,108.57
4,1,33.77,bike,Budget,Festival_Peak,358.08,3294.65,1241.05,279.43,0.0
4,1,46.06,train,Mid,Winter_Picnic,175.07,11389.63,4163.43,712.53,0.0
4,2,28.53,car,Mid,Summer,503.56,7622.93,5665.63,905.22,197.85
5,2,66.03,auto,Budget,Summer,1292.2,5896.97,3074.82,1296.16,170.57
2,1,104.91,bike,Mid,Summer,584.17,4087.44,2009.44,116.14,0.0
2,3,24.07,bus,Budget,Winter_Picnic,295.23,3616.42,3262.92,1233.9,0.0
3,2,45.06,bus,Mid,Summer,311.77,5028.23,3576.13,311.06,0.0
2,2,172.85,bus,Mid,Festival_Peak,1563.74,4033.85,5243.32,460.85,0.0
3,6,39.59,car,Mid,Winter_Picnic,1806.89,18232.41,21594.06,1021.92,177.92
3,3,65.48,auto,Mid,Festival_Peak,1476.15,10586.55,10521.54,886.4,213.71
3,4,17.39,auto,Budget,Monsoon,621.59,3526.55,4719.28,594.25,83.33
2,1,47.13,bike,Mid,Summer,392.99,3999.9,1217.15,209.13,0.0
1,3,12.62,bus,Mid,Monsoon,151.56,3668.11,1335.3,230.8,0.0
2,4,162.05,bike,Premium,Summer,1235.54,11953.66,14471.78,1084.49,0.0
1,3,73.83,car,Mid,Festival_Peak,1882.0,6262.99,3788.82,283.51,151.07
5,3,90.59,car,Budget,Monsoon,1373.74,12216.36,3074.46,733.84,184.74
2,2,64.88,car,Premium,Summer,1077.14,3946.44,7247.52,563.36,192.34
1,1,60.36,train,Budget,Monsoon,206.73,1053.29,251.61,50.08,0.0
1,2,45.66,bike,Mid,Summer,218.79,2100.24,1865.54,158.04,0.0
3,2,99.41,bus,Budget,Festival_Peak,639.67,3719.33,2235.13,998.82,0.0
3,4,157.33,bike,Premium,Winter_Picnic,1277.56,27673.85,17997.56,1673.92,0.0
2,1,39.05,bike,Mid,Winter_Picnic,307.94,2226.14,1635.06,313.9,0.0
1,6,134.72,car,Mid,Summer,4016.21,8641.4,3748.89,792.89,283.89
2,5,62.02,bike,Budget,Festival_Peak,1535.31,6592.93,5067.58,1710.06,0.0
2,1,48.21,bus,Mid,Winter_Picnic,274.94,4265.33,2052.13,142.58,0.0
3,2,49.06,car,Mid,Summer,794.01,3997.39,3693.28,619.0,79.68
3,4,27.37,bike,Mid,Summer,349.97,11149.35,10766.07,1428.1,0.0
2,6,9.01,bike,Budget,Festival_Peak,293.71,3090.07,6048.23,1992.78,0.0
1,2,29.06,car,Mid,Winter_Picnic,743.22,2966.13,1772.28,335.35,85.75
7,2,47.19,bus,Budget,Winter_Picnic,278.49,11329.05,7902.13,1255.49,0.0
2,2,34.48,car,Mid,Summer,650.15,2431.24,3567.03,490.17,138.38
3,3,34.17,car,Budget,Summer,441.87,6196.87,3187.71,527.7,159.32
1,2,190.86,bus,Budget,Winter_Picnic,1303.01,1419.77,465.94,350.06,0.0
2,3,25.86,car,Budget,Winter_Picnic,686.9,3681.11,1880.22,532.56,67.99
1,1,34.06,auto,Budget,Winter_Picnic,822.88,1303.26,458.6,168.66,177.88
2,1,19.77,car,Budget,Winter_Picnic,466.51,1118.96,579.02,267.87,68.75
6,2,13.32,car,Premium,Summer,386.77,25233.55,18107.7,1291.01,44.95
2,2,90.72,car,Mid,Winter_Picnic,2277.29,4992.55,4191.4,309.6,124.31
1,2,50.56,car,Budget,Festival_Peak,1196.78,2113.62,1062.25,395.26,218.72
1,2,84.51,train,Mid,Festival_Peak,505.05,3833.15,2170.21,106.06,0.0
2,2,22.91,bike,Mid,Summer,138.71,2909.52,2007.12,370.88,0.0
1,1,57.25,train,Premium,Summer,170.93,4598.83,1463.19,86.01,0.0
1,2,23.37,car,Budget,Festival_Peak,676.95,1533.47,1329.72,126.55,171.98
4,6,35.49,car,Budget,Winter_Picnic,1424.7,11381.2,7592.98,3383.58,191.46
2,2,16.12,bike,Premium,Winter_Picnic,203.74,7509.51,9982.5,784.18,0.0
1,2,27.91,auto,Budget,Festival_Peak,959.04,1833.66,1012.86,272.22,74.22
5,3,28.95,bus,Budget,Winter_Picnic,537.83,14335.76,10194.28,1944.96,0.0
1,6,12.6,car,Budget,Winter_Picnic,789.1,2732.81,2379.71,476.9,159.22
6,1,210.11,bike,Budget,Monsoon,927.02,3107.56,1845.89,650.77,0.0
2,3,21.76,car,Premium,Monsoon,390.78,6735.44,8517.57,484.81,135.93
5,3,20.79,bike,Budget,Monsoon,212.04,8251.39,3887.63,1549.89,0.0
3,3,18.85,train,Premium,Festival_Peak,259.83,35004.98,23475.41,2317.13,0.0
4,1,57.42,bus,Premium,Summer,140.76,16695.66,6079.29,202.88,0.0
7,3,27.57,bike,Mid,Winter_Picnic,422.02,45125.12,22118.64,2841.65,0.0
1,1,103.55,bus,Budget,Festival_Peak,336.39,1285.29,621.49,168.85,0.0
6,3,167.92,train,Budget,Winter_Picnic,1050.34,15142.03,4631.52,890.88,0.0
2,3,27.91,auto,Mid,Winter_Picnic,659.51,7265.23,6813.93,836.14,65.61
2,1,41.83,car,Budget,Summer,691.75,927.84,535.9,117.01,122.31
2,4,24.62,car,Mid,Festival_Peak,605.28,5473.09,9354.68,1192.21,109.17
2,1,68.86,car,Budget,Monsoon,997.44,526.68,592.21,236.99,185.2
1,4,44.76,auto,Premium,Monsoon,1250.91,9306.39,6070.95,501.41,90.95
3,2,25.09,auto,Mid,Monsoon,454.26,5252.13,3098.66,406.22,124.81
2,1,26.33,car,Mid,Summer,609.27,2093.09,1807.5,318.32,135.06
4,1,57.24,bike,Premium,Summer,453.97,16168.04,6715.42,502.69,0.0
4,5,38.1,bus,Budget,Winter_Picnic,886.72,12366.75,9044.49,4489.06,0.0
2,1,23.6,auto,Budget,Summer,512.21,1692.17,577.01,336.46,112.32
2,1,74.21,car,Budget,Winter_Picnic,1305.92,1178.72,1193.07,103.49,138.82
1,2,60.39,bus,Budget,Monsoon,330.31,1224.58,657.39,237.59,0.0
1,3,101.34,car,Mid,Monsoon,973.03,3373.72,1564.96,92.27,130.17
1,2,10.98,car,Budget,Winter_Picnic,319.33,1533.52,1320.55,423.37,51.77
2,1,91.55,train,Budget,Festival_Peak,252.89,1664.59,1264.45,170.91,0.0
1,2,58.86,bus,Premium,Festival_Peak,460.49,9496.22,4880.43,285.77,0.0
6,1,22.94,bike,Budget,Festival_Peak,226.93,8914.34,3256.7,1357.58,0.0
3,1,58.91,car,Mid,Winter_Picnic,1168.92,4911.84,3372.23,277.69,118.37
2,2,39.21,train,Budget,Winter_Picnic,203.76,1107.71,2789.65,688.97,0.0
3,3,155.23,auto,Budget,Winter_Picnic,3633.81,9284.62,2825.93,769.63,213.77
1,1,13.89,auto,Mid,Winter_Picnic,377.95,3068.64,1037.93,37.83,103.29
2,2,59.8,bike,Premium,Monsoon,256.87,4122.43,6096.67,338.77,0.0
3,2,32.8,bike,Budget,Winter_Picnic,288.67,2919.26,2225.1,798.09,0.0
2,6,164.5,car,Budget,Summer,5234.55,4794.28,2495.89,753.05,291.44
2,5,40.41,bus,Budget,Summer,738.52,3606.04,3146.23,1639.95,0.0
7,4,157.13,train,Budget,Winter_Picnic,1278.89,12895.55,18960.42,4752.18,0.0
5,1,110.91,bus,Budget,Monsoon,268.81,5210.7,879.42,434.34,0.0
3,1,31.73,auto,Mid,Summer,585.87,6608.76,2152.43,181.61,123.63
3,2,84.96,bike,Budget,Monsoon,403.52,2512.33,1875.58,749.83,0.0
3,2,262.66,train,Mid,Festival_Peak,1272.79,7177.76,4324.42,570.22,0.0
1,2,18.75,auto,Mid,Monsoon,345.9,2668.56,1157.69,176.02,119.3
2,4,33.5,auto,Budget,Summer,1452.68,2360.69,3509.51,1338.56,159.5
1,4,51.77,train,Budget,Festival_Peak,751.08,4580.79,2002.27,751.9,0.0
2,4,24.97,car,Premium,Winter_Picnic,655.84,15038.24,16921.09,1467.56,128.49
2,2,22.84,auto,Budget,Monsoon,443.08,885.44,1157.19,245.44,196.21
1,3,17.36,bus,Mid,Summer,160.05,4070.49,2153.37,225.46,0.0
6,2,24.21,train,Budget,Monsoon,179.62,5290.49,4658.04,315.37,0.0
5,1,51.35,bike,Mid,Summer,309.3,12261.96,4796.43,553.96,0.0
3,3,22.11,bus,Budget,Monsoon,277.95,2465.55,3587.94,533.11,0.0
2,1,112.01,auto,Budget,Summer,1554.8,1529.72,916.54,206.45,227.91
4,2,63.57,car,Budget,Festival_Peak,1536.56,5454.09,2860.3,1549.04,164.54
1,2,21.2,train,Budget,Winter_Picnic,216.2,1389.9,852.08,343.28,0.0
4,3,66.78,train,Premium,Winter_Picnic,389.5,37483.25,17977.77,939.01,0.0
1,4,59.0,auto,Mid,Summer,2171.57,3615.71,3597.33,598.06,115.73
4,2,162.37,auto,Budget,Summer,3207.21,2522.06,3377.41,983.96,190.73
1,4,17.2,bike,Mid,Festival_Peak,323.24,7229.17,4148.58,845.57,0.0
5,2,25.6,car,Premium,Monsoon,405.79,15231.53,10200.14,458.52,82.53
6,2,134.42,bike,Mid,Festival_Peak,845.95,13061.13,13917.28,880.8,0.0
1,3,137.6,car,Budget,Winter_Picnic,2264.0,3523.61,1430.12,454.93,271.72
2,3,65.69,bike,Mid,Festival_Peak,1030.74,7418.33,7940.94,445.36,0.0
7,6,78.37,car,Budget,Summer,2157.24,18118.92,12570.66,5574.05,222.17
2,1,16.19,bike,Mid,Summer,160.54,2775.89,954.13,279.09,0.0
4,3,45.48,bus,Mid,Winter_Picnic,405.93,18680.25,7547.78,1365.91,0.0
3,3,32.08,auto,Mid,Winter_Picnic,895.55,16873.2,9460.95,1119.92,114.66
2,5,23.65,auto,Premium,Summer,813.36,12102.36,15017.23,1471.01,132.46
1,1,98.61,bus,Premium,Festival_Peak,597.85,8119.85,3176.25,102.95,0.0
1,4,17.4,car,Budget,Monsoon,377.83,1583.22,1210.49,467.53,149.73
4,3,41.77,auto,Premium,Monsoon,728.22,33769.26,18392.55,586.93,213.13
2,2,146.29,bike,Budget,Winter_Picnic,887.78,1648.33,1375.39,192.54,0.0
2,2,25.17,car,Budget,Winter_Picnic,688.6,1580.55,2201.9,478.55,191.5
2,2,187.68,auto,Mid,Festival_Peak,4193.14,4573.28,3048.84,850.09,295.9
3,3,238.5,bus,Mid,Summer,1821.81,9673.09,7517.22,911.29,0.0
4,4,49.47,car,Mid,Monsoon,656.17,12994.67,8191.94,1340.66,99.98
7,3,18.81,auto,Mid,Winter_Picnic,551.84,45262.65,22030.75,2787.54,159.76
2,3,42.08,car,Premium,Summer,735.57,10924.65,7279.95,351.65,151.84
4,2,36.03,car,Budget,Summer,783.0,3758.51,2014.64,1090.97,135.98
4,1,39.34,train,Budget,Winter_Picnic,180.57,4423.67,2803.54,601.06,0.0
3,1,33.35,bike,Premium,Monsoon,257.56,11334.0,5055.15,163.67,0.0
6,2,173.09,car,Budget,Winter_Picnic,3294.93,8956.02,6354.68,1370.68,213.53
1,2,23.36,bike,Mid,Summer,161.87,2695.61,1499.6,231.11,0.0
1,1,81.29,car,Mid,Winter_Picnic,1567.74,4090.31,1085.55,122.42,244.4
4,2,22.69,bus,Mid,Winter_Picnic,223.31,8072.73,9550.97,1641.34,0.0
2,2,49.01,auto,Mid,Monsoon,744.63,1650.51,3152.46,239.25,79.85
4,2,123.22,train,Budget,Summer,354.19,3787.84,2527.17,413.45,0.0
5,2,26.99,car,Mid,Summer,494.94,7249.07,7023.36,876.24,142.81
1,1,15.08,train,Budget,Monsoon,46.83,705.8,340.47,110.59,0.0
5,5,64.42,bus,Budget,Winter_Picnic,982.1,14963.62,9460.89,1252.09,0.0
2,4,78.21,bike,Budget,Festival_Peak,980.27,2644.18,3469.81,389.89,0.0
2,3,65.05,auto,Mid,Winter_Picnic,1352.25,6316.04,5350.36,657.02,95.73
3,1,37.11,auto,Mid,Winter_Picnic,718.21,6161.97,2321.44,272.09,165.84
5,4,30.63,bike,Premium,Summer,392.97,52219.94,35990.96,2402.22,0.0
1,4,152.99,car,Mid,Summer,2008.41,5015.77,3591.98,484.11,253.59
2,4,123.37,car,Mid,Festival_Peak,2337.47,5488.48,10536.49,1530.39,141.09
3,1,46.69,train,Premium,Festival_Peak,163.63,14473.34,6605.87,199.59,0.0
3,3,106.33,car,Mid,Winter_Picnic,1907.99,16832.4,8205.62,637.07,179.14
3,4,45.81,bus,Mid,Summer,575.48,9962.99,7266.51,393.94,0.0
1,3,30.21,train,Mid,Winter_Picnic,396.94,7503.37,4128.5,377.95,0.0
1,3,17.0,bus,Budget,Monsoon,213.99,2083.05,931.0,120.31,0.0
2,2,31.4,auto,Mid,Winter_Picnic,577.66,2756.19,3641.66,353.79,115.38
4,2,51.1,car,Budget,Festival_Peak,1166.03,4480.23,3583.15,1277.97,214.48
1,1,21.15,auto,Mid,Monsoon,399.79,1434.43,389.98,63.58,54.85
1,3,33.64,auto,Mid,Festival_Peak,857.47,7191.23,3585.99,332.25,193.5
6,1,90.18,auto,Premium,Festival_Peak,1970.05,36281.83,10424.26,1161.83,193.18
1,2,67.39,bus,Premium,Festival_Peak,483.95,5739.54,5261.57,212.83,0.0
7,2,64.17,car,Mid,Winter_Picnic,1368.09,15009.19,12311.68,559.01,179.45
3,2,132.56,car,Mid,Summer,2017.44,6410.57,3689.46,315.76,149.71
4,1,7.49,train,Budget,Winter_Picnic,118.07,3165.78,1300.98,542.52,0.0
1,3,59.67,bike,Mid,Summer,602.4,5709.21,1867.26,426.07,0.0
1,4,77.19,car,Premium,Summer,1072.97,10952.72,7911.26,268.47,230.98
3,1,47.93,bus,Premium,Summer,228.25,11060.85,3675.91,216.72,0.0
4,1,39.64,bike,Premium,Winter_Picnic,272.04,24302.54,7071.59,680.25,0.0
3,1,29.72,car,Budget,Monsoon,519.8,1235.15,1197.49,298.84,94.16
1,4,113.47,auto,Mid,Summer,3694.1,7016.11,3900.8,494.63,244.4
4,2,45.52,bus,Premium,Monsoon,236.74,13030.82,11200.46,338.85,0.0
4,2,113.87,auto,Budget,Winter_Picnic,2211.46,3891.56,2961.28,1470.76,184.86
3,1,61.32,auto,Mid,Winter_Picnic,1631.06,8369.36,3682.36,626.3,127.16
4,3,57.9,car,Mid,Monsoon,712.82,10193.01,7119.23,669.48,134.11
4,4,94.6,bike,Mid,Festival_Peak,1214.89,21959.84,20850.18,2988.07,0.0
3,4,63.06,auto,Premium,Monsoon,2465.82,26554.02,20280.74,842.25,186.15
1,3,36.85,car,Mid,Winter_Picnic,887.47,6185.36,3656.15,405.76,86.49
2,1,45.91,auto,Mid,Winter_Picnic,997.95,4164.37,2378.64,118.57,126.6
1,1,88.3,car,Mid,Winter_Picnic,1385.73,3462.32,1188.81,149.84,107.41
2,1,44.95,car,Mid,Monsoon,622.58,3105.55,1622.19,108.94,198.16
2,2,38.07,car,Mid,Festival_Peak,971.27,4418.57,5011.04,928.28,190.2
1,1,28.59,car,Mid,Festival_Peak,653.16,4598.14,1017.92,132.37,98.61
2,2,119.32,auto,Budget,Winter_Picnic,3199.49,1428.08,2125.33,889.9,138.86
1,2,23.78,bike,Budget,Winter_Picnic,190.37,1588.44,636.96,176.39,0.0
4,5,68.26,bus,Budget,Monsoon,729.02,5417.91,5900.77,2301.19,0.0
6,3,42.57,bus,Mid,Winter_Picnic,462.68,40094.92,18126.41,3054.14,0.0
1,4,40.55,auto,Premium,Summer,1320.27,9206.38,7164.45,127.21,185.88
6,3,67.51,car,Budget,Winter_Picnic,1165.29,11288.59,10270.42,1570.09,228.56
2,1,25.34,car,Budget,Summer,489.53,1130.6,489.14,284.35,82.4
1,3,61.96,car,Budget,Winter_Picnic,1297.61,1998.32,1159.33,149.38,165.8
1,2,73.98,car,Mid,Monsoon,887.96,2280.97,1611.01,120.24,138.63
2,3,101.24,bike,Premium,Monsoon,842.92,8736.85,9255.56,509.7,0.0
4,2,21.69,car,Mid,Monsoon,431.08,8763.14,4176.23,949.77,62.2
3,6,112.54,bike,Mid,Monsoon,1532.78,15528.65,10972.12,907.59,0.0
1,2,70.43,car,Mid,Winter_Picnic,1233.78,4186.48,2215.74,114.07,99.0
1,2,109.75,bus,Budget,Winter_Picnic,730.19,1753.08,642.03,225.32,0.0
2,5,51.05,car,Mid,Winter_Picnic,2120.51,6974.93,8800.71,517.15,181.78
1,1,45.41,bike,Mid,Winter_Picnic,229.31,2362.31,1003.17,147.58,0.0
1,3,118.2,train,Mid,Winter_Picnic,1229.89,6119.03,3213.19,443.93,0.0
1,3,118.48,bus,Premium,Summer,941.9,10957.5,3653.78,299.33,0.0
4,4,33.76,bus,Mid,Summer,314.1,14921.0,12792.06,2005.36,0.0
5,6,34.52,car,Mid,Summer,1076.27,38622.47,23982.09,1073.31,148.48
2,6,33.0,bike,Premium,Winter_Picnic,679.66,16939.22,22609.28,932.94,0.0
5,1,35.95,train,Premium,Monsoon,132.11,18810.25,6972.78,535.1,0.0
2,4,21.95,car,Mid,Monsoon,438.0,3868.63,4068.46,368.59,48.55
2,3,24.81,bus,Budget,Winter_Picnic,315.93,1777.99,2300.68,555.48,0.0
1,3,109.45,auto,Mid,Festival_Peak,2968.98,9655.85,4696.78,608.72,178.32
3,1,11.29,auto,Mid,Winter_Picnic,375.56,8479.97,3111.77,633.96,166.07
6,3,68.88,train,Budget,Winter_Picnic,538.95,11442.17,6792.15,827.61,0.0
3,6,31.89,car,Budget,Winter_Picnic,1529.62,9021.97,5689.64,2959.8,195.71
2,5,37.6,bike,Budget,Winter_Picnic,718.49,4490.56,3737.49,1423.36,0.0
3,2,24.08,auto,Mid,Winter_Picnic,649.45,7038.86,6122.85,788.27,111.2
1,1,21.34,car,Mid,Festival_Peak,692.67,4901.28,991.93,142.74,52.8
5,2,75.84,bike,Budget,Summer,486.6,4608.15,2539.18,589.34,0.0
2,4,120.22,car,Budget,Summer,1892.89,2866.24,4419.8,1198.03,142.14
2,3,30.57,car,Mid,Summer,561.4,3958.15,4336.08,530.49,115.18
3,2,45.82,bus,Budget,Winter_Picnic,417.56,1711.36,1467.07,496.9,0.0
3,1,46.87,auto,Budget,Festival_Peak,1064.33,2672.08,1938.63,333.27,106.06
1,2,106.35,train,Mid,Summer,432.68,2906.12,1907.02,97.68,0.0
3,2,70.64,bike,Mid,Summer,436.24,7730.45,4443.83,388.46,0.0
1,5,53.07,car,Budget,Festival_Peak,2752.31,3734.63,3023.49,1058.49,91.77
3,3,68.57,bike,Mid,Winter_Picnic,864.74,14221.65,5613.52,1542.57,0.0
4,2,99.04,car,Budget,Winter_Picnic,1658.27,3672.96,4450.4,960.88,240.07
4,2,23.43,train,Mid,Festival_Peak,203.6,10786.53,9321.36,1087.24,0.0
3,1,34.93,bus,Budget,Winter_Picnic,184.49,3121.17,1660.68,466.48,0.0
2,6,117.89,car,Budget,Winter_Picnic,4104.53,2645.4,6857.52,1611.24,137.86
1,2,83.13,car,Mid,Monsoon,1175.45,2346.24,930.44,57.59,111.77
4,2,56.16,bus,Mid,Monsoon,279.69,6374.33,4725.44,820.0,0.0
1,2,49.24,train,Budget,Summer,222.27,1266.63,887.23,123.5,0.0
2,3,26.85,train,Budget,Winter_Picnic,213.84,3714.41,2705.38,239.23,0.0
1,3,42.38,auto,Mid,Festival_Peak,1261.23,9380.7,2638.25,451.11,120.73
1,3,66.06,train,Mid,Festival_Peak,683.81,5861.98,3914.96,311.35,0.0
3,2,37.09,bike,Budget,Festival_Peak,230.83,2549.93,1805.08,575.79,0.0
1,2,78.08,auto,Mid,Summer,1141.03,2468.47,1800.72,114.59,226.66
3,1,112.87,bike,Budget,Festival_Peak,778.79,3503.91,836.51,187.67,0.0
2,3,28.67,auto,Mid,Winter_Picnic,831.49,5522.62,5397.03,443.71,167.24
1,1,39.58,bus,Budget,Summer,118.27,820.95,205.67,85.32,0.0
2,3,44.37,bus,Budget,Winter_Picnic,496.98,3048.42,2690.8,1007.33,0.0
1,4,64.37,bus,Budget,Monsoon,605.02,2661.21,1804.72,411.87,0.0
1,4,21.28,car,Mid,Monsoon,369.14,5552.91,2739.44,223.98,97.32
3,2,51.67,car,Budget,Festival_Peak,1101.53,3214.97,3235.05,942.47,140.8
1,2,107.19,car,Budget,Winter_Picnic,1684.11,1167.92,737.2,181.3,118.06
4,1,47.44,auto,Budget,Summer,737.69,2951.79,1518.86,394.72,112.49
1,3,118.65,bus,Budget,Winter_Picnic,725.21,3151.39,1095.4,205.66,0.0
1,4,233.48,car,Mid,Festival_Peak,4932.63,9579.99,4641.64,334.86,254.83
3,1,29.44,car,Budget,Winter_Picnic,710.53,3283.61,1382.02,188.53,79.79
2,2,17.44,car,Mid,Summer,404.47,3166.48,2467.76,349.17,61.86
1,4,155.87,bus,Budget,Monsoon,1428.57,3183.77,1218.38,485.66,0.0
2,4,154.43,auto,Budget,Summer,4117.25,1454.28,3746.5,881.05,265.27
1,1,10.38,auto,Mid,Festival_Peak,335.8,4158.91,823.17,81.7,52.96
4,3,24.04,bus,Premium,Summer,196.7,30156.19,16942.91,1547.21,0.0
2,1,15.7,car,Budget,Winter_Picnic,483.9,1550.12,1030.28,328.26,171.97
4,1,264.65,bus,Budget,Winter_Picnic,824.48,3094.0,1215.39,395.52,0.0
5,5,19.41,auto,Mid,Festival_Peak,1149.97,67076.37,26204.0,6195.43,181.48
2,4,37.73,auto,Premium,Winter_Picnic,1782.17,11183.43,14960.96,1498.17,113.93
5,4,90.9,bus,Premium,Winter_Picnic,1515.81,49947.32,35084.61,3239.81,0.0
2,1,8.24,car,Mid,Summer,236.82,1916.98,1314.21,107.58,118.77
6,4,48.17,car,Mid,Monsoon,608.92,21350.93,12327.77,1297.36,165.01
1,2,34.81,auto,Mid,Festival_Peak,1039.44,3824.02,2335.17,332.39,123.01
3,2,103.94,auto,Mid,Festival_Peak,3173.68,11265.91,6297.87,748.92,135.09
2,2,26.86,car,Mid,Festival_Peak,566.65,3669.73,2965.8,274.79,83.14
2,1,65.6,bike,Premium,Festival_Peak,373.65,5802.54,4333.54,242.29,0.0
3,4,74.05,bus,Mid,Festival_Peak,1032.04,16537.14,12245.08,2498.6,0.0
3,3,34.48,bus,Mid,Winter_Picnic,370.42,12618.34,5731.76,1667.63,0.0
1,1,20.91,bike,Mid,Festival_Peak,207.31,2879.02,1118.83,124.1,0.0
1,1,46.38,car,Mid,Winter_Picnic,760.19,3391.19,975.2,90.68,206.84
3,1,26.75,car,Mid,Monsoon,516.13,5159.24,2246.33,138.63,196.87
3,1,87.11,bike,Mid,Summer,418.21,3720.14,1799.95,444.79,0.0
6,3,89.78,auto,Budget,Festival_Peak,2454.29,17346.46,7847.28,2687.72,230.32
4,4,44.95,car,Budget,Summer,655.22,4226.72,4764.86,1524.42,112.51
6,1,56.61,car,Mid,Festival_Peak,1439.36,14441.07,4318.15,970.98,203.54
3,1,54.73,car,Mid,Monsoon,636.94,4407.81,1670.66,299.44,217.04
1,3,103.72,car,Budget,Summer,1403.41,2584.38,749.66,424.1,130.94
1,4,46.32,bus,Mid,Summer,462.02,6579.01,2356.77,260.04,0.0
4,2,28.2,bus,Budget,Monsoon,111.54,2748.03,2110.06,331.2,0.0
3,2,33.4,car,Budget,Monsoon,496.97,1569.52,1343.96,648.44,127.14
1,3,44.96,bus,Premium,Monsoon,336.1,8248.69,4421.26,362.63,0.0
2,2,33.84,auto,Mid,Festival_Peak,909.86,3584.04,4688.53,615.48,63.85
6,1,38.15,bus,Budget,Monsoon,132.61,5090.75,1606.33,226.91,0.0
2,3,17.36,car,Mid,Summer,360.63,4228.22,3123.16,700.75,110.83
2,3,62.39,bus,Budget,Monsoon,585.76,2639.04,1586.15,193.04,0.0
2,3,32.12,car,Premium,Winter_Picnic,794.02,12770.59,13482.68,899.1,142.69
1,3,22.05,auto,Budget,Winter_Picnic,653.89,4678.7,1208.21,422.11,85.05
2,3,40.56,car,Budget,Winter_Picnic,754.62,2688.1,1603.08,242.99,140.04
2,1,18.11,auto,Mid,Summer,405.88,2866.98,1088.7,182.64,94.45
1,2,47.95,car,Mid,Summer,639.43,2083.4,1466.55,146.99,206.34
4,1,43.69,car,Budget,Winter_Picnic,822.72,2764.61,1566.66,682.56,179.39
2,1,43.99,bus,Mid,Festival_Peak,261.67,3507.48,2823.72,429.07,0.0
4,3,58.67,car,Budget,Monsoon,705.59,4562.99,2543.37,325.7,184.35
4,4,35.22,car,Premium,Winter_Picnic,655.57,37762.15,30147.35,1895.9,202.6
1,6,20.06,auto,Budget,Summer,799.01,4614.73,2580.74,289.57,100.7
3,3,106.55,train,Premium,Monsoon,353.83,15355.42,12602.58,510.47,0.0
2,1,47.76,bus,Mid,Winter_Picnic,167.76,3122.72,2284.02,109.23,0.0
5,1,48.88,bus,Budget,Winter_Picnic,159.39,4514.02,1344.22,781.46,0.0
1,4,19.22,auto,Premium,Summer,856.82,11965.63,6781.4,167.61,143.55
3,3,51.91,car,Premium,Summer,1015.79,19100.04,13094.82,1316.16,196.84
3,3,56.99,bike,Mid,Festival_Peak,868.89,11837.1,10468.43,907.13,0.0
1,4,48.93,car,Budget,Festival_Peak,1283.41,5298.5,2171.82,748.13,109.04
1,3,71.73,bike,Mid,Festival_Peak,1419.23,7374.55,3092.16,623.89,0.0
3,4,30.45,car,Mid,Winter_Picnic,554.48,15985.22,11990.77,2178.33,173.03
3,1,31.84,car,Mid,Winter_Picnic,817.1,4573.36,2735.49,221.16,192.66
2,3,80.33,auto,Mid,Summer,1251.24,5106.17,3570.7,429.9,158.27
3,4,144.07,car,Budget,Monsoon,1628.42,3122.64,4690.51,333.98,267.07
2,2,14.46,bus,Mid,Summer,234.09,3511.67,2960.89,544.66,0.0
3,3,40.64,bike,Mid,Winter_Picnic,494.43,12656.46,6811.13,1551.47,0.0
1,2,33.96,bus,Budget,Summer,295.61,1140.36,497.73,146.52,0.0
5,5,8.53,bike,Mid,Festival_Peak,368.04,55815.7,25379.11,3624.02,0.0
1,1,27.12,bike,Mid,Monsoon,164.28,2875.98,754.08,57.79,0.0
2,3,18.17,bike,Mid,Summer,254.73,5060.95,3032.65,403.4,0.0
1,1,73.03,bus,Budget,Monsoon,188.25,888.54,355.92,27.37,0.0
1,3,50.02,car,Mid,Summer,948.23,7802.39,1827.74,376.3,76.91
2,1,16.35,bus,Budget,Monsoon,61.22,495.81,636.18,71.97,0.0
1,1,8.7,car,Mid,Summer,286.43,2371.09,1181.61,140.25,43.56
4,2,84.03,bike,Mid,Summer,541.31,9028.7,8594.6,1008.41,0.0
1,5,23.77,car,Mid,Winter_Picnic,1029.7,7495.46,4520.99,918.51,86.36
2,1,52.36,bike,Budget,Winter_Picnic,286.63,1454.67,802.12,268.94,0.0
2,1,42.44,bus,Mid,Summer,146.38,2728.06,1010.15,288.06,0.0
1,4,53.91,bike,Premium,Winter_Picnic,761.92,14020.57,6968.11,631.35,0.0
1,2,23.24,auto,Budget,Winter_Picnic,605.73,1515.96,698.31,89.93,69.72
2,5,23.68,bus,Mid,Summer,393.92,8689.63,5026.27,490.55,0.0
2,1,22.93,train,Mid,Festival_Peak,88.69,2968.01,1497.71,407.19,0.0
2,3,27.44,auto,Mid,Winter_Picnic,802.78,8455.85,7300.85,492.1,180.99
2,1,35.73,bus,Budget,Summer,88.1,1170.71,592.48,175.75,0.0
3,1,64.73,bike,Budget,Festival_Peak,509.15,3684.76,1103.71,328.71,0.0
1,3,34.22,bus,Premium,Festival_Peak,365.99,14543.14,6476.8,298.29,0.0
2,3,24.11,car,Budget,Festival_Peak,811.43,4355.58,4649.49,640.59,131.61
6,4,43.15,bike,Budget,Winter_Picnic,777.73,12452.06,9038.22,3702.4,0.0
2,2,53.58,auto,Mid,Summer,875.58,1718.6,2819.37,386.56,179.65
3,2,162.49,bike,Budget,Summer,664.59,3682.07,2207.36,552.78,0.0
2,2,63.61,auto,Mid,Winter_Picnic,1408.45,3217.03,3739.62,763.32,183.57
4,6,51.7,auto,Mid,Festival_Peak,3022.62,39426.42,20888.2,1510.93,156.82
4,2,45.13,car,Premium,Winter_Picnic,793.46,20590.78,16462.04,479.55,108.12
2,2,125.98,train,Mid,Festival_Peak,943.75,3418.31,5647.87,340.64,0.0
6,2,94.22,bike,Budget,Summer,536.23,3433.49,3080.45,616.33,0.0
1,3,24.68,car,Budget,Summer,609.67,2346.43,1668.01,303.3,199.08
1,2,24.1,car,Mid,Festival_Peak,679.87,3563.36,2728.75,194.88,162.28
4,5,21.68,train,Budget,Winter_Picnic,465.47,13502.01,10480.76,3308.06,0.0
4,2,49.31,car,Premium,Festival_Peak,1207.21,21041.96,19564.21,1110.52,173.36
1,4,85.31,car,Mid,Winter_Picnic,1435.5,4536.44,3598.09,246.2,197.89
1,1,56.42,car,Budget,Summer,886.93,1215.68,561.16,57.44,160.71
1,3,15.66,auto,Premium,Winter_Picnic,420.0,12449.45,5708.83,411.38,123.85
1,5,74.84,bike,Budget,Festival_Peak,1740.11,6513.84,1588.23,939.98,0.0
4,1,95.91,car,Budget,Winter_Picnic,1813.9,4643.61,1895.61,266.66,182.39
2,6,22.73,bike,Mid,Summer,542.51,6424.58,10087.0,670.19,0.0
2,2,67.89,car,Mid,Summer,934.78,1760.73,3552.41,491.45,197.33
2,5,38.2,auto,Mid,Winter_Picnic,1648.84,12090.03,7535.8,667.38,116.96
1,3,108.09,car,Budget,Monsoon,1223.51,2314.37,658.65,302.42,196.06
1,2,97.02,bike,Budget,Winter_Picnic,701.0,2386.23,793.26,271.57,0.0
3,1,40.06,train,Budget,Monsoon,107.93,2118.62,895.69,416.9,0.0
6,2,71.83,bus,Budget,Summer,429.24,4686.59,3670.12,538.72,0.0
4,1,106.74,bike,Budget,Festival_Peak,822.91,3080.67,1827.2,236.39,0.0
1,1,42.04,auto,Mid,Winter_Picnic,947.4,3911.06,860.06,166.52,210.97
5,1,24.33,car,Premium,Festival_Peak,585.71,23162.56,10112.68,994.39,68.42
4,2,85.34,bike,Budget,Summer,471.6,2999.36,2131.02,1150.35,0.0
4,4,26.05,auto,Budget,Festival_Peak,1551.09,7778.26,6982.01,3009.61,162.59
2,1,38.58,auto,Mid,Summer,744.14,2526.85,1281.65,265.45,86.27
2,1,106.74,train,Mid,Monsoon,213.79,2406.3,881.33,231.12,0.0
2,3,71.21,bus,Premium,Festival_Peak,727.24,16116.23,10481.14,609.19,0.0
1,1,32.12,car,Budget,Winter_Picnic,702.52,1661.51,311.79,93.04,91.99
1,1,30.78,car,Budget,Summer,560.43,1153.64,275.41,55.56,135.6
1,1,27.34,train,Mid,Festival_Peak,161.69,3891.12,808.72,197.63,0.0
2,5,22.12,train,Mid,Winter_Picnic,304.47,9659.53,8828.8,1382.25,0.0
3,4,27.92,train,Mid,Festival_Peak,378.09,12554.34,16785.25,3120.91,0.0
2,2,70.38,bike,Mid,Winter_Picnic,422.86,3486.28,3035.52,380.24,0.0
1,3,24.21,bike,Budget,Winter_Picnic,471.28,4005.19,1030.56,237.42,0.0
6,2,41.75,car,Mid,Summer,708.47,12038.15,8630.06,1182.82,127.64
6,3,35.93,car,Mid,Summer,729.02,23912.15,13054.3,2179.51,201.5
4,3,200.15,bike,Budget,Winter_Picnic,2796.45,6408.3,6283.13,1839.66,0.0
7,3,39.79,bike,Mid,Winter_Picnic,744.61,50615.73,15740.77,1089.02,0.0
2,2,21.64,bus,Mid,Monsoon,188.14,2204.84,3343.07,393.6,0.0
6,1,23.52,bus,Budget,Summer,104.03,7403.81,1248.5,417.97,0.0
1,2,51.06,auto,Budget,Summer,1066.86,1690.96,597.91,293.18,191.98
2,4,52.61,bus,Budget,Festival_Peak,786.87,4438.41,2953.42,1725.43,0.0
1,3,38.18,car,Budget,Winter_Picnic,759.46,2985.57,1137.9,496.89,167.76
1,4,36.59,bus,Mid,Winter_Picnic,552.34,4740.21,2985.94,205.14,0.0
1,6,27.19,car,Mid,Festival_Peak,1330.08,11065.92,6220.74,423.41,125.85
3,1,53.99,bike,Budget,Winter_Picnic,388.79,3810.0,943.36,499.38,0.0
4,3,39.91,car,Budget,Festival_Peak,985.36,6180.41,6219.42,1319.66,108.89
3,3,12.4,car,Premium,Summer,290.75,20083.45,10828.99,1050.41,94.95
1,6,10.79,car,Budget,Monsoon,546.33,4801.74,2279.9,772.42,185.69
4,6,15.82,bike,Budget,Summer,440.91,13220.03,10182.24,1610.53,0.0
3,3,12.08,train,Budget,Winter_Picnic,210.32,4719.91,2799.32,683.44,0.0
2,1,58.01,auto,Mid,Festival_Peak,1390.85,4596.49,2511.21,442.54,129.92
3,4,32.0,bike,Budget,Winter_Picnic,457.54,4987.04,6715.24,1359.42,0.0
1,1,32.77,car,Mid,Summer,651.97,3022.67,706.5,148.73,89.55
2,4,17.89,car,Budget,Winter_Picnic,486.58,1716.18,4570.56,521.2,149.88
5,5,155.46,car,Budget,Winter_Picnic,5724.17,15017.38,6279.9,3755.37,223.17
1,2,101.94,bus,Budget,Monsoon,408.7,877.29,472.71,215.71,0.0
2,3,32.99,car,Mid,Winter_Picnic,641.96,6459.4,5990.84,834.46,84.88
5,2,39.64,car,Mid,Festival_Peak,870.29,11591.25,7294.06,2035.12,101.32
3,2,33.8,car,Budget,Festival_Peak,823.28,2738.86,2631.87,1148.99,65.02
1,2,45.65,bike,Budget,Winter_Picnic,301.52,1721.57,783.97,263.77,0.0
1,4,19.78,car,Mid,Summer,373.58,5282.69,2780.34,349.22,54.5
1,5,57.31,bus,Mid,Monsoon,722.85,6662.42,3965.57,240.19,0.0
3,5,49.63,bike,Budget,Winter_Picnic,1323.71,8985.66,8000.98,2573.74,0.0
2,1,112.98,car,Mid,Winter_Picnic,1838.77,3218.12,1972.34,115.77,174.82
1,4,21.72,train,Budget,Summer,246.19,1973.59,1387.43,561.52,0.0
6,3,91.04,auto,Budget,Summer,1650.36,15006.35,5367.16,1525.35,178.79
2,2,80.79,car,Budget,Festival_Peak,2007.87,1285.96,1841.76,767.33,143.51
1,1,12.16,train,Mid,Festival_Peak,64.88,4356.07,980.4,194.37,0.0
2,2,28.08,bike,Budget,Winter_Picnic,255.48,1785.7,1797.03,881.76,0.0
3,5,13.84,bike,Mid,Monsoon,293.17,10369.91,9069.4,665.2,0.0
1,3,18.4,bus,Mid,Monsoon,196.07,5461.55,1572.36,153.83,0.0
1,3,20.95,bus,Mid,Monsoon,181.01,4873.57,1578.57,330.46,0.0
4,2,46.35,car,Budget,Winter_Picnic,832.44,2836.12,2636.25,1040.58,132.52
2,3,33.28,car,Budget,Monsoon,498.46,2633.21,1089.42,534.26,171.42
2,1,157.55,bus,Premium,Festival_Peak,751.4,7346.31,5366.0,424.99,0.0
2,2,17.2,car,Mid,Festival_Peak,469.03,2947.19,2882.12,450.36,98.47
1,3,171.25,auto,Mid,Summer,2631.78,5617.82,2423.73,378.71,192.09
1,1,27.71,bike,Budget,Winter_Picnic,237.77,1832.19,386.93,55.1,0.0
2,4,88.86,car,Budget,Winter_Picnic,1550.85,3037.1,4563.61,386.7,206.55
1,1,37.19,bus,Mid,Festival_Peak,186.86,4601.01,1201.75,90.81,0.0
1,3,17.87,bus,Budget,Festival_Peak,326.41,4601.55,1320.11,406.94,0.0
4,2,104.03,train,Mid,Monsoon,327.01,6538.17,4900.88,447.69,0.0
7,3,35.92,bus,Budget,Monsoon,332.49,12140.75,5355.75,2801.52,0.0
4,1,67.96,car,Budget,Winter_Picnic,1605.55,3132.08,1497.49,348.94,156.34
4,1,55.94,car,Budget,Winter_Picnic,1020.08,3600.87,2280.78,179.68,110.69
1,5,51.14,bus,Budget,Monsoon,502.2,3167.56,1378.45,233.47,0.0
6,2,53.22,car,Budget,Winter_Picnic,924.38,5796.51,6866.27,738.02,150.65
1,4,75.87,car,Mid,Winter_Picnic,1362.22,7950.84,4488.68,341.67,143.71
6,6,17.73,bike,Budget,Summer,373.08,13726.7,16318.15,2575.34,0.0
7,1,67.47,train,Budget,Festival_Peak,258.49,10401.24,3149.73,1231.68,0.0
3,2,123.13,car,Premium,Monsoon,1660.75,7740.62,7151.96,260.79,250.45
7,3,7.79,auto,Mid,Winter_Picnic,233.51,29991.38,18483.23,1012.58,131.75
3,6,31.66,car,Budget,Winter_Picnic,1217.8,11529.83,4547.61,1121.17,145.38
1,5,65.4,car,Mid,Summer,2043.62,9128.64,4850.05,374.29,175.43
2,2,40.28,auto,Premium,Winter_Picnic,1016.42,6523.9,7649.27,245.8,142.78
3,4,45.69,bus,Budget,Winter_Picnic,683.61,5389.01,4514.01,830.75,0.0
1,1,16.13,auto,Budget,Festival_Peak,477.67,1356.42,419.25,189.17,169.04
3,6,46.34,bike,Mid,Summer,645.23,10942.24,14530.02,1163.66,0.0
7,6,13.74,car,Budget,Winter_Picnic,804.73,32410.28,19035.78,7576.75,48.9
1,1,42.04,car,Mid,Winter_Picnic,729.24,3313.13,874.41,153.5,197.26
4,2,73.45,train,Premium,Winter_Picnic,297.92,17147.04,13973.86,531.21,0.0
5,1,25.72,bus,Premium,Festival_Peak,203.94,32025.3,13013.77,971.96,0.0
6,2,41.96,train,Budget,Monsoon,186.51,2888.37,2534.97,897.61,0.0
6,4,242.23,bike,Budget,Summer,1517.17,15268.52,10886.1,2940.53,0.0
2,2,77.12,bike,Premium,Winter_Picnic,579.14,5587.55,7118.08,567.66,0.0
6,1,90.15,car,Mid,Monsoon,1208.38,10391.56,4321.11,413.97,193.16
4,2,43.63,auto,Budget,Festival_Peak,1286.86,3137.38,2952.12,1191.85,94.91
1,6,71.75,bus,Mid,Winter_Picnic,1505.32,11910.05,4587.93,850.66,0.0
2,3,7.46,car,Budget,Winter_Picnic,343.42,2566.81,3432.69,543.35,143.81
3,2,13.01,train,Budget,Festival_Peak,145.23,2668.25,1878.52,452.07,0.0
1,1,34.52,auto,Premium,Winter_Picnic,718.8,7069.73,1874.67,119.1,123.4
3,6,46.95,car,Budget,Winter_Picnic,1917.61,11365.53,10115.32,3202.37,170.74
3,4,92.99,car,Budget,Monsoon,1154.75,5177.57,3166.3,654.65,148.12
1,2,27.36,auto,Budget,Summer,619.0,1590.07,715.82,298.47,172.63
3,1,57.65,car,Mid,Monsoon,711.95,3601.69,1776.33,319.61,208.45
4,1,70.91,car,Budget,Winter_Picnic,1290.89,7046.6,1524.2,875.66,100.83
2,1,56.1,car,Mid,Winter_Picnic,1087.3,3157.32,2254.01,269.91,149.27
1,3,29.32,auto,Mid,Summer,498.69,6524.52,2206.58,119.24,160.52
1,5,58.86,bike,Mid,Winter_Picnic,1050.7,6983.0,5027.18,456.63,0.0
2,2,30.04,car,Budget,Summer,606.93,928.83,1349.27,481.45,76.47
5,4,27.38,auto,Mid,Festival_Peak,1485.59,29082.95,17368.42,1664.3,134.95
1,2,240.17,bike,Budget,Monsoon,1338.16,1174.19,780.32,176.04,0.0
3,3,19.85,auto,Mid,Festival_Peak,623.03,12638.34,9455.11,1135.44,181.99
1,3,24.18,auto,Budget,Winter_Picnic,810.84,4794.36,1717.11,481.57,170.73
2,1,116.22,auto,Budget,Winter_Picnic,2152.11,1991.02,680.38,287.08,238.44
4,2,26.98,bike,Mid,Summer,197.43,11729.45,5872.36,688.74,0.0
3,3,59.07,car,Budget,Festival_Peak,1493.69,10499.39,3119.31,2178.55,212.07
1,1,41.67,car,Budget,Summer,630.45,1158.88,302.32,117.72,94.76
2,2,30.65,car,Budget,Winter_Picnic,737.51,2027.0,1776.59,501.3,73.67
1,2,19.52,bus,Mid,Festival_Peak,213.06,5803.04,2879.41,479.04,0.0
2,6,32.99,car,Budget,Festival_Peak,1692.08,3855.38,5354.96,1739.51,84.07
3,2,44.82,car,Budget,Winter_Picnic,899.87,3714.38,2711.32,1110.19,150.59
1,4,77.78,bus,Budget,Festival_Peak,1442.84,2068.38,1779.82,315.08,0.0
1,2,55.63,car,Mid,Winter_Picnic,1085.66,3061.22,2318.45,154.2,177.62
2,4,145.02,car,Budget,Summer,1890.83,2052.16,3582.24,262.64,178.91
5,3,8.93,car,Budget,Summer,233.49,9663.47,4541.12,2075.99,42.41
7,4,48.24,car,Budget,Summer,792.34,12065.6,5687.85,3627.02,81.38
1,2,60.06,bus,Budget,Summer,286.5,1214.24,713.61,93.54,0.0
4,3,120.64,bike,Mid,Winter_Picnic,1916.99,16328.57,10918.24,849.43,0.0
2,3,10.72,auto,Mid,Winter_Picnic,276.31,7119.41,6041.72,229.33,70.86
2,2,43.59,auto,Mid,Monsoon,881.65,2811.97,2121.92,263.59,106.76
4,1,103.35,auto,Budget,Festival_Peak,2238.28,3841.85,1139.72,799.65,176.8
5,1,35.2,auto,Premium,Summer,890.07,26414.73,8462.01,480.91,134.52
6,1,112.46,car,Budget,Festival_Peak,2227.96,6061.53,3635.1,447.09,143.01
3,4,25.51,bus,Premium,Festival_Peak,334.07,26199.45,26144.74,1808.29,0.0
2,1,65.59,bus,Budget,Festival_Peak,225.43,2328.58,722.21,328.19,0.0
4,1,144.77,auto,Mid,Festival_Peak,3093.74,11168.8,2881.99,631.56,149.14
1,3,69.46,train,Budget,Summer,401.25,2427.52,1204.73,288.47,0.0
3,2,37.3,car,Budget,Winter_Picnic,909.0,3627.28,2216.21,332.28,105.74
2,2,26.54,auto,Mid,Summer,485.2,2262.07,2933.94,557.39,60.74
3,1,124.48,bus,Mid,Summer,393.56,6518.69,2192.65,406.52,0.0
1,5,51.38,car,Premium,Winter_Picnic,1962.39,15215.68,7595.27,583.44,128.98
1,4,23.94,car,Mid,Monsoon,426.77,5445.88,3202.19,433.96,181.37
5,4,72.83,bike,Mid,Festival_Peak,1231.43,34998.88,31384.09,4360.58,0.0
1,2,45.86,car,Budget,Festival_Peak,1037.54,1505.36,723.94,311.09,185.05
2,4,13.38,bus,Premium,Summer,321.06,10800.97,14515.87,909.33,0.0
1,1,26.49,car,Mid,Winter_Picnic,615.04,4210.62,803.59,52.59,113.59
1,1,15.14,car,Mid,Winter_Picnic,399.6,3694.68,865.41,52.46,145.46
1,1,59.27,car,Budget,Festival_Peak,1361.25,1461.6,407.78,188.96,98.11
1,3,63.94,bus,Mid,Winter_Picnic,749.93,4424.0,2767.02,211.71,0.0
4,2,54.92,auto,Premium,Summer,873.66,14917.73,11261.1,1176.0,196.69
1,2,81.74,car,Budget,Summer,1516.05,981.23,773.3,103.39,169.47
6,1,109.98,bike,Budget,Summer,507.13,3742.76,1337.86,801.28,0.0
3,2,66.8,car,Budget,Festival_Peak,1599.3,2186.64,3020.32,871.51,142.53
2,3,21.36,car,Mid,Monsoon,454.7,5037.3,5495.04,839.15,192.73
3,2,61.07,bike,Budget,Monsoon,348.51,2219.95,1534.88,327.42,0.0
2,3,30.98,car,Budget,Festival_Peak,791.58,3061.04,3144.67,371.03,109.24
4,1,42.93,car,Budget,Festival_Peak,945.81,3249.99,1164.28,718.79,72.08
1,4,64.7,bike,Mid,Festival_Peak,1009.28,7435.06,4634.45,578.35,0.0
2,3,37.0,car,Budget,Winter_Picnic,704.95,2384.17,2750.18,610.73,115.53
5,1,136.79,bike,Budget,Winter_Picnic,878.73,4518.92,1913.88,716.84,0.0
6,1,19.43,car,Premium,Winter_Picnic,540.04,34010.76,12560.02,1059.97,148.15
5,3,61.73,auto,Premium,Monsoon,1098.46,52987.93,23012.81,500.3,141.18
2,4,17.69,car,Budget,Winter_Picnic,481.68,3907.92,3610.9,1127.4,156.56
4,2,137.87,bus,Mid,Monsoon,788.78,7625.95,6540.43,769.39,0.0
2,2,29.11,car,Mid,Summer,489.8,3420.78,2863.5,355.09,84.03
2,4,25.55,bike,Budget,Festival_Peak,409.52,4420.23,3614.48,1069.65,0.0
1,3,31.76,train,Budget,Summer,247.3,2345.89,996.06,492.15,0.0
3,2,38.75,car,Mid,Festival_Peak,832.78,7294.34,6166.83,686.68,199.7
1,2,32.98,bike,Budget,Summer,187.66,1454.52,537.14,110.15,0.0
2,1,54.4,bus,Budget,Summer,150.12,848.01,678.08,128.14,0.0
4,3,35.66,auto,Mid,Winter_Picnic,879.41,19028.04,10482.29,573.09,202.98
1,2,9.96,car,Mid,Winter_Picnic,391.2,3536.98,1385.86,221.89,97.44
1,6,22.33,car,Mid,Winter_Picnic,1181.53,9155.15,4477.05,821.43,141.38
1,2,94.2,car,Budget,Festival_Peak,1650.8,2086.0,594.67,164.41,191.4
6,2,59.88,bus,Mid,Monsoon,445.18,14543.69,7391.66,1310.27,0.0
2,3,67.95,car,Budget,Festival_Peak,1401.31,3548.44,1692.31,646.6,96.67
2,5,64.85,bike,Mid,Monsoon,924.02,7178.55,6927.68,1109.26,0.0
4,4,32.97,train,Mid,Festival_Peak,411.23,21819.78,20943.1,2480.12,0.0
4,2,17.68,train,Mid,Summer,160.47,7498.13,4094.28,1054.74,0.0
2,3,32.81,car,Budget,Festival_Peak,913.96,3212.09,2711.98,929.47,138.32
3,3,86.33,car,Mid,Winter_Picnic,1266.36,10053.36,7914.75,644.54,226.58
4,2,184.59,bike,Premium,Monsoon,710.07,12892.79,10314.53,867.1,0.0
3,1,45.63,bus,Mid,Festival_Peak,217.66,5156.31,3175.04,469.8,0.0
1,2,12.18,bike,Budget,Summer,95.58,1060.32,677.56,189.41,0.0
5,1,17.71,bike,Mid,Summer,220.51,12849.99,4611.06,660.68,0.0
2,5,23.83,car,Budget,Festival_Peak,1420.31,3866.08,5137.64,1004.72,151.73
1,2,61.8,bike,Premium,Monsoon,183.56,4227.54,2944.6,185.97,0.0
2,5,22.35,bike,Mid,Summer,377.38,7726.84,7995.56,1318.17,0.0
1,2,136.63,car,Budget,Winter_Picnic,3252.07,1385.41,724.69,424.55,234.3
1,3,26.74,bike,Budget,Festival_Peak,527.1,2762.82,1634.48,172.81,0.0
4,2,134.17,bike,Budget,Monsoon,681.07,3772.55,2131.27,708.53,0.0
1,1,86.87,bike,Premium,Winter_Picnic,554.64,4907.24,1482.73,118.21,0.0
2,2,76.72,auto,Budget,Winter_Picnic,1629.26,1077.88,1563.1,332.38,124.44
2,1,61.03,car,Mid,Festival_Peak,1032.56,2806.83,1695.48,263.84,159.23
1,3,64.48,bus,Premium,Festival_Peak,637.29,16125.63,6116.16,211.9,0.0
6,2,66.32,car,Budget,Winter_Picnic,1345.56,4426.23,6790.47,1034.87,179.62
1,4,59.14,car,Budget,Winter_Picnic,990.56,3241.95,1776.88,610.68,212.07
2,1,49.9,bike,Mid,Summer,250.0,3166.18,1011.54,151.2,0.0
2,1,198.66,bike,Mid,Monsoon,1077.58,1990.38,1744.84,158.84,0.0
1,2,82.83,auto,Budget,Winter_Picnic,1730.49,956.83,1080.68,279.0,195.69
1,5,84.58,car,Budget,Festival_Peak,3885.17,4675.74,4012.9,732.42,107.17
3,3,101.73,car,Mid,Winter_Picnic,1605.08,15912.54,10151.11,625.9,126.72
6,2,34.32,car,Premium,Monsoon,540.3,23365.46,16803.62,415.85,77.47
1,2,27.24,auto,Budget,Winter_Picnic,694.41,1178.91,882.13,351.38,188.98
3,1,54.46,bike,Budget,Winter_Picnic,400.78,3003.39,914.69,528.69,0.0
3,6,54.96,bus,Budget,Winter_Picnic,1147.64,7537.23,7893.76,2414.21,0.0
4,3,104.48,auto,Mid,Winter_Picnic,1934.28,14965.96,10577.73,2220.04,213.95
2,2,36.29,car,Budget,Winter_Picnic,805.97,1619.5,1638.39,520.28,166.1
2,3,59.91,car,Premium,Summer,910.75,10746.22,11968.24,568.14,142.64
2,1,55.16,car,Budget,Festival_Peak,1230.72,1525.37,1160.77,152.32,87.89
3,6,11.37,train,Premium,Winter_Picnic,395.06,29931.83,37149.07,2630.27,0.0
4,1,49.95,train,Mid,Summer,191.7,8318.65,2462.72,188.1,0.0
1,3,103.81,car,Mid,Summer,1373.65,6152.9,1883.03,374.6,254.03
2,1,18.63,car,Budget,Festival_Peak,617.51,2251.32,876.32,263.93,67.51
5,3,63.02,auto,Mid,Festival_Peak,1522.56,23183.23,19553.98,2977.42,99.07
4,4,45.6,train,Budget,Summer,440.31,5699.31,3990.51,1611.52,0.0
7,3,13.49,car,Budget,Monsoon,332.31,12364.75,5424.02,1822.49,73.45
4,3,20.25,bike,Budget,Monsoon,217.85,5103.95,2622.78,384.93,0.0
2,4,185.93,car,Mid,Summer,2364.22,4779.15,7719.37,829.37,275.39
3,1,41.32,bike,Mid,Winter_Picnic,289.85,8295.37,1955.22,113.59,0.0
3,2,27.92,car,Mid,Winter_Picnic,502.5,7161.0,5287.72,644.45,98.99
1,1,15.01,car,Mid,Winter_Picnic,444.46,3211.03,1219.73,59.22,107.55
2,6,57.82,auto,Budget,Winter_Picnic,2820.59,4427.15,5414.27,1835.1,110.17
3,2,55.07,bike,Mid,Monsoon,171.27,3439.33,4084.01,172.27,0.0
1,3,55.13,train,Mid,Monsoon,390.94,4263.97,1991.78,359.25,0.0
4,3,24.99,bus,Mid,Summer,324.39,11913.14,10902.41,847.74,0.0
3,1,114.12,bus,Mid,Monsoon,222.18,5622.83,1305.46,109.91,0.0
6,1,29.06,auto,Premium,Monsoon,511.66,23308.88,6205.9,669.21,83.47
1,2,31.61,bus,Premium,Winter_Picnic,257.49,7026.28,3058.56,340.38,0.0
1,2,34.74,car,Mid,Festival_Peak,1078.77,5510.05,2541.02,163.3,203.7
3,1,29.83,auto,Budget,Winter_Picnic,766.19,2715.21,1385.87,239.42,175.23
1,1,99.43,bike,Mid,Festival_Peak,552.24,2998.36,934.12,182.0,0.0
3,4,141.38,auto,Mid,Winter_Picnic,6492.71,12586.4,13611.78,1164.75,214.64
4,6,39.77,bike,Budget,Winter_Picnic,765.82,13785.99,9084.14,2505.81,0.0
1,2,111.28,train,Budget,Summer,483.48,1349.08,573.22,340.04,0.0
2,2,80.13,bike,Budget,Festival_Peak,631.75,1784.67,1296.62,827.25,0.0
2,1,130.64,car,Mid,Monsoon,1722.75,3447.37,991.54,301.89,140.23
2,3,28.67,car,Budget,Summer,498.89,1792.82,1503.91,758.42,127.98
5,4,58.15,auto,Budget,Summer,2220.71,6639.76,8372.58,2090.29,202.87
4,1,39.31,car,Mid,Festival_Peak,1029.37,16949.94,6328.38,1004.16,184.29
3,1,85.83,bike,Mid,Festival_Peak,703.83,6384.53,3138.71,235.35,0.0
3,4,6.23,bus,Budget,Winter_Picnic,185.44,5021.95,5304.19,1598.49,0.0
2,3,56.33,auto,Budget,Winter_Picnic,1187.6,2744.94,1901.13,326.71,107.39
5,1,40.29,car,Premium,Winter_Picnic,818.81,25032.15,10266.44,465.07,152.36
3,3,39.46,car,Mid,Festival_Peak,949.58,11634.83,11889.8,880.15,158.24
3,2,65.16,bus,Budget,Winter_Picnic,400.15,3100.47,2700.75,791.03,0.0
4,2,109.9,bus,Premium,Festival_Peak,596.53,28364.21,16385.4,751.86,0.0
1,4,57.5,car,Budget,Summer,797.74,1386.63,1261.56,411.0,163.57
4,4,109.61,auto,Premium,Summer,3448.51,39007.9,19235.02,530.73,250.19
1,2,38.19,car,Budget,Festival_Peak,809.06,1136.3,683.76,419.49,106.6
2,5,54.93,bus,Budget,Monsoon,575.45,2525.58,2964.71,260.58,0.0
2,2,38.14,bus,Budget,Festival_Peak,276.23,1706.99,2074.07,568.13,0.0
6,4,9.45,bike,Budget,Winter_Picnic,171.67,12502.18,7545.89,1726.68,0.0
4,2,52.58,auto,Mid,Festival_Peak,1718.86,13317.02,12511.21,707.22,143.67
3,4,62.81,bus,Mid,Summer,596.59,8072.55,9566.88,1383.24,0.0
3,5,62.89,car,Mid,Winter_Picnic,2684.73,14934.99,13266.28,2405.38,164.72
3,1,66.98,auto,Budget,Winter_Picnic,1293.53,3274.03,1177.89,391.13,225.07
6,5,48.27,car,Budget,Winter_Picnic,1844.53,19001.9,11300.54,4425.16,167.76
2,4,23.14,car,Budget,Winter_Picnic,486.78,2776.36,4539.75,1462.55,95.14
2,4,12.47,train,Budget,Festival_Peak,302.93,2681.81,6320.52,985.16,0.0
1,1,52.25,car,Mid,Winter_Picnic,995.71,2517.95,1137.05,51.44,192.37
4,4,27.21,auto,Budget,Summer,973.8,7391.17,3250.45,1935.92,80.5
3,4,21.19,bike,Mid,Festival_Peak,361.1,11587.18,12158.24,1322.02,0.0
2,2,33.43,bike,Mid,Summer,233.32,2737.97,3698.94,415.66,0.0
1,5,58.58,car,Budget,Summer,1944.9,5303.14,2151.49,829.86,133.97
4,1,31.89,car,Mid,Monsoon,511.62,4511.79,2019.28,104.63,148.96
1,1,80.69,auto,Budget,Festival_Peak,2552.12,1751.89,901.88,182.67,135.52
3,2,60.81,car,Budget,Summer,1029.99,1618.65,1799.29,663.04,193.66
6,3,28.71,car,Mid,Summer,630.54,21704.02,19431.56,1739.56,91.43
2,3,71.11,auto,Mid,Festival_Peak,1488.28,5426.71,5225.54,1243.43,185.47
1,1,52.15,auto,Budget,Festival_Peak,1343.85,1430.47,479.41,147.78,108.23
3,6,61.3,train,Mid,Monsoon,930.8,15213.8,16664.45,1790.32,0.0
4,1,43.42,auto,Budget,Winter_Picnic,900.08,3504.81,1133.83,255.58,176.56
2,1,13.35,bus,Mid,Festival_Peak,83.07,3831.05,2316.75,202.01,0.0
6,1,70.44,car,Mid,Monsoon,995.56,11907.56,4101.68,398.65,129.49
1,3,31.74,bus,Mid,Festival_Peak,314.39,5302.36,3622.15,171.54,0.0
2,5,137.11,bus,Mid,Winter_Picnic,1857.04,7446.73,8816.15,1605.31,0.0
3,3,97.16,car,Mid,Winter_Picnic,2024.18,10199.19,7915.16,1600.73,213.04
4,4,63.81,bus,Budget,Winter_Picnic,873.8,11467.32,5008.42,728.35,0.0
1,1,20.09,train,Budget,Winter_Picnic,116.97,1394.42,457.28,94.51,0.0
4,2,18.36,car,Premium,Monsoon,281.51,10280.85,12373.45,864.83,138.98
3,2,42.92,auto,Budget,Winter_Picnic,1013.56,2423.67,3328.92,451.3,104.15
2,2,34.89,auto,Mid,Monsoon,525.99,2825.93,3811.2,181.43,62.12
1,1,40.35,bus,Mid,Winter_Picnic,185.84,2629.05,704.13,50.19,0.0
4,3,37.65,car,Mid,Monsoon,619.48,12290.9,9835.87,1754.64,125.25
1,2,30.61,bike,Mid,Festival_Peak,267.4,3839.86,2727.26,222.39,0.0
2,4,182.31,bike,Mid,Summer,1599.93,5208.08,7265.49,700.69,0.0
1,2,28.91,car,Mid,Winter_Picnic,614.18,3149.93,1572.03,247.71,167.31
5,1,132.27,auto,Mid,Summer,2310.63,11246.95,3620.05,303.71,225.96
